fold,row_index
0,1893
0,6611
0,2921
0,13394
0,12948
0,1845
0,4263
0,12425
0,4247
0,15745
0,10691
0,1553
0,1972
0,2818
0,9287
0,9699
0,13497
0,13161
0,5093
0,4495
0,2805
0,13855
0,1540
0,142
0,14797
0,14639
0,7492
0,2569
0,7675
0,8457
0,3595
0,4036
0,2919
0,17426
0,15908
0,16110
0,16655
0,6020
0,7852
0,13571
0,14983
0,12104
0,4462
0,2641
0,11107
0,9095
0,13868
0,2285
0,14384
0,2049
0,13697
0,11603
0,8787
0,8761
0,16259
0,7454
0,9030
0,15705
0,7657
0,12545
0,15524
0,9594
0,13695
0,11893
0,14649
0,12282
0,12195
0,5528
0,3861
0,5875
0,1195
0,2760
0,15151
0,5957
0,12962
0,17400
0,6226
0,13642
0,5838
0,4630
0,6530
0,10805
0,11727
0,12979
0,6940
0,3572
0,5502
0,7364
0,8228
0,12105
0,14251
0,14066
0,577
0,13046
0,16103
0,14593
0,1418
0,2084
0,6213
0,2813
0,8892
0,13664
0,13441
0,13675
0,1543
0,10933
0,5833
0,14938
0,6488
0,4700
0,15721
0,9447
0,15215
0,3081
0,11348
0,1483
0,11213
0,13814
0,15839
0,7763
0,16429
0,4585
0,2332
0,14409
0,9652
0,7280
0,13993
0,6768
0,10731
0,8455
0,15030
0,12002
0,6637
0,763
0,12529
0,4030
0,10464
0,11418
0,3158
0,10985
0,8114
0,11829
0,4672
0,5105
0,11205
0,4408
0,17236
0,7180
0,12846
0,15294
0,10005
0,13500
0,12056
0,3253
0,1124
0,5178
0,17425
0,8073
0,6667
0,15217
0,8479
0,13324
0,8486
0,7520
0,10431
0,9692
0,13416
0,4532
0,16326
0,2029
0,60
0,4694
0,2183
0,8732
0,4330
0,2128
0,6737
0,16161
0,9697
0,8309
0,15900
0,9506
0,9627
0,5636
0,3151
0,5816
0,16122
0,4281
0,2071
0,1103
0,6104
0,2791
0,15672
0,1884
0,4040
0,12471
0,16139
0,15784
0,74
0,2632
0,13268
0,8369
0,16536
0,10997
0,12732
0,9661
0,13345
0,15017
0,13068
0,11384
0,2021
0,1603
0,16484
0,16519
0,2474
0,2031
0,812
0,14822
0,8062
0,5076
0,3982
0,489
0,7639
0,15245
0,14106
0,9902
0,1482
0,7655
0,15146
0,16800
0,2111
0,8816
0,11372
0,9243
0,7198
0,7071
0,1050
0,16981
0,11305
0,5651
0,7276
0,9505
0,13942
0,16548
0,6676
0,12398
0,2429
0,8994
0,4938
0,12740
0,16414
0,17208
0,7712
0,17218
0,13505
0,13879
0,12960
0,8031
0,14535
0,16602
0,16989
0,7115
0,9176
0,6279
0,9532
0,15565
0,3882
0,5265
0,12235
0,13280
0,11416
0,7405
0,4595
0,3899
0,3318
0,2200
0,5338
0,159
0,13864
0,8637
0,51
0,2472
0,16482
0,9391
0,8340
0,6260
0,1846
0,7077
0,12048
0,12765
0,183
0,3919
0,12638
0,5206
0,5753
0,5285
0,775
0,13442
0,48
0,13968
0,14046
0,622
0,14564
0,7182
0,15903
0,9560
0,12823
0,16112
0,1078
0,11399
0,4230
0,7027
0,4003
0,16373
0,4612
0,13779
0,11357
0,11732
0,1425
0,4704
0,6023
0,9381
0,17119
0,17266
0,5852
0,15622
0,2357
0,14693
0,2124
0,7842
0,12357
0,6511
0,9823
0,9875
0,6975
0,8406
0,13672
0,14058
0,2959
0,12686
0,14769
0,10231
0,12523
0,10572
0,6046
0,2585
0,16572
0,15688
0,13576
0,6839
0,275
0,12844
0,1172
0,308
0,9992
0,15828
0,16702
0,16709
0,12626
0,5082
0,845
0,760
0,12418
0,2509
0,12598
0,15248
0,3375
0,11251
0,10271
0,8491
0,8380
0,2984
0,16467
0,2767
0,10912
0,8611
0,5772
0,13591
0,974
0,13381
0,127
0,5727
0,14344
0,4288
0,9930
0,3019
0,17347
0,16814
0,14279
0,295
0,7153
0,16569
0,4656
0,16394
0,1534
0,4171
0,4191
0,5815
0,2625
0,13093
0,4399
0,69
0,12661
0,16537
0,11617
0,2759
0,5617
0,4467
0,17278
0,2778
0,6918
0,1427
0,5831
0,335
0,7460
0,16970
0,12601
0,11551
0,7694
0,7049
0,15103
0,2087
0,548
0,15305
0,9429
0,10346
0,14880
0,13925
0,15022
0,12708
0,624
0,14229
0,8505
0,6889
0,15706
0,6292
0,5992
0,10022
0,5982
0,2192
0,3719
0,12173
0,11103
0,9757
0,15743
0,4172
0,5044
0,14525
0,17323
0,3634
0,7046
0,15470
0,2052
0,2972
0,6916
0,4872
0,9782
0,7824
0,4476
0,10668
0,1727
0,16209
0,13662
0,488
0,3474
0,9227
0,7057
0,6704
0,15988
0,13402
0,3921
0,13609
0,14980
0,11540
0,9559
0,292
0,14249
0,3998
0,5225
0,7259
0,11716
0,14658
0,11091
0,10270
0,1392
0,12419
0,8108
0,5291
0,11193
0,6245
0,14923
0,5943
0,663
0,7695
0,654
0,14541
0,10894
0,8074
0,9122
0,9529
0,6195
0,17418
0,6503
0,7905
0,8711
0,16466
0,610
0,9253
0,980
0,9423
0,16222
0,12
0,10109
0,12753
0,2190
0,3959
0,2007
0,1957
0,9650
0,1854
0,9244
0,10813
0,17012
0,12307
0,1889
0,10439
0,15121
0,7406
0,8360
0,7375
0,13430
0,787
0,212
0,5988
0,7479
0,12993
0,15597
0,15574
0,2365
0,12882
0,6878
0,772
0,2724
0,3594
0,499
0,261
0,12863
0,11482
0,9960
0,6323
0,15492
0,11885
0,2384
0,15686
0,1469
0,1881
0,2201
0,2817
0,11080
0,1013
0,11452
0,2393
0,768
0,10357
0,5948
0,737
0,9055
0,5431
0,17155
0,15602
0,12862
0,9596
0,156
0,12123
0,2783
0,11839
0,15611
0,12239
0,13783
0,4026
0,6877
0,3567
0,15003
0,11309
0,4144
0,7645
0,3586
0,6366
0,221
0,9251
0,5778
0,12890
0,1915
0,2214
0,6821
0,9606
0,10916
0,201
0,1182
0,9467
0,15369
0,14723
0,15950
0,15931
0,4853
0,12923
0,154
0,3681
0,1921
0,7564
0,4390
0,841
0,379
0,16
0,15289
0,16041
0,7224
0,10445
0,12291
0,3213
0,5577
0,4018
0,11094
0,8
0,3940
0,2402
0,8273
0,12084
0,3913
0,11056
0,9328
0,13669
0,14189
0,15250
0,5584
0,14377
0,8848
0,11292
0,10828
0,2619
0,15718
0,12791
0,2455
0,5804
0,11266
0,4794
0,13187
0,16239
0,5911
0,8085
0,12511
0,10534
0,7731
0,10495
0,12353
0,8038
0,4891
0,12354
0,4219
0,17331
0,2040
0,7702
0,7038
0,16604
0,9967
0,2272
0,14773
0,3590
0,3265
0,461
0,11769
0,1829
0,380
0,2777
0,13399
0,12877
0,11745
0,8490
0,861
0,1785
0,1933
0,1818
0,5891
0,6549
0,10018
0,5606
0,3480
0,5492
0,11064
0,7825
0,1129
0,11534
0,15438
0,11344
0,223
0,16876
0,124
0,14711
0,578
0,15615
0,13926
0,11280
0,3023
0,10713
0,14819
0,5552
0,3873
0,10652
0,13154
0,8683
0,16422
0,17086
0,14913
0,10714
0,829
0,8089
0,13859
0,6472
0,10160
0,1870
0,11149
0,9308
0,7745
0,5644
0,10584
0,15298
0,11599
0,1479
0,13204
0,1624
0,14397
0,15671
0,1187
0,6199
0,8100
0,10976
0,16877
0,16130
0,7212
0,4395
0,16158
0,6912
0,11206
0,13480
0,14131
0,9535
0,5844
0,17289
0,17071
0,8780
0,14902
0,6571
0,14760
0,11849
0,14140
0,12000
0,15068
0,6925
0,791
0,11899
0,12642
0,4012
0,2976
0,10853
0,1358
0,16079
0,12197
0,2122
0,12499
0,11898
0,632
0,17160
0,6953
0,15873
0,2223
0,11925
0,5640
0,7441
0,13129
0,12938
0,1362
0,7584
0,536
0,44
0,15562
0,5101
0,11405
0,14362
0,17036
0,10708
0,10749
0,14113
0,14081
0,14435
0,13494
0,5625
0,13240
0,9185
0,3198
0,12212
0,5879
0,1179
0,5608
0,16888
0,12943
0,11166
0,16603
0,9644
0,9575
0,6196
0,7100
0,14808
0,11621
0,10485
0,1194
0,16531
0,10438
0,11494
0,11512
0,9049
0,13531
0,1290
0,5897
0,1916
0,4804
0,17196
0,8359
0,15154
0,5501
0,17393
0,1647
0,10435
0,7117
0,15067
0,2709
0,15116
0,12100
0,8790
0,8998
0,4663
0,16010
0,7118
0,7205
0,12936
0,16065
0,9044
0,9398
0,14197
0,4336
0,4114
0,12382
0,10021
0,3314
0,4880
0,3284
0,6738
0,4149
0,11842
0,9854
0,12733
0,15226
0,16684
0,7104
0,16398
0,8426
0,3181
0,10448
0,5249
0,5366
0,888
0,9939
0,8580
0,14709
0,11136
0,12036
0,6753
0,1952
0,12408
0,11307
0,8308
0,6726
0,1018
0,14448
0,15633
0,15554
0,6204
0,9368
0,1835
0,13885
0,11796
0,17032
0,7346
0,15742
0,8213
0,5148
0,503
0,8421
0,2202
0,10733
0,12540
0,4145
0,8646
0,13253
0,16489
0,3382
0,16195
0,10773
0,14768
0,6381
0,103
0,3424
0,15142
0,252
0,1797
0,9862
0,5931
0,11044
0,1583
0,5915
0,9543
0,16198
0,12191
0,1057
0,3780
0,2092
0,8820
0,9093
0,12023
0,4896
0,11956
0,11417
0,7603
0,15285
0,10034
0,15888
0,8687
0,2967
0,12602
0,14313
0,10176
0,4166
0,15921
0,7376
0,2742
0,1645
0,14588
0,10911
0,8923
0,3636
0,7541
0,11262
0,15069
0,6178
0,6718
0,4507
0,4617
0,13397
0,11249
0,5726
0,4431
0,2032
0,15307
0,5212
0,4414
0,2891
0,3239
0,881
0,8535
0,6617
0,12929
0,8198
0,4226
0,18
0,2280
0,2253
0,3432
0,9852
0,952
0,12476
0,8971
0,5218
0,15966
0,7921
0,15040
0,16283
0,8581
0,16822
0,8885
0,3675
0,16827
0,16910
0,7733
0,556
0,4374
0,4298
0,15682
0,16937
0,2085
0,6017
0,6441
0,5459
0,10831
0,7967
0,9897
0,4832
0,7947
0,16563
0,9229
0,1586
0,10459
0,16631
0,16891
0,15360
0,14110
0,4993
0,5659
0,13795
0,16991
0,7218
0,9767
0,5426
0,10966
0,16043
0,1145
0,7343
0,10783
0,3894
0,13228
0,10932
0,17197
0,10892
0,5283
0,14636
0,10703
0,9408
0,2310
0,11625
0,1424
0,5274
0,8268
0,45
0,14683
0,2107
0,10661
0,1143
0,8509
0,8704
0,3492
0,3645
0,832
0,6730
0,10436
0,14718
0,8101
0,6164
0,16780
0,3745
0,3010
0,8606
0,6236
0,11127
0,8770
0,14444
0,15804
0,8528
0,14994
0,11499
0,723
0,5157
0,2400
0,12447
0,10147
0,10208
0,4386
0,2158
0,6111
0,16715
0,13577
0,6271
0,2917
0,15714
0,11826
0,3775
0,13719
0,3410
0,8877
0,5490
0,16461
0,15559
0,7796
0,12973
0,15187
0,989
0,10591
0,6557
0,5818
0,6722
0,449
0,11033
0,12590
0,10727
0,16183
0,9382
0,11121
0,11889
0,14154
0,1235
0,15537
0,9332
0,4434
0,14663
0,5150
0,16747
0,10330
0,7362
0,4084
0,5682
0,10019
0,4025
0,7624
0,16731
0,591
0,4306
0,4244
0,5725
0,4301
0,13920
0,1086
0,11430
0,13740
0,5036
0,3571
0,13384
0,15277
0,5500
0,11130
0,6711
0,11412
0,6150
0,1563
0,11003
0,4266
0,1378
0,1861
0,12549
0,3865
0,15918
0,17442
0,6368
0,7973
0,15150
0,3335
0,13082
0,14350
0,1310
0,6481
0,4308
0,14185
0,15386
0,5961
0,10957
0,13698
0,1191
0,4410
0,10315
0,15792
0,2656
0,5739
0,10672
0,10842
0,16185
0,2060
0,10326
0,752
0,9378
0,17076
0,7261
0,7297
0,12831
0,4425
0,11620
0,8148
0,11401
0,14540
0,9346
0,9817
0,15782
0,7943
0,1995
0,17466
0,13124
0,5616
0,17389
0,13887
0,13774
0,12996
0,7800
0,15436
0,17391
0,766
0,16446
0,14334
0,1956
0,13913
0,13048
0,4816
0,4897
0,10015
0,10178
0,7204
0,12290
0,16947
0,7157
0,10235
0,16015
0,1988
0,4984
0,194
0,17318
0,17360
0,5662
0,3679
0,16495
0,6972
0,8267
0,13122
0,1480
0,2193
0,1799
0,12860
0,10198
0,1707
0,7456
0,13863
0,4123
0,9653
0,13216
0,10871
0,6095
0,6759
0,3585
0,14892
0,3883
0,16874
0,14049
0,3153
0,3725
0,8933
0,17288
0,174
0,2952
0,2238
0,12709
0,8136
0,4840
0,214
0,12038
0,16678
0,424
0,15639
0,12906
0,5118
0,382
0,7882
0,9034
0,13853
0,8304
0,8548
0,3625
0,3908
0,5155
0,14815
0,4771
0,10133
0,16638
0,14130
0,10177
0,575
0,1204
0,11902
0,15591
0,799
0,664
0,13954
0,3840
0,6499
0,16053
0,15583
0,7471
0,14746
0,2212
0,6165
0,10792
0,16509
0,8740
0,2468
0,3639
0,6029
0,3184
0,1328
0,6605
0,13367
0,12603
0,9192
0,14900
0,971
0,9438
0,2663
0,11631
0,5315
0,1003
0,381
0,6976
0,16808
0,3460
0,1746
0,16625
0,7324
0,2907
0,17057
0,15427
0,6498
0,8165
0,9347
0,8316
0,17104
0,11067
0,3148
0,15630
0,1001
0,15916
0,15319
0,5293
0,15954
0,3281
0,7664
0,16950
0,7559
0,16455
0,1334
0,12289
0,16042
0,7977
0,3214
0,13483
0,8590
0,13405
0,10482
0,7901
0,14129
0,4035
0,13776
0,8052
0,14740
0,17115
0,7969
0,10268
0,15580
0,7885
0,7768
0,743
0,9075
0,1298
0,1303
0,6078
0,13826
0,12344
0,13339
0,4692
0,12267
0,5953
0,16658
0,3055
0,7017
0,9129
0,561
0,9087
0,6275
0,9751
0,12146
0,12538
0,6274
0,3126
0,10590
0,714
0,9472
0,6156
0,7368
0,8945
0,16882
0,12352
0,16929
0,14461
0,4857
0,7004
0,13398
0,2573
0,13311
0,2361
0,7159
0,10347
0,402
0,4492
0,7285
0,9426
0,452
0,16593
0,13976
0,17284
0,2525
0,12861
0,7620
0,14363
0,8847
0,1541
0,16438
0,16019
0,519
0,14412
0,16345
0,11302
0,4676
0,15236
0,6948
0,16753
0,15185
0,6575
0,15371
0,12437
0,11090
0,15728
0,1156
0,14172
0,8383
0,11476
0,10452
0,16370
0,4750
0,6126
0,13326
0,5563
0,7582
0,3030
0,12978
0,5437
0,7798
0,17486
0,8655
0,233
0,2108
0,2956
0,9997
0,15461
0,1554
0,7168
0,808
0,5244
0,1495
0,10829
0,13004
0,13224
0,651
0,4019
0,15640
0,12122
0,6544
0,2055
0,930
0,3374
0,1819
0,14956
0,11959
0,15295
0,10004
0,9324
0,65
0,16002
0,17474
0,13513
0,12775
0,12114
0,4900
0,16451
0,10280
0,15070
0,1658
0,12774
0,7378
0,10354
0,4773
0,5120
0,2734
0,6669
0,8648
0,13284
0,1460
0,3849
0,3943
0,5508
0,554
0,7302
0,13507
0,13916
0,10531
0,12132
0,3017
0,2535
0,8247
0,7653
0,9453
0,16542
0,629
0,6261
0,3793
0,7082
0,16460
0,1781
0,3257
0,6005
0,13835
0,14335
0,431
0,4502
0,10973
0,14293
0,4091
0,6086
0,3970
0,14037
0,641
0,10766
0,6700
0,14504
0,6376
0,3546
0,7269
0,14211
0,14949
0,2763
0,14873
0,9004
0,9351
0,2769
0,230
0,8167
0,15388
0,11701
0,11526
0,13540
0,4919
0,8557
0,8842
0,13726
0,4725
0,7435
0,3358
0,12303
0,1748
0,14405
0,3932
0,9262
0,12182
0,13854
0,9918
0,16737
0,13460
0,12343
0,507
0,14371
0,14522
0,5297
0,8779
0,17406
0,8134
0,4951
0,9077
0,6183
0,6875
0,5122
0,14157
0,17433
0,13851
0,13599
0,740
0,9296
0,278
0,9342
0,12966
0,9258
0,16408
0,5808
0,5187
0,1096
0,13083
0,16440
0,9915
0,3599
0,9018
0,5880
0,13222
0,5874
0,17000
0,12257
0,11339
0,3435
0,9179
0,7030
0,2553
0,7894
0,5463
0,11828
0,88
0,5806
0,3641
0,7086
0,14481
0,3147
0,2185
0,12241
0,6201
0,6710
0,11764
0,3782
0,7537
0,17383
0,486
0,5933
0,11550
0,14043
0,9101
0,16787
0,6203
0,5518
0,9160
0,4809
0,16264
0,4384
0,13060
0,3161
0,12987
0,369
0,7219
0,1984
0,15748
0,9835
0,12762
0,11850
0,5715
0,7723
0,9206
0,6804
0,2610
0,15481
0,15661
0,10812
0,15717
0,3514
0,342
0,4313
0,4837
0,8570
0,12237
0,16024
0,10560
0,6378
0,11571
0,8139
0,12222
0,15284
0,5938
0,13514
0,7685
0,10047
0,3321
0,14734
0,11265
0,9785
0,15526
0,14592
0,6232
0,6526
0,15322
0,9670
0,496
0,4422
0,14533
0,4755
0,3974
0,13489
0,4954
0,11201
0,15160
0,14690
0,1847
0,4066
0,10299
0,406
0,7010
0,7863
0,12463
0,8451
0,7239
0,3120
0,7475
0,11060
0,8375
0,1514
0,9256
0,17069
0,2749
0,16811
0,7029
0,7506
0,8896
0,10722
0,12434
0,2359
0,7175
0,4946
0,13871
0,7660
0,1569
0,16566
0,4133
0,12826
0,7911
0,3020
0,15953
0,4293
0,16478
0,5168
0,11985
0,9983
0,5344
0,6155
0,1353
0,9451
0,713
0,15958
0,13817
0,8227
0,16028
0,14687
0,2491
0,16645
0,7952
0,5762
0,1274
0,4707
0,11824
0,5211
0,7811
0,13638
0,5849
0,217
0,13739
0,14302
0,3807
0,16308
0,11413
0,7618
0,15945
0,6491
0,10586
0,7076
0,6391
0,4691
0,16050
0,4602
0,13691
0,8332
0,7330
0,1017
0,15312
0,10212
0,4711
0,9214
0,15732
0,168
0,2702
0,5557
0,8193
0,14280
0,9078
0,9732
0,1476
0,10012
0,13038
0,5438
0,6060
0,579
0,8542
0,8337
0,8162
0,9156
0,16830
0,10610
0,14062
0,1069
0,875
0,4583
0,1759
0,3188
0,8081
0,1644
0,15504
0,14732
0,13979
0,15772
0,16966
0,14246
0,6215
0,17366
0,11593
0,16819
0,6734
0,12917
0,3990
0,9188
0,13478
0,5173
0,15258
0,619
0,2457
0,9130
0,14162
0,11718
0,8119
0,1090
0,11616
0,13977
0,2466
0,6633
0,14469
0,3494
0,14325
0,16491
0,15511
0,10279
0,9573
0,8585
0,14187
0,13963
0,9520
0,5960
0,6122
0,12840
0,16529
0,3948
0,16009
0,6289
0,5018
0,11803
0,5589
0,6492
0,6342
0,16026
0,6808
0,4696
0,12472
0,3093
0,10095
0,11131
0,11377
0,9561
0,10224
0,16288
0,538
0,12985
0,547
0,6287
0,10152
0,1657
0,9729
0,3833
0,9641
0,6910
0,6202
0,8122
0,12761
0,8196
0,16306
0,7241
0,6244
0,735
0,17250
0,8963
0,11404
0,992
0,7591
0,2894
0,6533
0,1373
0,10204
0,9029
0,7107
0,1992
0,8253
0,15973
0,13495
0,927
0,2043
0,7760
0,12835
0,15570
0,14662
0,1523
0,14472
0,14785
0,14433
0,17109
0,1261
0,643
0,3479
0,14353
0,1283
0,10471
0,8663
0,4011
0,6415
0,8001
0,17394
0,15737
0,9643
0,321
0,10576
0,3671
0,17276
0,13685
0,394
0,6258
0,4520
0,6030
0,13955
0,7196
0,12159
0,13905
0,16750
0,5654
0,7939
0,4508
0,15956
0,17125
0,5318
0,7059
0,13241
0,15292
0,4986
0,10262
0,10946
0,3895
0,9091
0,17059
0,7572
0,12854
0,978
0,2517
0,13184
0,7810
0,14713
0,12926
0,16599
0,8425
0,15453
0,13681
0,9808
0,17081
0,9762
0,16653
0,15977
0,11962
0,9111
0,4273
0,6433
0,3182
0,13508
0,2476
0,15065
0,9578
0,3373
0,1136
0,4067
0,8065
0,4608
0,11497
0,7772
0,15774
0,14545
0,13281
0,2054
0,13929
0,11891
0,7491
0,15018
0,5847
0,15468
0,12635
0,9764
0,13155
0,4719
0,4254
0,467
0,7532
0,7165
0,9518
0,9474
0,15166
0,5998
0,9313
0,3035
0,3539
0,574
0,6712
0,7501
0,6161
0,1985
0,167
0,11848
0,3553
0,16990
0,5613
0,6270
0,1623
0,9736
0,13628
0,14070
0,15391
0,12327
0,17272
0,5633
0,13782
0,3750
0,12955
0,5292
0,15631
0,14151
0,15038
0,7674
0,13860
0,5260
0,7918
0,14264
0,11743
0,10875
0,8785
0,914
0,11588
0,4296
0,7703
0,5685
0,13943
0,14883
0,6847
0,11777
0,15872
0,10928
0,13019
0,17238
0,528
0,3057
0,2241
0,12583
0,10153
0,196
0,3618
0,9666
0,16314
0,1377
0,2095
0,13506
0,10214
0,12669
0,11967
0,5740
0,3496
0,3657
0,5268
0,5693
0,5006
0,9335
0,12445
0,10532
0,9687
0,3171
0,12149
0,280
0,12311
0,11928
0,1281
0,8354
0,9679
0,122
0,5333
0,7850
0,14262
0,6542
0,1894
0,2284
0,17328
0,1919
0,12980
0,8496
0,12925
0,5609
0,9563
0,1352
0,7635
0,2330
0,8368
0,13971
0,17190
0,16589
0,15967
0,5460
0,9281
0,14657
0,8865
0,13014
0,11263
0,6862
0,1070
0,4231
0,3025
0,190
0,12726
0,16878
0,5031
0,2980
0,12349
0,15710
0,6268
0,4029
0,10498
0,11606
0,15478
0,15668
0,16152
0,2162
0,4742
0,3473
0,3132
0,14906
0,8906
0,598
0,7272
0,7345
0,5271
0,15306
0,12020
0,14121
0,9236
0,2076
0,3078
0,11162
0,10863
0,14731
0,1088
0,10507
0,17429
0,660
0,16210
0,5023
0,4148
0,10082
0,6321
0,9424
0,13900
0,1817
0,2500
0,14560
0,8112
0,2371
0,7291
0,11919
0,13598
0,13766
0,129
0,3028
0,11441
0,12852
0,37
0,16624
0,16038
0,16341
0,14882
0,5639
0,10080
0,5987
0,4211
0,13743
0,798
0,11843
0,521
0,13335
0,2118
0,11366
0,15266
0,13365
0,31
0,10117
0,11657
0,17078
0,6085
0,8399
0,2503
0,6873
0,6968
0,16280
0,17401
0,12300
0,6307
0,12042
0,14871
0,13121
0,4769
0,5198
0,12238
0,15457
0,8513
0,15999
0,3125
0,4610
0,7084
0,10906
0,11664
0,3341
0,12223
0,9194
0,8413
0,7402
0,16243
0,134
0,6761
0,3069
0,14727
0,6725
0,12113
0,3266
0,1308
0,15500
0,10633
0,4368
0,13383
0,4255
0,16842
0,12226
0,11663
0,11001
0,14115
0,12870
0,6113
0,14419
0,15052
0,5480
0,8471
0,15023
0,3795
0,7309
0,8331
0,3515
0,14107
0,4582
0,3336
0,4631
0,11554
0,5167
0,1844
0,16889
0,12179
0,14635
0,14095
0,16216
0,33
0,4142
0,6278
0,8808
0,1142
0,10317
0,9062
0,12480
0,16933
0,1399
0,2658
0,16500
0,1568
0,2839
0,14912
0,675
0,3481
0,3735
0,3465
0,16657
0,11742
0,17008
0,10899
0,2090
0,12745
0,14364
0,874
0,1752
0,6476
0,9657
0,908
0,2157
0,1524
0,11109
0,12800
0,9182
0,10556
0,11982
0,11234
0,4683
0,16148
0,9602
0,4831
0,4558
0,15744
0,12089
0,16911
0,1180
0,16401
0,10597
0,12648
0,1794
0,146
0,15541
0,2570
0,13616
0,5373
0,2948
0,6774
0,10055
0,15171
0,14958
0,4024
0,13343
0,4632
0,8090
0,13646
0,16831
0,5114
0,15012
0,1783
0,448
0,7210
0,605
0,15895
0,7468
0,12227
0,2841
0,5738
0,7805
0,1167
0,16156
0,5127
0,8682
0,7821
0,8659
0,9061
0,3864
0,13932
0,9591
0,4708
0,9571
0,11944
0,6593
0,8818
0,5303
0,10325
0,1231
0,6133
0,8173
0,14896
0,4109
0,828
0,4022
0,15183
0,6042
0,2669
0,3549
0,2639
0,2856
0,2795
0,3411
0,10420
0,2298
0,14431
0,220
0,11861
0,7975
0,8722
0,1578
0,4129
0,12612
0,16690
0,2576
0,6192
0,16634
0,15155
0,11202
0,16871
0,16354
0,9057
0,13064
0,13620
0,11329
0,976
0,628
0,3038
0,10981
0,17275
0,8138
0,7545
0,5773
0,14771
0,10476
0,13104
0,17241
0,334
0,2006
0,1977
0,260
0,2450
0,4337
0,10870
0,5939
0,5603
0,6837
0,13583
0,16059
0,4392
0,10332
0,11942
0,15543
0,14532
0,4456
0,5107
0,356
0,16630
0,11288
0,14184
0,7829
0,11756
0,7411
0,7099
0,6237
0,8157
0,4653
0,2091
0,9440
0,14071
0,2711
0,216
0,4808
0,13793
0,15590
0,13156
0,12305
0,13130
0,11966
0,1379
0,12250
0,13888
0,12848
0,4860
0,14922
0,2600
0,13181
0,343
0,7183
0,10060
0,11087
0,3051
0,12795
0,7258
0,6810
0,11561
0,14055
0,10027
0,13651
0,15779
0,8201
0,1587
0,8788
0,2445
0,1060
0,6031
0,11020
0,7092
0,14796
0,1993
0,2261
0,716
0,6783
0,6958
0,1700
0,7123
0,16972
0,10115
0,14985
0,5697
0,1217
0,3269
0,4063
0,1490
0,10764
0,1948
0,15653
0,4388
0,7221
0,8607
0,16639
0,2252
0,2306
0,1581
0,5720
0,555
0,10742
0,8018
0,9249
0,13711
0,8053
0,10290
0,9812
0,6897
0,8252
0,7523
0,454
0,9807
0,1087
0,3852
0,1302
0,4992
0,8878
0,340
0,16033
0,12287
0,14372
0,4309
0,4401
0,9
0,16289
0,8094
0,6988
0,10222
0,5770
0,15943
0,3160
0,1927
0,1640
0,3277
0,13724
0,6850
0,13165
0,8169
0,17137
0,944
0,13803
0,6973
0,10777
0,1457
0,14307
0,16166
0,11189
0,9038
0,3144
0,4135
0,5069
0,3220
0,13654
0,17167
0,11846
0,320
0,14584
0,5003
0,4136
0,17444
0,5129
0,10626
0,12857
0,7237
0,6643
0,15268
0,1215
0,10897
0,7252
0,14282
0,16267
0,16498
0,2601
0,5235
0,11532
0,17325
0,4115
0,7980
0,2224
0,3116
0,14318
0,10230
0,852
0,5276
0,11687
0,9257
0,4790
0,991
0,3600
0,10423
0,9703
0,9684
0,12905
0,12065
0,10902
0,2515
0,10391
0,4436
0,13753
0,5461
0,4636
0,6895
0,13632
0,15610
0,17451
0,2105
0,17333
0,2618
0,11449
0,2676
0,16303
0,12427
0,3472
0,10685
0,15308
0,14256
0,6954
0,7433
0,15242
0,10551
0,16783
0,119
0,17179
0,4069
0,16745
0,9475
0,4236
0,12110
0,12682
0,9737
0,10333
0,12701
0,14749
0,272
0,16896
0,15029
0,4629
0,12330
0,11781
0,11656
0,14572
0,9749
0,9085
0,7384
0,12640
0,1983
0,7700
0,7904
0,2232
0,8231
0,7678
0,8449
0,12678
0,14005
0,5942
0,3061
0,4592
0,9290
0,16107
0,10896
0,2516
0,17096
0,3701
0,1638
0,8006
0,14527
0,1438
0,4798
0,15128
0,6418
0,8863
0,11529
0,15942
0,1485
0,15433
0,11192
0,12797
0,2549
0,12041
0,4749
0,1106
0,11543
0,13542
0,6285
0,6361
0,10126
0,10186
0,6681
0,15310
0,6999
0,17108
0,10770
0,12322
0,12990
0,1462
0,9675
0,11319
0,15195
0,7840
0,16285
0,13157
0,6248
0,5571
0,8545
0,7457
0,7497
0,725
0,11710
0,14177
0,6352
0,6166
0,1963
0,14511
0,1652
0,1113
0,3951
0,4493
0,2667
0,4250
0,13070
0,11805
0,16754
0,13958
0,13884
0,5766
0,6043
0,397
0,10138
0,12345
0,5543
0,6075
0,4604
0,10750
0,8217
0,11161
0,10344
0,15517
0,5280
0,4139
0,16973
0,8744
0,15626
0,10758
0,9801
0,4429
0,7622
0,16126
0,5805
0,3439
0,14963
0,4500
0,10823
0,2436
0,12894
0,13733
0,10048
0,16343
0,920
0,10952
0,9552
0,16407
0,1471
0,8834
0,10967
0,2267
0,12752
0,11813
0,3813
0,604
0,11433
0,15383
0,4379
0,16647
0,10598
0,495
0,13722
0,2351
0,16527
0,9154
0,8703
0,16765
0,4688
0,10321
0,1520
0,10739
0,7342
0,1836
0,6322
0,12651
0,7060
0,3319
0,9175
0,13298
0,836
0,11775
0,7502
0,11607
0,10139
0,7014
0,15890
0,15618
0,17156
0,10753
0,12941
0,719
0,9938
0,1805
0,325
0,8631
0,17452
0,5141
0,1121
0,6619
0,14997
0,5441
0,8296
0,12521
0,2465
0,9895
0,15349
0,8137
0,4064
0,14680
0,7031
0,1082
0,7009
0,15694
0,17014
0,15477
0,14930
0,16145
0,10991
0,8432
0,12974
0,11568
0,7750
0,13789
0,2119
0,5252
0,14491
0,16998
0,16752
0,12972
0,4110
0,11570
0,8434
0,1910
0,13128
0,15415
0,565
0,12531
0,10187
0,5721
0,8643
0,9454
0,14326
0,13206
0,15799
0,8747
0,4391
0,8712
0,12604
0,8813
0,257
0,17461
0,4343
0,9442
0,15933
0,94
0,4635
0,2030
0,8910
0,2869
0,17216
0,5296
0,14207
0,2448
0,7070
0,16450
0,13512
0,15730
0,10760
0,3420
0,10836
0,11624
0,13198
0,1741
0,15076
0,476
0,15882
0,9459
0,11537
0,11410
0,15482
0,5033
0,17454
0,17134
0,14964
0,15986
0,7069
0,9017
0,11009
0,5002
0,2876
0,2696
0,10864
0,7251
0,2502
0,4542
0,3914
0,2294
0,14291
0,12461
0,5019
0,6931
0,13108
0,15162
0,6971
0,3488
0,10044
0,4545
0,4297
0,5370
0,2578
0,17491
0,5495
0,1519
0,1250
0,6058
0,2551
0,6301
0,5354
0,3714
0,12117
0,10432
0,10924
0,7477
0,5968
0,12053
0,5814
0,16984
0,16452
0,10155
0,12185
0,14270
0,1391
0,6848
0,7945
0,3505
0,5521
0,9020
0,11392
0,8202
0,11005
0,16115
0,7235
0,10767
0,14863
0,5991
0,8403
0,17144
0,6629
0,7887
0,13519
0,9352
0,5997
0,12165
0,12782
0,16843
0,6146
0,11980
0,2670
0,1347
0,9672
0,10300
0,9720
0,7440
0,1547
0,10543
0,14932
0,13465
0,15476
0,5761
0,12741
0,415
0,399
0,767
0,14821
0,11291
0,3047
0,3740
0,6892
0,5078
0,286
0,12332
0,8679
0,5180
0,8009
0,11318
0,17200
0,10157
0,14194
0,14333
0,10134
0,4311
0,9590
0,12951
0,5061
0,6996
0,11530
0,6800
0,17463
0,15665
0,15542
0,5136
0,8115
0,6939
0,13989
0,2444
0,13652
0,7563
0,13265
0,12508
0,15140
0,9484
0,2089
0,16014
0,5334
0,5946
0,10364
0,12376
0,17046
0,9555
0,15404
0,8160
0,12738
0,15213
0,5108
0,3972
0,11633
0,17306
0,8236
0,4741
0,14516
0,5540
0,712
0,9033
0,9001
0,1651
0,13354
0,14267
0,11912
0,12277
0,2614
0,9995
0,4627
0,5053
0,12465
0,10079
0,10965
0,8150
0,5063
0,5632
0,7348
0,1823
0,3824
0,7807
0,7028
0,16224
0,112
0,312
0,6969
0,17110
0,5179
0,13618
0,13606
0,1035
0,12037
0,10003
0,13288
0,10064
0,4446
0,7489
0,7068
0,12304
0,4730
0,15077
0,14574
0,12136
0,8594
0,10092
0,121
0,8759
0,16584
0,11746
0,11926
0,7873
0,12210
0,7583
0,11028
0,7306
0,16175
0,10046
0,13425
0,2337
0,12909
0,13467
0,8429
0,7614
0,15224
0,17182
0,4830
0,2861
0,12580
0,15681
0,9837
0,12798
0,11830
0,16502
0,14753
0,5320
0,5868
0,13000
0,8445
0,9794
0,10835
0,4554
0,2536
0,1943
0,8022
0,15838
0,7311
0,14798
1,2652
1,3509
1,9138
1,14285
1,14
1,16811
1,4514
1,6429
1,9906
1,9793
1,16281
1,2201
1,9856
1,5343
1,345
1,16995
1,14399
1,9763
1,4335
1,6333
1,1687
1,13619
1,14223
1,5820
1,8416
1,11056
1,14335
1,16006
1,8039
1,17362
1,11844
1,8817
1,17251
1,13946
1,12111
1,14405
1,10038
1,11888
1,8613
1,2638
1,4428
1,13587
1,8615
1,1445
1,2075
1,9665
1,10253
1,12384
1,131
1,10447
1,11529
1,2447
1,11072
1,6843
1,16019
1,12273
1,5739
1,151
1,14804
1,606
1,9777
1,1185
1,7080
1,4023
1,415
1,12634
1,9818
1,10434
1,788
1,5265
1,12721
1,11714
1,977
1,8829
1,10109
1,8277
1,8129
1,865
1,11464
1,3632
1,3894
1,16715
1,5206
1,1856
1,12920
1,2188
1,12811
1,5629
1,8809
1,15155
1,13551
1,14432
1,14659
1,14252
1,16143
1,8362
1,4314
1,4127
1,15300
1,9862
1,16932
1,4947
1,5849
1,13166
1,15725
1,10934
1,9560
1,10069
1,4867
1,5054
1,15590
1,5601
1,2329
1,15902
1,15868
1,13094
1,12190
1,8185
1,13977
1,6423
1,4834
1,4877
1,16882
1,4137
1,11446
1,12673
1,6933
1,759
1,4451
1,3981
1,276
1,3161
1,5267
1,11254
1,7752
1,780
1,8958
1,2005
1,15719
1,4415
1,10330
1,12524
1,1423
1,17218
1,15811
1,13513
1,5991
1,16363
1,13503
1,14886
1,7769
1,15938
1,1779
1,8135
1,5635
1,10100
1,11342
1,13228
1,10313
1,17109
1,13886
1,6089
1,14783
1,13091
1,14631
1,12291
1,3021
1,9863
1,5266
1,9855
1,12247
1,1901
1,4455
1,4308
1,15060
1,17042
1,6148
1,9140
1,18
1,15891
1,10416
1,1446
1,3899
1,13795
1,3137
1,11589
1,9963
1,1183
1,14794
1,15243
1,2117
1,16194
1,9314
1,7344
1,7007
1,352
1,11967
1,2263
1,16660
1,11955
1,8028
1,2290
1,10189
1,2702
1,14052
1,3316
1,14649
1,1632
1,6266
1,14491
1,9548
1,299
1,8404
1,14114
1,3218
1,5455
1,7274
1,13048
1,9710
1,9663
1,12463
1,722
1,7122
1,6848
1,8948
1,11576
1,16835
1,3423
1,8645
1,7185
1,14611
1,1166
1,5954
1,326
1,3942
1,14606
1,5116
1,4085
1,6451
1,3422
1,1799
1,4280
1,9751
1,5471
1,9394
1,7670
1,3635
1,2710
1,3706
1,16335
1,1759
1,10438
1,9686
1,1676
1,7953
1,2819
1,2907
1,1140
1,3319
1,13002
1,10023
1,16139
1,16884
1,12685
1,5615
1,6766
1,14110
1,15906
1,17059
1,7003
1,7631
1,1613
1,5437
1,9644
1,8898
1,15555
1,14251
1,4475
1,5396
1,5648
1,15478
1,607
1,16597
1,4714
1,11567
1,14357
1,11379
1,10653
1,13416
1,13952
1,98
1,17305
1,11903
1,7053
1,4898
1,12488
1,13654
1,9425
1,6334
1,7203
1,14423
1,12041
1,9426
1,14975
1,15983
1,3254
1,1390
1,16501
1,4108
1,16516
1,12265
1,14522
1,7333
1,12723
1,595
1,7143
1,10082
1,12833
1,11825
1,570
1,16079
1,14509
1,11892
1,15720
1,1533
1,11090
1,12256
1,5723
1,9152
1,7248
1,7980
1,14707
1,2893
1,9934
1,11190
1,1276
1,12898
1,14297
1,2988
1,321
1,3174
1,11942
1,11957
1,9384
1,16879
1,4152
1,15484
1,10152
1,10250
1,1082
1,13504
1,3333
1,11170
1,10876
1,1145
1,1848
1,9973
1,7051
1,2223
1,13926
1,16833
1,231
1,6366
1,969
1,2526
1,11012
1,7711
1,7503
1,17239
1,5309
1,6192
1,9037
1,13974
1,5288
1,3076
1,2760
1,9155
1,15432
1,3001
1,13920
1,384
1,6845
1,1335
1,13659
1,16724
1,24
1,9230
1,5086
1,1178
1,17209
1,5130
1,10697
1,12958
1,7822
1,12151
1,1055
1,16148
1,13624
1,11814
1,949
1,9756
1,8736
1,11058
1,15019
1,14485
1,9006
1,13432
1,12089
1,8707
1,4484
1,5826
1,3473
1,12369
1,13648
1,13580
1,11909
1,7547
1,441
1,2970
1,14338
1,8477
1,3437
1,445
1,9156
1,13550
1,4869
1,789
1,14101
1,5950
1,5633
1,11152
1,1953
1,12086
1,87
1,16108
1,15960
1,7405
1,14511
1,8081
1,13151
1,2017
1,4395
1,14075
1,10214
1,17179
1,124
1,6351
1,5472
1,15440
1,15695
1,6014
1,11845
1,2571
1,15235
1,11974
1,16378
1,9926
1,9808
1,14279
1,2231
1,11891
1,15016
1,13605
1,7035
1,16368
1,15904
1,558
1,10782
1,5019
1,2585
1,9788
1,12442
1,17384
1,335
1,8858
1,735
1,15482
1,3493
1,10264
1,4959
1,3310
1,314
1,4039
1,16554
1,17291
1,698
1,12334
1,7211
1,581
1,5374
1,4073
1,14366
1,14737
1,7352
1,6
1,14283
1,12664
1,16594
1,810
1,4997
1,11302
1,12616
1,15476
1,9065
1,6222
1,12861
1,12171
1,9589
1,1452
1,13401
1,3483
1,6020
1,3596
1,2153
1,4233
1,10110
1,14850
1,14931
1,3339
1,4285
1,7179
1,2134
1,617
1,16670
1,4332
1,223
1,8069
1,16053
1,16648
1,10405
1,8308
1,12226
1,12896
1,1278
1,9720
1,15967
1,11705
1,15703
1,10628
1,2718
1,5587
1,5636
1,13494
1,3757
1,4656
1,16369
1,13763
1,2258
1,16667
1,8492
1,8996
1,13387
1,14451
1,9943
1,4981
1,14711
1,11237
1,5551
1,184
1,2179
1,10230
1,13923
1,12080
1,13501
1,15500
1,8336
1,15306
1,13261
1,1103
1,11619
1,230
1,14248
1,6979
1,8783
1,355
1,11690
1,12184
1,1388
1,3122
1,11756
1,3004
1,2390
1,8669
1,9222
1,1836
1,11193
1,13708
1,5229
1,3703
1,16793
1,2552
1,5805
1,12905
1,14413
1,11890
1,1743
1,16442
1,6948
1,16260
1,7126
1,1193
1,7396
1,2307
1,1984
1,13154
1,15347
1,11450
1,10841
1,14929
1,2861
1,5487
1,13663
1,5483
1,479
1,7207
1,3364
1,9036
1,11723
1,3537
1,1909
1,14035
1,7277
1,10845
1,2154
1,3882
1,278
1,14995
1,3803
1,7107
1,16929
1,11191
1,13898
1,2937
1,6838
1,16145
1,12191
1,15083
1,16647
1,15399
1,9520
1,5211
1,14493
1,13733
1,9913
1,17289
1,8770
1,4991
1,15608
1,923
1,13385
1,9190
1,4805
1,12683
1,14453
1,16032
1,14470
1,11918
1,14480
1,14150
1,5567
1,8844
1,14431
1,12894
1,2548
1,1412
1,3623
1,838
1,10242
1,15567
1,5336
1,12358
1,9624
1,10185
1,12241
1,5459
1,10247
1,3085
1,5049
1,6578
1,8847
1,15550
1,5536
1,10887
1,10409
1,439
1,16283
1,13440
1,9061
1,10908
1,6518
1,16438
1,2150
1,5939
1,7911
1,4106
1,11463
1,5237
1,8312
1,16147
1,16447
1,3286
1,7237
1,10827
1,416
1,14109
1,8116
1,3969
1,9636
1,984
1,3321
1,13115
1,13657
1,14788
1,7929
1,6485
1,8480
1,17405
1,9144
1,3431
1,17317
1,7747
1,10016
1,9969
1,14290
1,8175
1,14800
1,7153
1,6248
1,2013
1,11548
1,11792
1,1614
1,10366
1,11523
1,2834
1,4014
1,5907
1,12493
1,5530
1,2393
1,3129
1,1728
1,2044
1,15029
1,14980
1,15299
1,5179
1,6039
1,828
1,12902
1,9526
1,3234
1,11859
1,11857
1,3569
1,15030
1,10774
1,8324
1,5571
1,13342
1,9529
1,11050
1,13232
1,2082
1,7676
1,4796
1,17409
1,5712
1,13145
1,5120
1,1574
1,8806
1,3934
1,2590
1,3251
1,12883
1,10357
1,9536
1,8787
1,16186
1,188
1,8803
1,12981
1,11160
1,8298
1,13201
1,14593
1,3094
1,8444
1,4962
1,4517
1,7940
1,16603
1,3441
1,5193
1,8459
1,5808
1,2887
1,10578
1,14273
1,3551
1,2958
1,15441
1,13882
1,1341
1,7510
1,10722
1,17224
1,17293
1,3876
1,773
1,9199
1,16400
1,9059
1,17155
1,4148
1,16204
1,3057
1,11750
1,7415
1,15589
1,8130
1,16479
1,374
1,16933
1,3068
1,64
1,10176
1,6426
1,17358
1,13490
1,16208
1,449
1,15729
1,11223
1,15406
1,17019
1,543
1,8909
1,4410
1,9224
1,3099
1,11113
1,16634
1,7529
1,10338
1,6338
1,667
1,12408
1,7223
1,15580
1,10749
1,7418
1,9029
1,2632
1,9844
1,7170
1,12253
1,11733
1,1936
1,15140
1,13803
1,12116
1,2296
1,14501
1,3039
1,2407
1,12168
1,3599
1,3577
1,17004
1,11536
1,15949
1,7698
1,10456
1,16393
1,15773
1,1554
1,5678
1,10120
1,7776
1,564
1,8178
1,12128
1,10878
1,15231
1,12312
1,16187
1,7767
1,6688
1,5082
1,4084
1,4413
1,2254
1,1466
1,13304
1,8463
1,10642
1,13049
1,13070
1,1792
1,14879
1,14843
1,5386
1,8342
1,9463
1,16830
1,12512
1,3528
1,17106
1,8012
1,6781
1,15625
1,10518
1,9547
1,6171
1,11269
1,5245
1,2380
1,8405
1,15081
1,13398
1,6346
1,6556
1,14694
1,10971
1,6977
1,2382
1,945
1,15117
1,3753
1,7119
1,4029
1,1165
1,16536
1,5112
1,4548
1,11518
1,16346
1,13949
1,15666
1,13626
1,10479
1,14630
1,16473
1,11039
1,4025
1,14725
1,2675
1,833
1,12172
1,9451
1,5080
1,15195
1,8030
1,8473
1,2425
1,15940
1,2662
1,16424
1,16770
1,12595
1,175
1,16457
1,10117
1,12972
1,13473
1,11092
1,15234
1,3809
1,11718
1,12806
1,4327
1,7987
1,16838
1,10035
1,17436
1,6331
1,14544
1,6778
1,3735
1,209
1,6719
1,13345
1,16971
1,1820
1,7345
1,4942
1,3358
1,2405
1,7817
1,8755
1,2811
1,3078
1,14085
1,12761
1,17005
1,17234
1,7701
1,14340
1,15879
1,5754
1,3263
1,8884
1,11794
1,13055
1,5815
1,6289
1,17229
1,16325
1,5094
1,10302
1,13960
1,10499
1,1167
1,3734
1,10724
1,13865
1,6159
1,7276
1,10435
1,2810
1,2199
1,10758
1,7891
1,17473
1,5195
1,12231
1,6532
1,11882
1,2196
1,8328
1,3211
1,10132
1,6990
1,6984
1,12726
1,10919
1,7854
1,13063
1,1971
1,3467
1,1169
1,9831
1,9952
1,10258
1,13400
1,9168
1,13652
1,9102
1,7408
1,2251
1,5794
1,16200
1,8950
1,10388
1,13293
1,13431
1,11110
1,13143
1,2680
1,4502
1,13173
1,3902
1,5074
1,7045
1,12109
1,8984
1,13798
1,5916
1,898
1,1815
1,11139
1,535
1,9657
1,6783
1,5258
1,353
1,14043
1,4449
1,10810
1,2103
1,10427
1,14670
1,11016
1,9722
1,9543
1,2237
1,1566
1,13696
1,13499
1,4392
1,6652
1,17341
1,4973
1,4843
1,16822
1,2644
1,16956
1,15972
1,10792
1,3881
1,16417
1,12289
1,7456
1,2541
1,4702
1,1015
1,10938
1,15647
1,10466
1,15514
1,16348
1,4301
1,6877
1,14699
1,9134
1,640
1,7713
1,11268
1,7645
1,12300
1,13725
1,8206
1,11637
1,9948
1,12824
1,7109
1,10439
1,4112
1,2300
1,15420
1,1657
1,8913
1,2794
1,12161
1,11964
1,13056
1,13877
1,5052
1,7707
1,13740
1,8335
1,13214
1,7245
1,13818
1,13773
1,16607
1,12092
1,13517
1,17347
1,3252
1,4882
1,14693
1,966
1,4819
1,5430
1,15992
1,3714
1,7160
1,5591
1,3272
1,12491
1,4017
1,11673
1,11753
1,1475
1,16980
1,7873
1,17445
1,6937
1,8863
1,2081
1,16905
1,5225
1,2845
1,16596
1,7144
1,842
1,14329
1,6661
1,14625
1,9118
1,7263
1,744
1,1467
1,15870
1,3468
1,10188
1,17158
1,13867
1,8227
1,4801
1,1503
1,13197
1,13406
1,5178
1,4487
1,15851
1,17083
1,6166
1,362
1,6317
1,6802
1,16011
1,11370
1,6272
1,6200
1,2749
1,78
1,12382
1,1560
1,1170
1,9887
1,13015
1,17008
1,10375
1,15097
1,10144
1,3399
1,7611
1,14232
1,13215
1,8232
1,15843
1,4941
1,11663
1,11323
1,1111
1,2099
1,16979
1,686
1,15331
1,15034
1,16663
1,5109
1,10575
1,836
1,1954
1,511
1,8753
1,15078
1,8333
1,4937
1,9197
1,1052
1,12422
1,762
1,5277
1,16177
1,5850
1,2273
1,16577
1,14460
1,11517
1,3450
1,9324
1,12888
1,4191
1,8792
1,16669
1,5369
1,5797
1,17009
1,8153
1,4318
1,5128
1,13746
1,743
1,15363
1,2634
1,10854
1,1673
1,9464
1,13357
1,13860
1,7093
1,10440
1,10848
1,10760
1,9104
1,4351
1,9516
1,13479
1,9797
1,11004
1,15009
1,14877
1,8795
1,13038
1,11972
1,2826
1,4298
1,7949
1,5180
1,12167
1,947
1,14681
1,4876
1,3243
1,1664
1,13813
1,15126
1,11805
1,9086
1,11064
1,7766
1,2793
1,2815
1,1184
1,12209
1,6664
1,1019
1,7452
1,3548
1,11403
1,11399
1,12680
1,4347
1,12551
1,14010
1,4059
1,5255
1,5334
1,13106
1,3481
1,5239
1,1973
1,8618
1,13344
1,14438
1,8774
1,7600
1,6601
1,6671
1,8475
1,16329
1,15492
1,1034
1,10021
1,16004
1,8588
1,713
1,394
1,8092
1,271
1,1025
1,7445
1,15146
1,11759
1,5037
1,7114
1,12858
1,7518
1,8234
1,5226
1,12055
1,523
1,2995
1,6410
1,3363
1,15337
1,6444
1,4215
1,14758
1,15588
1,2499
1,16270
1,13027
1,9647
1,742
1,12774
1,869
1,2004
1,8802
1,14175
1,8165
1,1459
1,8582
1,5531
1,5320
1,13726
1,14841
1,14608
1,9211
1,5976
1,9229
1,10629
1,12357
1,2336
1,9598
1,243
1,1248
1,15200
1,12321
1,11777
1,15892
1,10866
1,10395
1,17254
1,11560
1,13292
1,5051
1,3157
1,15450
1,8428
1,3544
1,13792
1,11919
1,3863
1,4248
1,259
1,8164
1,14564
1,9043
1,9470
1,3063
1,3213
1,4839
1,10670
1,9088
1,12240
1,6513
1,10743
1,12288
1,4010
1,834
1,15044
1,9348
1,9585
1,2051
1,8625
1,10050
1,11297
1,13680
1,1797
1,10013
1,6632
1,1868
1,13508
1,17067
1,3804
1,11556
1,13
1,3036
1,16666
1,3823
1,16687
1,11256
1,8259
1,3841
1,14949
1,8695
1,9982
1,11526
1,6207
1,14529
1,6771
1,15859
1,11879
1,8061
1,13667
1,8698
1,545
1,12454
1,4450
1,16814
1,11871
1,1439
1,1133
1,14962
1,16861
1,9755
1,12615
1,7005
1,15898
1,5869
1,3913
1,3327
1,6265
1,5741
1,9877
1,8270
1,13028
1,8011
1,1834
1,9424
1,15118
1,22
1,12867
1,3977
1,16776
1,5364
1,227
1,2337
1,16901
1,1354
1,16850
1,111
1,365
1,4572
1,2981
1,13635
1,9608
1,16124
1,13776
1,3387
1,6230
1,3098
1,13332
1,13838
1,11265
1,4031
1,1923
1,16157
1,1816
1,14956
1,3022
1,15122
1,9154
1,11837
1,3087
1,1260
1,12967
1,12614
1,11213
1,4628
1,16249
1,12746
1,15937
1,5864
1,1987
1,14967
1,17275
1,14675
1,13649
1,15881
1,8355
1,13829
1,13158
1,1161
1,1159
1,3730
1,8464
1,5873
1,15474
1,12834
1,9279
1,16073
1,4905
1,12846
1,2554
1,14086
1,1435
1,12444
1,15801
1,14013
1,7477
1,12927
1,11156
1,13623
1,5779
1,5521
1,8090
1,14830
1,4293
1,6628
1,7982
1,2419
1,12604
1,10194
1,3564
1,412
1,7739
1,13922
1,262
1,9768
1,15774
1,4701
1,1020
1,12372
1,15564
1,3848
1,10856
1,10571
1,11721
1,12391
1,3568
1,2356
1,9801
1,8810
1,14433
1,11708
1,8184
1,6530
1,11476
1,15376
1,12328
1,15267
1,4516
1,7497
1,17324
1,1927
1,11657
1,14661
1,10982
1,11008
1,10329
1,17301
1,5093
1,856
1,11087
1,9712
1,11978
1,4216
1,5892
1,4832
1,10410
1,2094
1,7865
1,5212
1,5063
1,12497
1,13778
1,5144
1,16009
1,13745
1,15382
1,13082
1,7811
1,492
1,9083
1,6099
1,15245
1,339
1,7025
1,6472
1,13684
1,3189
1,14833
1,958
1,1665
1,1769
1,7890
1,9574
1,4984
1,6746
1,6610
1,16733
1,11003
1,7596
1,4852
1,6934
1,5919
1,6044
1,4588
1,12114
1,8955
1,2864
1,6043
1,8697
1,1442
1,2412
1,5147
1,17375
1,4793
1,2747
1,17418
1,12851
1,7256
1,1854
1,15683
1,13407
1,13915
1,1555
1,9091
1,3436
1,16336
1,6143
1,15022
1,4571
1,7249
1,11319
1,9377
1,4481
1,281
1,12475
1,7842
1,4936
1,3214
1,6626
1,8966
1,15166
1,7546
1,6588
1,3403
1,560
1,3949
1,6189
1,15631
1,4507
1,12865
1,14502
1,2869
1,2576
1,13538
1,426
1,3114
1,1814
1,7062
1,10173
1,4663
1,4860
1,4861
1,3079
1,2001
1,16725
1,15393
1,165
1,7072
1,3546
1,2345
1,16777
1,3865
1,10611
1,4336
1,16876
1,1263
1,12032
1,15160
1,2529
1,427
1,10744
1,7417
1,14007
1,6662
1,6638
1,9885
1,9028
1,16757
1,10394
1,6409
1,15712
1,9025
1,12592
1,5958
1,11349
1,845
1,10219
1,13276
1,2626
1,9978
1,15493
1,8568
1,1400
1,12434
1,5914
1,14220
1,5795
1,15805
1,12829
1,1136
1,12343
1,7840
1,7026
1,3832
1,9592
1,15339
1,513
1,5438
1,9976
1,10935
1,13817
1,7478
1,1108
1,4585
1,15845
1,11009
1,8437
1,15005
1,10621
1,16870
1,8447
1,2495
1,4072
1,2912
1,9040
1,9390
1,14999
1,13358
1,11716
1,13189
1,6944
1,15049
1,13171
1,12416
1,1731
1,12961
1,10932
1,3288
1,7708
1,9621
1,16052
1,7074
1,13644
1,1091
1,7860
1,15551
1,10525
1,14169
1,2445
1,4631
1,14796
1,13989
1,5233
1,17087
1,3395
1,8134
1,16537
1,3512
1,13010
1,11077
1,15748
1,4284
1,3669
1,7285
1,13789
1,322
1,10241
1,16134
1,12863
1,13245
1,12470
1,6263
1,7264
1,8964
1,10798
1,12228
1,7439
1,9192
1,4251
1,2848
1,8786
1,13668
1,16250
1,4124
1,518
1,8442
1,12925
1,6048
1,546
1,10924
1,1522
1,2570
1,7047
1,14048
1,12085
1,6736
1,1460
1,2858
1,10106
1,1448
1,7299
1,9640
1,1106
1,14708
1,6883
1,2220
1,9590
1,357
1,13090
1,649
1,15717
1,1397
1,16619
1,3553
1,6874
1,12389
1,3886
1,793
1,11901
1,2633
1,12771
1,5558
1,5580
1,17278
1,11579
1,14530
1,2224
1,7475
1,8819
1,10391
1,10483
1,8822
1,3642
1,8703
1,7931
1,647
1,3868
1,3371
1,10027
1,4047
1,5948
1,10236
1,15064
1,919
1,14780
1,11380
1,11053
1,16748
1,9039
1,7904
1,14390
1,4245
1,15921
1,12244
1,11889
1,3435
1,4857
1,13779
1,10817
1,9326
1,1622
1,408
1,5108
1,330
1,17262
1,17139
1,15131
1,1129
1,6954
1,11101
1,5110
1,9373
1,12704
1,74
1,16740
1,16013
1,17221
1,14391
1,2789
1,10898
1,14036
1,2411
1,3984
1,14573
1,9805
1,6085
1,4902
1,295
1,4594
1,3455
1,1469
1,162
1,16915
1,9227
1,3759
1,4753
1,14616
1,8438
1,10647
1,15449
1,17355
1,8427
1,15714
1,10813
1,3320
1,13415
1,7214
1,9726
1,11378
1,8549
1,1704
1,6684
1,12953
1,2399
1,1750
1,14825
1,3521
1,4173
1,12668
1,4122
1,16128
1,10307
1,8692
1,4183
1,14746
1,12776
1,15823
1,5887
1,2707
1,10271
1,15552
1,2596
1,16887
1,4313
1,5675
1,4581
1,7562
1,7548
1,10823
1,3091
1,8868
1,16150
1,1714
1,3439
1,1177
1,2249
1,169
1,17244
1,12468
1,8390
1,11997
1,4034
1,3351
1,15821
1,14277
1,7839
1,12747
1,10786
1,8455
1,3415
1,10370
1,8273
1,8561
1,17
1,645
1,4452
1,15542
1,2790
1,8936
1,16742
1,6546
1,7363
1,12731
1,1787
1,10535
1,3960
1,5376
1,10738
1,15856
1,12310
1,10661
1,7070
1,4949
1,3926
1,11211
1,8373
1,11129
1,7483
1,3904
1,7222
1,1550
1,7191
1,7498
1,10994
1,8860
1,504
1,6371
1,325
1,4366
1,3134
1,6644
1,9317
1,14245
1,2947
1,14742
1,11693
1,17072
1,14058
1,7761
1,14820
1,4117
1,8827
1,6297
1,14084
1,15455
1,15867
1,8893
1,6247
1,1689
1,11866
1,12985
1,1977
1,9048
1,3666
1,1298
1,6667
1,4321
1,10311
1,10353
1,16192
1,11495
1,14555
1,11900
1,6906
1,14115
1,13647
1,3135
1,17150
1,2067
1,12494
1,1678
1,3737
1,12885
1,6496
1,2186
1,2093
1,4104
1,8614
1,15309
1,13699
1,5495
1,12415
1,8742
1,1721
1,21
1,3578
1,9705
1,5311
1,8682
1,13380
1,13459
1,2396
1,11817
1,14569
1,13450
1,5837
1,7925
1,13892
1,3080
1,14308
1,11820
1,5270
1,5721
1,11830
1,12398
1,3312
1,15657
1,11137
1,12385
1,12271
1,16684
1,2294
1,2681
1,15472
1,12305
1,14375
1,3350
1,3641
1,13568
1,2202
1,7576
1,15318
1,11151
1,9826
1,411
1,16762
1,14769
1,6915
1,14025
1,571
1,16659
1,10070
1,5427
1,13495
1,12608
1,17255
1,3379
1,10902
1,6889
1,15531
1,11439
1,7803
1,14312
1,16092
1,17023
1,5189
1,10946
1,8361
1,13687
1,4837
1,16228
1,11188
1,4665
1,16123
1,6217
1,706
1,1712
1,7362
1,10031
1,13246
1,16641
1,7273
1,14602
1,1739
1,4273
1,10521
1,3136
1,4119
1,4743
1,13980
1,8181
1,7486
1,13054
1,10927
1,990
1,4528
1,43
1,14964
1,9820
1,17379
1,5947
1,9282
1,10454
1,9069
1,163
1,4575
1,10623
1,15925
1,3413
1,6702
1,15201
1,2732
1,12138
1,3591
1,14721
1,8147
1,3380
1,9780
1,5710
1,17113
1,8297
1,11275
1,12518
1,12471
1,4043
1,13848
1,62
1,8036
1,14359
1,9725
1,5099
1,8560
1,15553
1,16463
1,17344
1,10160
1,16903
1,16737
1,5013
1,9984
1,9066
1,14178
1,2921
1,540
1,2050
1,11354
1,16182
1,6531
1,12514
1,2073
1,4589
1,7123
1,9870
1,13557
1,6754
1,784
1,7626
1,9888
1,16970
1,1905
1,2808
1,12322
1,14580
1,964
1,6315
1,7266
1,8288
1,13951
1,11781
1,803
1,2147
1,16271
1,16858
1,6103
1,14425
1,15121
1,5403
1,2339
1,624
1,3093
1,15251
1,961
1,16199
1,3615
1,17272
1,12260
1,14983
1,15381
1,15675
1,6818
1,9047
1,4751
1,12785
1,11214
1,2482
1,6037
1,13870
1,3514
1,10689
1,12758
1,4924
1,5817
1,16402
1,6741
1,5534
1,3994
1,13003
1,16345
1,2612
1,8203
1,8594
1,4441
1,4630
1,14558
1,15093
1,3445
1,10582
1,6228
1,1213
1,11048
1,5962
1,2146
1,16107
1,4172
1,12581
1,5674
1,6053
1,8636
1,3539
1,6003
1,11998
1,15089
1,9792
1,13226
1,9201
1,9035
1,17312
1,13986
1,12657
1,2895
1,8046
1,2215
1,10598
1,1918
1,9333
1,3154
1,15880
1,11227
1,15939
1,17443
1,5399
1,5349
1,15227
1,734
1,12508
1,14775
1,8589
1,5882
1,11908
1,15351
1,5243
1,1209
1,14271
1,11926
1,6155
1,8453
1,3952
1,5665
1,8179
1,2847
1,17152
1,10538
1,7128
1,12269
1,5899
1,11
1,1711
1,2284
1,9306
1,8729
1,9958
1,11134
1,3050
1,9871
1,13076
1,1967
1,1101
1,6599
1,1877
1,4000
1,16676
1,6732
1,17056
1,14851
1,11994
1,4565
1,13233
1,10796
1,11986
1,15841
1,2171
1,6909
1,5722
1,2302
1,9476
1,11147
1,8059
1,8468
1,5867
1,2002
1,17078
1,307
1,11441
1,538
1,16490
1,5489
1,16311
1,16086
1,1969
1,11159
1,8323
1,4472
1,14191
1,11200
1,10592
1,704
1,14408
1,15061
1,6254
1,1179
1,8930
1,3545
1,4892
1,3064
1,3140
1,14039
1,274
1,4824
1,15932
1,12828
1,8004
1,7209
1,16266
1,6226
1,6721
1,9080
1,13607
1,6012
1,12259
1,5446
1,347
1,5685
1,12676
1,3728
1,7145
1,8001
1,3916
1,8197
1,13879
1,16371
1,11398
1,9840
1,2876
1,9747
1,4760
1,15066
1,4887
1,6630
1,2452
1,8679
1,3442
1,12832
1,2286
1,11612
1,8508
1,6551
1,11082
1,11966
1,2979
1,11977
1,14548
1,4426
1,877
1,3745
1,10733
1,17186
1,12772
1,1630
1,12070
1,5165
1,3156
1,5435
1,1741
1,8728
1,5167
1,1312
1,10497
1,1453
1,3625
1,12176
1,7328
1,3092
1,16598
1,3785
1,14100
1,15033
1,8487
1,12155
1,2410
1,14947
1,197
1,2392
1,6753
1,2964
1,16991
1,4953
1,13540
1,13050
1,9468
1,12043
1,16582
1,13704
1,13319
1,15629
1,8895
1,7066
1,11731
1,970
1,1829
1,4966
1,10708
1,233
1,14786
1,6659
1,634
1,2463
1,16727
1,12553
1,9360
1,12760
1,2125
1,2648
1,11044
1,753
1,10533
1,3054
1,17303
1,10687
1,16468
1,6917
1,7496
1,747
1,15020
1,5853
1,637
1,12610
1,12250
1,13396
1,15587
1,6640
1,8510
1,5138
1,13637
1,1773
1,5622
1,587
1,16367
1,1922
1,17151
1,11071
1,7960
1,7690
1,13612
1,2978
1,3147
1,9379
1,7339
1,9511
1,1097
1,16936
1,15496
1,1371
1,13604
1,3814
1,10826
1,15191
1,15742
1,8485
1,10202
1,6126
1,17483
1,5661
1,12862
1,736
1,2695
1,13651
1,14313
1,9184
1,7027
1,13114
1,9794
1,287
1,1337
1,7570
1,5861
1,4244
1,7470
1,9866
1,988
1,1287
1,8430
1,3110
1,15054
1,9291
1,13750
1,5190
1,1403
1,5786
1,14710
1,2512
1,16287
1,16253
1,6276
1,3153
1,2162
1,6692
1,7243
1,16553
1,5256
1,10195
1,16269
1,9868
1,4286
1,8425
1,5540
1,12175
1,3603
1,8764
1,16416
1,10947
1,16240
1,9004
1,3470
1,862
1,6655
1,14406
1,3978
1,7963
1,6950
1,17328
1,14447
1,1737
1,8254
1,10363
1,4965
1,5047
1,10478
1,1323
1,10459
1,3941
1,17439
1,888
1,8527
1,17410
1,6970
1,4448
1,16548
1,7343
1,15543
1,6035
1,10086
1,15077
1,14817
1,10303
1,10530
1,14663
1,16622
1,4097
1,14049
1,2647
1,11582
1,2533
1,631
1,4372
1,3127
1,14034
1,26
1,12751
1,89
1,1921
1,11457
1,13128
1,8794
1,4573
1,2663
1,2966
1,118
1,16532
1,3474
1,6251
1,7537
1,16578
1,16041
1,6414
1,12127
1,2233
1,9836
1,117
1,15559
1,7063
1,11573
1,9883
1,2357
1,14856
1,7499
1,4404
1,11455
1,17450
1,14292
1,3059
1,7258
1,10787
1,12815
1,14113
1,13560
1,1872
1,13331
1,3209
1,17489
1,15834
1,5985
1,4841
1,2575
1,11506
1,7716
1,5631
1,7089
1,2940
1,16486
1,4365
1,14060
1,12692
1,2022
1,10485
1,10289
1,5371
1,17047
1,9431
1,15768
1,3629
1,4951
1,17215
1,11024
1,15684
1,11793
1,7178
1,3095
1,15948
1,9613
1,10340
1,15638
1,12755
1,14586
1,1772
1,13453
1,6185
1,726
1,2106
1,11802
1,16327
1,738
1,11935
1,9450
1,344
1,428
1,14221
1,4875
1,6562
1,9265
1,7653
1,13786
1,16785
1,4185
1,14713
1,4855
1,17307
1,7067
1,17280
1,17470
1,1561
1,14597
1,14595
1,2627
1,9721
1,7441
1,3203
1,1925
1,10288
1,7703
1,1215
1,15709
1,14336
1,11711
1,13255
1,673
1,3016
1,9933
1,11341
1,10171
1,5709
1,11233
1,1324
1,10048
1,16877
1,2436
1,3100
1,6670
1,14176
1,4088
1,13392
1,1860
1,8942
1,12303
1,7120
1,1282
1,14761
1,13264
1,12311
1,14554
1,7040
1,12744
1,6865
1,12207
1,8214
1,3105
1,363
1,1125
1,1963
1,4345
1,2432
1,9599
1,7096
1,15516
1,12496
1,170
1,17048
1,7569
1,10828
1,6946
1,2232
1,16077
1,7326
1,4637
1,10857
1,10101
1,795
1,10107
1,15384
1,13912
1,17325
1,6697
1,15836
1,9923
1,7793
1,70
1,15119
1,8084
1,16914
1,1331
1,2646
1,11829
1,16279
1,15745
1,14656
1,48
1,5326
1,12019
1,4312
1,6211
1,9998
1,4788
1,7079
1,9995
1,15899
1,3388
1,1641
1,7564
1,8429
1,6792
1,16056
1,15978
1,10140
1,14361
1,14494
1,7791
1,3384
1,11043
1,13539
1,5556
1,6136
1,10505
1,6345
1,754
1,15056
1,14465
1,15188
1,7407
1,13911
1,3858
1,702
1,12651
1,7149
1,14881
1,2844
1,3343
1,995
1,12098
1,12447
1,12464
1,16497
1,16807
1,11822
1,487
1,3074
1,10296
1,7331
1,2481
1,7269
1,3794
1,13643
1,2469
1,8864
1,7771
1,4904
1,8824
1,7038
1,6038
1,12266
1,7397
1,3950
1,382
1,7806
1,9553
1,4804
1,6516
1,1663
1,1584
1,14635
1,8553
1,16654
1,11774
1,2212
1,11461
1,11301
1,1132
1,8157
1,6378
1,900
1,939
1,10542
1,1751
1,11581
1,11569
1,8668
1,12740
1,6150
1,4706
1,7305
1,5834
1,9800
1,11030
1,4956
1,13035
1,8622
1,8524
1,16698
1,265
1,12749
1,17437
1,17309
1,8088
1,4612
1,14170
1,12051
1,3946
1,6086
1,57
1,16664
1,147
1,15264
1,10829
1,6100
1,9980
1,11468
1,8250
1,4048
1,14604
1,11811
1,4925
1,2156
1,15744
1,14517
1,2637
1,16384
1,13019
1,7336
1,17018
1,12666
1,14682
1,5724
1,8246
1,3011
1,13895
1,8555
1,8886
1,2464
1,7288
1,935
1,7042
1,17360
1,4971
1,13856
1,8199
1,3131
1,8082
1,15676
1,11525
1,14781
1,6202
1,8344
1,9062
1,6824
1,1585
1,12179
1,16621
1,17021
1,17145
1,3721
1,2908
1,4056
1,10369
1,13825
1,2557
1,4814
1,17266
1,9262
1,5152
1,10739
1,12159
1,10531
1,6481
1,9214
1,6515
1,11434
1,6543
1,8621
1,15322
1,4811
1,2028
1,3210
1,6483
1,5224
1,9937
1,11187
1,16571
1,9305
1,6587
1,9008
1,12521
1,11496
1,3429
1,2909
1,8056
1,10283
1,6131
1,8205
1,11984
1,9234
1,11607
1,7792
1,1330
1,2385
1,17466
1,15996
1,4247
1,17487
1,7115
1,102
1,3515
1,8522
1,13973
1,2124
1,14299
1,13355
1,8878
1,2931
1,7444
1,5221
1,15999
1,6583
1,9939
1,9358
1,3598
1,14760
1,11740
1,10913
1,8420
1,30
1,13313
1,1943
1,15310
1,3812
1,889
1,10290
1,7193
1,1789
1,9488
1,4768
1,1627
1,2722
1,17089
1,2471
1,17211
1,6938
1,9981
1,14148
1,6613
1,4690
1,9642
1,16507
1,9512
1,13253
1,8450
1,7229
1,12336
1,14077
1,14697
1,16561
2,2307
2,1197
2,9998
2,13588
2,16906
2,11478
2,9500
2,7028
2,7930
2,9328
2,16125
2,7774
2,2065
2,12735
2,3533
2,4861
2,15771
2,1855
2,1292
2,10502
2,5626
2,12229
2,4135
2,11635
2,6770
2,6222
2,1067
2,3322
2,9547
2,14249
2,9144
2,13884
2,3639
2,14149
2,3130
2,15821
2,8342
2,9404
2,76
2,3675
2,4254
2,16454
2,5073
2,14737
2,10751
2,8111
2,16775
2,6836
2,16565
2,1851
2,7194
2,14733
2,3424
2,2836
2,4556
2,134
2,8481
2,7792
2,1494
2,1556
2,5372
2,7309
2,5303
2,3414
2,11849
2,15234
2,4685
2,10156
2,566
2,9987
2,4085
2,5155
2,5104
2,3481
2,689
2,15504
2,5771
2,5219
2,8022
2,3372
2,16995
2,14292
2,16613
2,10505
2,11521
2,8655
2,7283
2,71
2,7798
2,2833
2,12773
2,2398
2,4034
2,17193
2,7253
2,9559
2,13797
2,4249
2,4079
2,6027
2,15144
2,10626
2,11485
2,6461
2,10905
2,15171
2,668
2,11448
2,3844
2,7881
2,7360
2,262
2,368
2,16039
2,133
2,4738
2,3480
2,12865
2,6256
2,14632
2,2997
2,3577
2,3666
2,9113
2,8355
2,14975
2,5500
2,4767
2,16381
2,218
2,15764
2,14955
2,10996
2,5678
2,17388
2,9691
2,9967
2,5981
2,16755
2,3189
2,5652
2,5344
2,9284
2,7307
2,14008
2,737
2,8206
2,9356
2,1691
2,7519
2,753
2,14770
2,11368
2,12214
2,1528
2,9653
2,8531
2,913
2,16546
2,9789
2,13735
2,4405
2,8286
2,7509
2,7276
2,11390
2,5885
2,11756
2,5025
2,5876
2,15775
2,4893
2,3798
2,5229
2,8492
2,6429
2,5557
2,11738
2,15521
2,8662
2,3794
2,15190
2,10583
2,15080
2,15173
2,7789
2,1151
2,17411
2,14559
2,1540
2,11492
2,13117
2,17281
2,3023
2,15855
2,13739
2,15612
2,16427
2,7455
2,16975
2,3013
2,11216
2,4949
2,4847
2,2643
2,1001
2,10636
2,10141
2,6445
2,10223
2,949
2,6093
2,2323
2,12096
2,918
2,10479
2,14831
2,11463
2,7918
2,12625
2,13826
2,13602
2,9646
2,212
2,6454
2,95
2,3453
2,10915
2,8485
2,15875
2,13315
2,6352
2,10780
2,9242
2,11412
2,9845
2,808
2,5074
2,3702
2,15886
2,9867
2,7979
2,1849
2,402
2,14589
2,14766
2,15037
2,5574
2,2370
2,12701
2,12725
2,15289
2,10982
2,13977
2,5123
2,14701
2,7182
2,6647
2,983
2,1902
2,17153
2,3474
2,9197
2,14849
2,14315
2,1930
2,16093
2,7628
2,6318
2,7611
2,9570
2,10869
2,10006
2,10983
2,8444
2,16809
2,15954
2,9237
2,1208
2,10259
2,2040
2,3643
2,6737
2,2380
2,4255
2,3462
2,7620
2,14715
2,3452
2,6862
2,5610
2,8552
2,588
2,17075
2,1500
2,7974
2,6944
2,1021
2,17372
2,7432
2,5532
2,11573
2,16981
2,6417
2,14757
2,11290
2,473
2,12591
2,15679
2,3210
2,10015
2,4061
2,12446
2,6045
2,16678
2,14454
2,16045
2,2008
2,13040
2,5854
2,13645
2,930
2,7490
2,4671
2,6463
2,16670
2,10658
2,9586
2,13121
2,14704
2,1200
2,16205
2,7294
2,3686
2,12849
2,5375
2,15353
2,1721
2,10297
2,2160
2,6787
2,15403
2,14114
2,13512
2,8039
2,4347
2,2816
2,15541
2,15620
2,14654
2,2134
2,4265
2,10618
2,8333
2,2193
2,13725
2,3402
2,9762
2,17384
2,1996
2,9953
2,2695
2,8016
2,17376
2,13361
2,7993
2,6467
2,585
2,13716
2,2817
2,12558
2,2782
2,102
2,15104
2,16410
2,9362
2,16642
2,2976
2,16713
2,2080
2,1846
2,16117
2,6545
2,8176
2,3742
2,12791
2,1965
2,847
2,1895
2,12580
2,10686
2,9203
2,16295
2,7225
2,8446
2,13193
2,3003
2,12973
2,4891
2,15481
2,11888
2,4512
2,10194
2,7547
2,10638
2,8744
2,3530
2,5757
2,10609
2,7710
2,2506
2,6376
2,109
2,2583
2,9848
2,16349
2,16896
2,3547
2,6220
2,777
2,16476
2,4136
2,9577
2,28
2,16055
2,17216
2,9873
2,6552
2,9199
2,11195
2,7799
2,2842
2,12743
2,4802
2,12188
2,5424
2,11021
2,11614
2,63
2,1679
2,2167
2,10089
2,14325
2,771
2,6807
2,11006
2,11275
2,10605
2,1273
2,1678
2,8313
2,2264
2,5162
2,15532
2,16932
2,15749
2,12345
2,9027
2,3114
2,6858
2,9358
2,7144
2,7580
2,637
2,14077
2,14609
2,10079
2,360
2,12079
2,15658
2,13854
2,5252
2,730
2,4589
2,8316
2,4245
2,11215
2,17364
2,2534
2,13006
2,3651
2,3626
2,15199
2,16638
2,1134
2,4715
2,4149
2,15887
2,16812
2,7492
2,14716
2,665
2,7447
2,10062
2,11840
2,2841
2,8941
2,9219
2,11570
2,8666
2,7302
2,11579
2,154
2,16542
2,9595
2,200
2,1099
2,3211
2,15867
2,2293
2,13899
2,9482
2,42
2,16292
2,15701
2,1872
2,6755
2,10612
2,1225
2,9536
2,13235
2,13320
2,15836
2,10385
2,6642
2,7777
2,17215
2,8645
2,9038
2,4392
2,3171
2,13542
2,14784
2,10290
2,15181
2,15299
2,15084
2,13364
2,10334
2,16364
2,14518
2,4081
2,4222
2,806
2,993
2,12937
2,166
2,6063
2,14387
2,7828
2,14516
2,3941
2,13705
2,1991
2,8115
2,6711
2,7256
2,9109
2,15426
2,10988
2,16821
2,2616
2,12854
2,7672
2,14707
2,11904
2,4996
2,8488
2,4406
2,9535
2,10049
2,14651
2,15033
2,1295
2,5946
2,223
2,11819
2,7303
2,17265
2,228
2,11536
2,9977
2,957
2,6947
2,8765
2,8177
2,4499
2,9155
2,2347
2,7279
2,9818
2,16184
2,12256
2,15538
2,13145
2,2374
2,2870
2,962
2,10745
2,12894
2,15833
2,6801
2,8641
2,14985
2,9379
2,988
2,14965
2,13073
2,6590
2,16666
2,3335
2,6498
2,12300
2,8968
2,1790
2,12240
2,3778
2,1192
2,1145
2,12265
2,3957
2,10003
2,5205
2,15346
2,15977
2,15415
2,2097
2,4899
2,599
2,13382
2,8034
2,288
2,1101
2,10989
2,11784
2,13552
2,15295
2,7811
2,16661
2,963
2,3418
2,7582
2,11295
2,5569
2,14982
2,15115
2,4064
2,6341
2,2630
2,3685
2,175
2,4811
2,2409
2,842
2,12756
2,2123
2,6584
2,15847
2,7891
2,1997
2,2705
2,16766
2,12318
2,5128
2,10674
2,15946
2,11442
2,3802
2,11481
2,16933
2,13188
2,12846
2,8434
2,8172
2,12527
2,15120
2,10576
2,9665
2,5509
2,14745
2,10771
2,5593
2,9819
2,15157
2,16473
2,10289
2,13455
2,16195
2,4126
2,2014
2,4198
2,12241
2,6966
2,4867
2,4927
2,16516
2,11565
2,3159
2,5249
2,7137
2,1132
2,2060
2,6730
2,5809
2,15650
2,14899
2,8611
2,12205
2,10295
2,9981
2,9770
2,3834
2,3362
2,13955
2,11870
2,4918
2,15678
2,5395
2,11292
2,9661
2,7678
2,4718
2,15242
2,2204
2,16420
2,15192
2,14630
2,10649
2,2921
2,14750
2,17202
2,14440
2,14279
2,14213
2,6294
2,5625
2,14419
2,14507
2,11585
2,12963
2,2606
2,13581
2,6551
2,6722
2,3518
2,13293
2,11235
2,2857
2,4
2,5793
2,2006
2,10768
2,12753
2,6830
2,9534
2,15228
2,14089
2,7197
2,17409
2,16512
2,15952
2,3181
2,15283
2,16285
2,16100
2,3894
2,7964
2,13794
2,2995
2,10240
2,7898
2,6086
2,6515
2,9016
2,13715
2,13513
2,14099
2,13473
2,7750
2,10758
2,2168
2,9757
2,3108
2,11509
2,16237
2,1604
2,9994
2,9927
2,6079
2,8041
2,13692
2,8158
2,16451
2,15318
2,9223
2,15296
2,2586
2,8728
2,4842
2,4915
2,16158
2,13328
2,6682
2,2688
2,15998
2,5721
2,3336
2,2295
2,11882
2,11440
2,2978
2,13621
2,7608
2,2631
2,11037
2,13499
2,9801
2,14061
2,15349
2,9911
2,10708
2,11987
2,6580
2,9412
2,3616
2,6747
2,9057
2,693
2,5084
2,12336
2,13935
2,159
2,16781
2,8774
2,5036
2,10087
2,16627
2,1385
2,6248
2,16594
2,2252
2,12742
2,11654
2,8848
2,17019
2,8762
2,574
2,6802
2,3671
2,7010
2,6104
2,3025
2,94
2,13122
2,52
2,9341
2,3070
2,5665
2,13165
2,5320
2,15076
2,14583
2,15100
2,1276
2,14562
2,7203
2,4599
2,1330
2,5311
2,9916
2,9322
2,2449
2,16835
2,9807
2,4216
2,2318
2,6054
2,1877
2,8161
2,906
2,14603
2,1923
2,14161
2,7729
2,16708
2,3049
2,4691
2,12228
2,5233
2,14834
2,5751
2,8952
2,3360
2,9881
2,14023
2,12538
2,16664
2,3570
2,4849
2,104
2,14107
2,3855
2,13771
2,4261
2,4699
2,14418
2,291
2,636
2,14460
2,14529
2,12403
2,6419
2,12449
2,13169
2,14574
2,17385
2,555
2,7507
2,10738
2,2740
2,6293
2,8069
2,12775
2,3641
2,1669
2,11513
2,14868
2,10730
2,16502
2,11729
2,11085
2,2760
2,13524
2,10723
2,787
2,13749
2,7843
2,6282
2,3572
2,13370
2,9475
2,12986
2,7965
2,15034
2,9180
2,4786
2,13857
2,2132
2,8687
2,9869
2,3180
2,4662
2,1144
2,6878
2,3769
2,4161
2,4362
2,2666
2,9256
2,14022
2,9315
2,16435
2,8989
2,5717
2,5898
2,7336
2,1838
2,12598
2,8199
2,16103
2,9503
2,8926
2,7321
2,6929
2,6163
2,15169
2,10857
2,7025
2,1083
2,6097
2,3703
2,15220
2,6061
2,12308
2,14592
2,8456
2,9522
2,15383
2,12737
2,8815
2,3497
2,7804
2,10442
2,3767
2,9507
2,4910
2,9885
2,10920
2,10631
2,17065
2,460
2,16849
2,13070
2,4343
2,6653
2,8882
2,17093
2,15901
2,14416
2,15983
2,1453
2,8
2,12416
2,10437
2,1828
2,9261
2,16791
2,2129
2,15738
2,8135
2,16183
2,4227
2,8602
2,12922
2,7499
2,14901
2,9061
2,3724
2,7905
2,3017
2,2434
2,15089
2,2958
2,6330
2,15943
2,14552
2,9307
2,14663
2,12978
2,6766
2,3344
2,12023
2,12793
2,12850
2,15992
2,9310
2,13839
2,5160
2,12393
2,8165
2,16707
2,15341
2,11507
2,1881
2,16016
2,3846
2,8272
2,3384
2,9140
2,8807
2,17023
2,2617
2,4269
2,11632
2,746
2,9546
2,6815
2,12914
2,12292
2,8221
2,11439
2,6332
2,271
2,15195
2,8096
2,10993
2,17299
2,1628
2,6740
2,13019
2,4777
2,5056
2,4361
2,6954
2,14561
2,3160
2,3043
2,1818
2,975
2,6189
2,17491
2,4558
2,13896
2,179
2,13547
2,16994
2,16973
2,9933
2,4218
2,3358
2,5505
2,13500
2,2796
2,15502
2,6087
2,7560
2,8905
2,14025
2,2369
2,10666
2,13175
2,15417
2,2615
2,6877
2,3677
2,17367
2,1769
2,13421
2,7230
2,4962
2,2495
2,814
2,9463
2,14232
2,4332
2,9498
2,16761
2,12864
2,4238
2,654
2,15708
2,15842
2,15446
2,17163
2,13781
2,14636
2,14613
2,16971
2,9189
2,14415
2,12177
2,7679
2,1727
2,7272
2,13723
2,14959
2,17052
2,1613
2,13722
2,16342
2,7304
2,4368
2,1700
2,6110
2,8900
2,16626
2,3102
2,2034
2,9060
2,11264
2,11968
2,15577
2,8225
2,15065
2,2276
2,7670
2,4601
2,8954
2,10351
2,11483
2,9708
2,9353
2,14330
2,13082
2,4675
2,1527
2,6776
2,12563
2,5415
2,14075
2,17481
2,7598
2,1275
2,1511
2,8048
2,10205
2,16334
2,830
2,12152
2,16935
2,5586
2,3349
2,9195
2,13503
2,9971
2,354
2,17461
2,9330
2,12821
2,5872
2,2598
2,14399
2,13081
2,563
2,16037
2,5778
2,9721
2,362
2,17244
2,5431
2,7973
2,12278
2,7266
2,14358
2,13853
2,8143
2,15151
2,15964
2,5256
2,16382
2,1207
2,2313
2,16368
2,8844
2,56
2,13776
2,3696
2,12547
2,8944
2,13948
2,14251
2,3556
2,12508
2,9943
2,7648
2,14064
2,13308
2,4937
2,5604
2,3068
2,6175
2,1708
2,14511
2,9036
2,13307
2,1245
2,9380
2,11278
2,11833
2,1591
2,16173
2,11294
2,11365
2,16700
2,14446
2,1009
2,6400
2,9393
2,14197
2,5021
2,3419
2,4772
2,16830
2,15304
2,9246
2,4930
2,4951
2,13731
2,10427
2,14084
2,12343
2,13125
2,17010
2,8329
2,15398
2,13556
2,190
2,15938
2,10548
2,7644
2,15444
2,16299
2,7867
2,11469
2,13332
2,6160
2,3106
2,755
2,4680
2,11976
2,12931
2,9444
2,17108
2,9548
2,2214
2,9806
2,4188
2,16634
2,4396
2,10890
2,15381
2,5050
2,16885
2,7459
2,12817
2,6028
2,6915
2,733
2,11515
2,17326
2,14981
2,3531
2,7763
2,4152
2,10800
2,17261
2,15160
2,2605
2,10461
2,11745
2,10845
2,12381
2,855
2,1348
2,9051
2,2392
2,6203
2,8338
2,3613
2,9366
2,2054
2,568
2,12751
2,16056
2,16780
2,12638
2,433
2,1073
2,5191
2,5460
2,423
2,12966
2,2349
2,3753
2,3223
2,4645
2,5113
2,11950
2,757
2,2917
2,9239
2,16338
2,8124
2,14215
2,11864
2,14889
2,14794
2,6082
2,9810
2,849
2,2581
2,4970
2,9675
2,7083
2,2795
2,12522
2,13785
2,2911
2,11076
2,6547
2,8545
2,11667
2,11144
2,15811
2,9429
2,11932
2,11925
2,10752
2,283
2,10211
2,14732
2,12335
2,11363
2,2473
2,14992
2,17475
2,5708
2,926
2,9938
2,15348
2,6237
2,15175
2,4381
2,6975
2,4181
2,8142
2,3784
2,12602
2,8318
2,2684
2,7095
2,7377
2,8396
2,10703
2,4835
2,17251
2,8789
2,12440
2,11416
2,270
2,2838
2,15779
2,406
2,2138
2,14743
2,8314
2,5824
2,1586
2,12785
2,6796
2,13064
2,9514
2,17247
2,3909
2,418
2,15879
2,5689
2,72
2,7827
2,7991
2,15827
2,8087
2,5096
2,15858
2,942
2,11956
2,7231
2,7195
2,12584
2,12717
2,6440
2,4140
2,9159
2,3598
2,2753
2,4073
2,11530
2,8040
2,8195
2,11592
2,292
2,16777
2,4833
2,4947
2,17485
2,3443
2,17017
2,5944
2,8269
2,10809
2,4077
2,1220
2,12925
2,2377
2,11889
2,3279
2,7031
2,4212
2,7702
2,7198
2,6723
2,1386
2,4146
2,16844
2,12984
2,15903
2,3081
2,14354
2,14225
2,2084
2,7001
2,2003
2,12929
2,4180
2,9015
2,6032
2,3886
2,17162
2,7953
2,1787
2,1198
2,5163
2,4453
2,12386
2,1978
2,11088
2,17208
2,13966
2,2441
2,16767
2,1933
2,16489
2,7124
2,4288
2,14710
2,15392
2,17143
2,2881
2,9070
2,10816
2,9003
2,3735
2,7143
2,5691
2,9294
2,6359
2,11905
2,6289
2,1648
2,17170
2,1767
2,5094
2,3900
2,8319
2,13446
2,8334
2,14961
2,15568
2,1221
2,15495
2,3808
2,16179
2,15098
2,16855
2,6355
2,16650
2,16698
2,13833
2,8381
2,15279
2,13056
2,16838
2,315
2,8623
2,15608
2,1598
2,12384
2,17324
2,5140
2,6388
2,15535
2,16912
2,13483
2,13802
2,8060
2,2730
2,1960
2,1959
2,4705
2,2779
2,6051
2,1843
2,4339
2,10411
2,5486
2,9681
2,5774
2,10272
2,10090
2,11225
2,8402
2,2924
2,11893
2,767
2,2895
2,241
2,14081
2,13270
2,14685
2,16374
2,7768
2,6451
2,9841
2,16052
2,3176
2,17382
2,16316
2,16617
2,9904
2,16672
2,8302
2,603
2,7515
2,11627
2,12377
2,338
2,456
2,16089
2,16930
2,8128
2,13305
2,6453
2,8270
2,10579
2,15734
2,6524
2,4142
2,10346
2,11591
2,8893
2,9339
2,3327
2,3473
2,5498
2,8647
2,15105
2,2854
2,1782
2,9174
2,6565
2,10110
2,13309
2,17430
2,15815
2,15026
2,16168
2,1729
2,13482
2,7632
2,227
2,16202
2,8673
2,9834
2,8005
2,6106
2,3679
2,6503
2,2136
2,13517
2,14284
2,7818
2,10939
2,9085
2,8430
2,9513
2,17178
2,10
2,14254
2,1293
2,5763
2,9745
2,2788
2,4989
2,16471
2,15479
2,7381
2,5296
2,343
2,3113
2,2333
2,14079
2,1951
2,14729
2,14338
2,11488
2,10980
2,15607
2,11994
2,14505
2,7890
2,8330
2,985
2,4383
2,14791
2,1520
2,11538
2,4933
2,9773
2,16467
2,17063
2,16396
2,15889
2,16867
2,6361
2,9031
2,10918
2,3816
2,7069
2,4226
2,16
2,3553
2,17392
2,3645
2,9064
2,9606
2,15082
2,5881
2,3507
2,1845
2,2099
2,11712
2,6135
2,14638
2,16491
2,7123
2,4352
2,7254
2,17407
2,15316
2,1601
2,9526
2,11552
2,5138
2,1135
2,14046
2,15757
2,14839
2,10441
2,5270
2,6901
2,5349
2,9692
2,13945
2,5058
2,9302
2,1737
2,1399
2,7703
2,7874
2,7765
2,7975
2,17138
2,13199
2,10032
2,7801
2,14689
2,8845
2,4241
2,9533
2,10779
2,2913
2,10521
2,1731
2,272
2,12361
2,16508
2,12137
2,6156
2,5001
2,4224
2,3132
2,17284
2,6972
2,5893
2,7104
2,3088
2,3874
2,8620
2,16142
2,1713
2,513
2,6829
2,6512
2,16379
2,4428
2,738
2,15061
2,3064
2,12248
2,17453
2,8192
2,6228
2,8013
2,17267
2,5232
2,12747
2,11511
2,120
2,4978
2,13526
2,6252
2,12
2,5057
2,15861
2,11019
2,726
2,4635
2,5825
2,17285
2,12561
2,9229
2,862
2,17353
2,13766
2,7106
2,6996
2,8752
2,1699
2,6250
2,10010
2,10444
2,15933
2,2215
2,8757
2,2714
2,2622
2,16038
2,12347
2,832
2,13347
2,4024
2,10108
2,13920
2,5699
2,7888
2,11846
2,8171
2,9886
2,1023
2,14052
2,4279
2,17024
2,4139
2,9169
2,7332
2,9253
2,7839
2,4208
2,530
2,7349
2,3458
2,1650
2,16974
2,11500
2,9208
2,396
2,3174
2,5826
2,11752
2,5905
2,110
2,13045
2,16265
2,16418
2,10554
2,432
2,16607
2,16826
2,17256
2,17362
2,13729
2,13988
2,6528
2,2001
2,6655
2,1149
2,17058
2,8356
2,17184
2,17210
2,12609
2,4507
2,10388
2,10197
2,9196
2,13975
2,9980
2,3936
2,13863
2,224
2,8037
2,12246
2,17151
2,8559
2,14396
2,11666
2,12484
2,3988
2,10687
2,377
2,15420
2,14005
2,9186
2,10206
2,3370
2,8321
2,11604
2,11374
2,16461
2,15022
2,13663
2,6436
2,2184
2,6832
2,5596
2,16968
2,955
2,7450
2,7080
2,12728
2,4203
2,12637
2,14720
2,2173
2,14927
2,14850
2,1969
2,10799
2,3125
2,12657
2,16681
2,17435
2,14194
2,15083
2,16747
2,8186
2,6707
2,9466
2,10958
2,2657
2,11546
2,13299
2,7301
2,7871
2,10263
2,2774
2,8935
2,12480
2,6957
2,16952
2,2770
2,5798
2,3120
2,6769
2,16827
2,4363
2,15843
2,16842
2,13209
2,5236
2,8463
2,12150
2,9921
2,7290
2,5453
2,1709
2,5599
2,3157
2,16632
2,5747
2,10784
2,8622
2,5007
2,2166
2,8278
2,7669
2,5283
2,8026
2,424
2,1163
2,16470
2,10590
2,15751
2,1439
2,13498
2,15729
2,2823
2,3257
2,14243
2,7221
2,6735
2,15254
2,2508
2,9751
2,11396
2,15844
2,2412
2,4612
2,6113
2,17077
2,9213
2,8345
2,16371
2,2073
2,6665
2,9919
2,6328
2,11023
2,2219
2,4948
2,2827
2,7978
2,17090
2,16087
2,17403
2,10318
2,13114
2,10927
2,15981
2,3793
2,125
2,1656
2,7861
2,14940
2,540
2,17328
2,10450
2,7920
2,13233
2,2852
2,2402
2,12069
2,15121
2,2969
2,2849
2,11446
2,308
2,17232
2,8682
2,10812
2,12103
2,16653
2,13850
2,9105
2,3297
2,16573
2,11560
2,5877
2,12135
2,3234
2,14402
2,11208
2,6279
2,10979
2,1746
2,13881
2,127
2,1816
2,486
2,10069
2,6406
2,5533
2,147
2,17123
2,17477
2,10600
2,2329
2,7438
2,15465
2,13172
2,9292
2,1459
2,13895
2,16477
2,9882
2,526
2,6634
2,1179
2,10189
2,5951
2,2570
2,15837
2,13400
2,15849
2,9878
2,1217
2,3329
2,15884
2,10966
2,491
2,8724
2,12170
2,5499
2,10923
2,11476
2,14262
2,15662
2,3860
2,16298
2,12085
2,10182
2,17460
2,10949
2,8479
2,10580
2,7169
2,4750
2,17234
2,6604
2,11717
2,3534
2,2596
2,14812
2,13680
2,8001
2,8561
2,2245
2,8197
2,13730
2,15355
2,11755
2,1114
2,9132
2,4616
2,12008
2,6384
2,3266
2,11057
2,1578
2,15290
2,17081
2,2726
2,10898
2,1235
2,7006
2,8856
2,14475
2,8008
2,11561
2,11655
2,239
2,1796
2,3750
2,8880
2,5361
2,1327
2,875
2,9026
2,220
2,12122
2,7936
2,4151
2,8387
2,11720
2,5520
2,9135
2,5121
2,12886
2,11176
2,13022
2,11906
2,11766
2,13187
2,11622
2,12565
2,339
2,786
2,455
2,9709
2,8838
2,15069
2,9680
2,11251
2,16805
2,10168
2,635
2,3555
2,4367
2,6624
2,13841
2,14799
2,12056
2,1498
2,645
2,1824
2,4006
2,5059
2,7211
2,5994
2,4839
2,2079
2,11490
2,12636
2,2905
2,11149
2,9574
2,5224
2,10364
2,659
2,15337
2,6710
2,16870
2,2697
2,16837
2,15575
2,3472
2,16272
2,6717
2,15369
2,6322
2,16151
2,12524
2,14375
2,10950
2,9384
2,509
2,5220
2,1107
2,16283
2,13095
2,7270
2,5305
2,10231
2,1948
2,1724
2,14010
2,14368
2,8515
2,10824
2,784
2,14382
2,7070
2,1680
2,14571
2,10348
2,10697
2,14594
2,12861
2,3077
2,4272
2,8325
2,10361
2,11135
2,4586
2,16693
2,8572
2,7690
2,9059
2,8242
2,12631
2,11133
2,14380
2,13982
2,7107
2,8398
2,10821
2,17080
2,14984
2,14437
2,13678
2,14360
2,2577
2,196
2,11580
2,4356
2,6677
2,11960
2,16859
2,13015
2,9019
2,15746
2,11129
2,8651
2,3955
2,4778
2,1963
2,7943
2,4774
2,2482
2,9893
2,12648
2,16085
2,13065
2,5935
2,405
2,3718
2,10926
2,8222
2,5142
2,16304
2,15272
2,4644
2,9472
2,13759
2,10725
2,14104
2,13373
2,10120
2,2832
2,12322
2,17258
2,9677
2,4622
2,6784
2,11620
2,15434
2,5093
2,5607
2,4384
2,280
2,9942
2,4637
2,13903
2,5429
2,10463
2,14643
2,1976
2,12291
2,705
2,10642
2,4942
2,14953
2,8910
2,5422
2,12767
2,6254
2,5723
2,14902
2,9306
2,10875
2,3163
2,12830
2,5149
2,8877
2,8962
2,14801
2,6742
2,5347
2,544
2,16689
2,14150
2,17297
2,13720
2,12815
2,14164
2,12359
2,8311
2,15624
2,14983
2,16018
2,768
2,10849
2,4127
2,13938
2,6209
2,9415
2,13579
2,10167
2,2259
2,1246
2,2912
2,8346
2,8163
2,186
2,14847
2,2687
2,9817
2,4944
2,14092
2,8014
2,11219
2,16600
2,17483
2,1984
2,13120
2,510
2,3213
2,3294
2,319
2,13521
2,4679
2,5449
2,8320
2,8921
2,11890
2,7838
2,12671
2,10392
2,15442
2,6270
2,16101
2,7923
2,6991
2,538
2,8151
2,6016
2,5145
2,729
2,15561
2,12656
2,12520
2,6471
2,2945
2,2282
2,8804
2,11338
2,15642
2,7958
2,13532
2,1258
2,6714
2,13917
2,1594
2,3314
2,4725
2,16319
2,6459
2,3879
2,9767
2,2505
2,5990
2,3708
2,15635
2,15793
2,6420
2,8974
2,13536
2,12130
2,13927
2,8290
2,6486
2,4138
2,15011
2,9235
2,5159
2,685
2,14463
2,2716
2,14860
2,13767
2,7997
2,2498
2,10518
2,13789
2,8182
2,1486
2,6525
2,15730
2,7386
2,9896
2,3517
2,11473
2,3006
2,5702
2,12390
2,750
2,4992
2,8607
2,12639
2,7552
2,14892
2,10876
2,4467
2,6595
2,388
2,3191
2,6129
2,14687
2,12100
2,9494
2,3420
2,12462
2,5276
2,1036
2,13801
2,11213
2,10744
2,981
2,5849
2,12444
2,12063
2,12439
2,2383
2,13882
2,7435
2,16386
2,6140
2,11289
2,7895
2,4478
2,12423
2,15246
2,1309
2,14601
2,6120
2,3501
2,2490
2,9332
2,9047
2,17013
2,13277
2,12588
2,1798
2,16057
2,4873
2,2381
2,15258
2,13214
2,15528
2,17469
2,10818
2,12385
2,6989
2,15863
2,14457
2,13181
2,598
2,1284
2,14580
2,14554
2,12525
2,940
2,7495
2,15974
2,4844
2,9573
2,11077
2,16593
2,6721
2,6576
2,13606
2,7318
2,889
2,9218
2,16893
2,15619
2,9774
2,11988
2,2292
2,7514
2,8193
2,1433
2,3340
2,8357
2,17313
2,6504
2,4570
2,7791
2,10490
2,11750
2,16774
2,14572
2,14517
2,15894
2,3309
2,13255
2,11868
2,12677
2,14842
2,7817
2,7726
2,13075
2,8449
2,6777
2,3383
2,7564
2,1175
2,3903
2,13979
2,10143
2,14997
2,6029
2,8690
2,16423
2,2741
2,8852
2,4590
2,877
2,290
2,8091
2,823
2,12881
2,10232
2,9350
2,4004
2,9334
2,7526
2,8564
2,9861
2,5248
2,3883
2,2348
2,17437
2,5924
2,14644
2,12698
2,11150
2,8441
2,9809
2,15449
2,12882
2,3775
2,8795
2,11134
2,4652
2,17264
2,6702
2,14966
2,12184
2,8042
2,1466
2,13351
2,661
2,7263
2,9799
2,9603
2,8718
2,1226
2,7658
2,14680
2,6283
2,5760
2,15791
2,15782
2,15828
2,8959
2,16662
2,9674
2,6008
2,7626
2,7873
2,10072
2,3582
2,1125
2,2352
2,4458
2,13218
2,16177
2,6775
2,14764
2,2653
2,1147
2,15389
2,11206
2,4456
2,5014
2,8760
2,17279
2,3850
2,4036
2,5251
2,10770
2,1734
2,9622
2,3485
2,16537
2,10836
2,6326
2,554
2,14103
2,6487
2,3337
2,9964
2,12994
2,15617
2,11443
2,10839
2,9120
2,17124
2,4276
2,5434
2,7886
2,15517
2,8540
2,12712
2,13973
2,6631
2,1935
2,7652
2,13772
2,8593
2,1191
2,15554
2,1990
2,334
2,16344
2,6230
2,5488
2,9435
2,11691
2,39
2,9088
2,7742
2,4748
2,13625
2,7173
2,3264
2,12342
2,5922
2,12216
2,2344
2,4904
2,14003
2,7462
2,7337
2,1621
2,10164
2,2808
2,1683
2,14231
2,8691
2,1535
2,10111
2,1929
2,7071
2,4460
2,15674
2,5697
2,11885
2,6055
2,919
2,14544
2,8061
2,5077
2,14244
2,12380
2,2785
2,7114
2,1957
2,2645
2,16447
2,13475
2,9796
2,5338
2,5442
2,13695
2,9814
2,2487
2,13644
2,15014
2,4055
2,13949
2,11984
2,11193
2,11357
2,16769
2,6882
2,9222
2,7110
2,16733
2,17292
2,17168
2,3377
2,12178
2,2355
2,2910
2,8873
2,9096
2,14760
2,13426
2,6302
2,5818
2,1482
2,3676
2,7384
2,5471
2,10378
2,16370
2,1964
2,12942
2,5483
2,16566
2,11798
2,13294
2,6548
2,7364
2,8663
2,6269
2,7500
2,1294
2,10443
2,2059
2,3789
2,7392
2,14044
2,10154
2,4721
2,13670
2,10472
2,15126
2,1333
2,8067
2,202
2,6006
2,12198
2,2162
2,14345
2,6754
2,14438
2,4727
2,6964
2,4113
2,14369
2,17099
2,5725
2,5612
2,221
2,5650
2,5387
2,14485
2,2423
2,10880
2,3028
2,4898
2,5956
2,15683
2,1973
2,128
2,6725
2,10717
2,11301
2,10914
2,6143
2,9107
2,4758
2,6908
2,17111
2,17370
2,9006
2,9066
2,2301
2,6263
2,680
2,10213
2,15313
2,8064
2,17050
2,16464
2,1870
2,233
2,13972
2,2278
2,1605
2,11804
2,4484
2,11551
2,3760
2,9542
2,2610
2,1829
2,14830
2,2884
2,5452
2,7911
2,2892
2,12304
2,9436
2,7787
2,1290
2,9313
2,7242
2,1665
2,3477
2,11414
2,15177
2,12566
2,13699
2,305
2,2133
2,14374
2,14129
2,15387
2,13831
2,3646
2,8694
2,2567
2,16717
2,13520
2,2759
2,7537
2,11449
2,16850
2,13149
2,10485
2,17325
2,3170
2,5719
2,6144
2,13732
2,15483
2,11444
2,4993
2,8854
2,10401
2,3607
2,7048
2,1606
2,1000
2,9711
2,14417
2,3348
2,13496
2,5628
2,2920
2,11826
2,10511
2,11828
2,4019
2,2443
2,7017
2,5215
2,727
2,10960
2,216
2,12600
2,2681
2,625
2,12466
2,10762
2,2429
2,1561
2,2285
2,3334
2,3396
2,9525
2,8448
2,2135
2,6030
2,723
2,222
2,1044
2,12226
2,1917
2,15390
2,13186
2,16701
2,9580
2,2273
2,7496
2,5978
2,946
2,5670
2,6880
2,11420
2,7285
2,9969
2,187
2,8056
2,6475
2,5069
2,1074
2,4150
2,3863
2,11969
2,2890
2,11633
2,12832
2,8501
2,10712
2,917
2,1755
2,1017
2,6456
2,14836
2,15259
2,6354
2,3107
2,9326
2,13981
2,8148
2,15096
2,2931
2,8719
2,15621
2,17441
2,14147
2,10177
2,13043
2,5082
2,7941
2,363
2,2692
2,10835
2,3610
2,1384
2,9625
2,15578
2,7374
2,9685
2,9554
2,6940
2,9185
2,13401
2,3580
2,16043
2,14897
2,13700
2,7819
2,10447
2,6141
2,2056
2,11522
2,15124
2,6205
2,17112
2,4687
2,5377
2,864
2,266
2,11282
2,4502
2,5426
2,16560
2,13163
2,12203
2,3649
2,16831
2,3137
2,11119
2,379
2,5584
2,3338
2,3478
2,8659
2,7623
2,12673
2,7725
2,7275
2,11948
2,17359
2,8618
2,8352
2,13436
2,14223
2,6546
2,1654
2,8307
2,17237
2,9902
2,7122
2,17406
2,1069
2,5239
2,6414
2,14177
2,5435
2,6126
2,10785
2,13130
2,151
2,16540
2,12557
2,7856
2,3425
2,13821
2,10742
2,15834
2,7150
2,9434
2,838
2,16602
2,6839
2,372
2,5510
2,11820
2,2991
2,14768
2,3076
2,14145
2,6751
2,3565
2,1717
2,13389
2,15969
2,9176
2,1415
2,11078
2,7460
2,12887
2,6728
2,16207
2,17204
2,13399
2,8274
2,8275
2,8123
2,3378
2,5677
2,3161
2,10599
2,15643
2,2644
2,7852
2,15511
2,11472
2,11255
2,4494
2,3786
2,710
2,7831
2,12471
2,16230
2,11039
2,14765
2,10157
2,8440
2,7081
2,3529
2,9545
2,9909
2,12019
2,3238
2,7834
2,7903
2,9291
2,14113
2,12171
2,3877
2,11613
2,11105
2,6834
2,2545
2,3993
2,13131
2,13762
2,2389
2,2387
2,1193
2,3585
2,11244
2,16680
2,9249
2,13301
2,3602
2,4040
2,10884
2,3771
2,6070
2,4625
2,10757
2,7026
2,10477
2,11351
2,13079
2,14673
2,13231
2,4376
2,17173
2,3188
2,2571
2,9598
2,7859
2,8097
2,6075
2,11823
2,8986
2,2110
2,2396
2,14610
2,11963
2,12804
2,8810
2,6112
2,16074
2,11361
2,276
2,9009
2,4969
2,10489
2,6629
3,4298
3,1435
3,16090
3,11644
3,4456
3,2494
3,5666
3,4963
3,8369
3,4162
3,5402
3,8295
3,5619
3,4825
3,8016
3,13534
3,184
3,4045
3,12696
3,13299
3,1868
3,13869
3,14354
3,2684
3,9981
3,6167
3,7185
3,7241
3,4805
3,2966
3,12120
3,5521
3,1291
3,2126
3,13257
3,9932
3,16910
3,5280
3,16230
3,7062
3,1497
3,1367
3,12398
3,8347
3,11604
3,12170
3,419
3,3496
3,14167
3,6708
3,14817
3,5331
3,4714
3,13204
3,5293
3,6141
3,3560
3,15291
3,8493
3,3237
3,9099
3,17012
3,5855
3,11575
3,15876
3,14069
3,17101
3,7535
3,10965
3,17133
3,9385
3,10825
3,16884
3,16218
3,388
3,11474
3,17037
3,8506
3,15401
3,17232
3,13231
3,2292
3,983
3,5314
3,6093
3,9508
3,9282
3,5850
3,4602
3,8597
3,15866
3,4776
3,5497
3,15621
3,3282
3,12877
3,16886
3,12954
3,5151
3,7065
3,1395
3,17418
3,13439
3,5477
3,10291
3,10535
3,16671
3,6812
3,12393
3,13822
3,17476
3,3487
3,11006
3,10136
3,10133
3,9339
3,7456
3,4864
3,4451
3,4550
3,774
3,14143
3,10199
3,9788
3,11589
3,3925
3,17120
3,6777
3,9700
3,2702
3,6197
3,15253
3,5881
3,11897
3,14834
3,2770
3,2037
3,939
3,11438
3,16604
3,3680
3,15343
3,11764
3,9946
3,2766
3,15117
3,11677
3,11855
3,2557
3,9687
3,2332
3,6613
3,15156
3,7849
3,15402
3,11686
3,3426
3,10942
3,4709
3,12842
3,11069
3,15671
3,3048
3,6060
3,12501
3,7189
3,10708
3,821
3,10945
3,8382
3,3661
3,7831
3,6161
3,10954
3,11704
3,1599
3,4607
3,3478
3,2341
3,2200
3,6328
3,11312
3,369
3,13381
3,6270
3,10725
3,2062
3,17170
3,11968
3,7032
3,8126
3,10811
3,6821
3,5141
3,926
3,9636
3,10392
3,1987
3,4219
3,6722
3,5502
3,12136
3,9531
3,17094
3,1378
3,9245
3,3791
3,4246
3,5439
3,882
3,14815
3,7877
3,9910
3,1013
3,4584
3,12196
3,468
3,7157
3,8027
3,2685
3,12285
3,11029
3,1426
3,5326
3,4383
3,6825
3,16566
3,5361
3,7949
3,6896
3,6981
3,10854
3,12250
3,3154
3,12712
3,7505
3,1647
3,467
3,16898
3,4094
3,4304
3,8911
3,332
3,12682
3,2642
3,1358
3,5011
3,286
3,10895
3,1702
3,13436
3,9407
3,8440
3,10821
3,14064
3,1927
3,11615
3,16793
3,11341
3,13589
3,9052
3,16752
3,8673
3,13778
3,11782
3,6218
3,13077
3,7309
3,15968
3,763
3,1745
3,14268
3,53
3,17411
3,8739
3,1821
3,6522
3,6366
3,6432
3,2889
3,6451
3,5332
3,10893
3,6038
3,1903
3,6216
3,6087
3,14138
3,15767
3,7495
3,7733
3,6208
3,16061
3,9759
3,3047
3,14386
3,5795
3,14588
3,14726
3,4292
3,15410
3,427
3,12452
3,3962
3,7985
3,13337
3,9280
3,3473
3,5875
3,11763
3,14307
3,4510
3,9117
3,14934
3,3674
3,5864
3,4372
3,5310
3,14608
3,2453
3,4187
3,9609
3,15504
3,1292
3,15002
3,10862
3,9692
3,12646
3,4102
3,15071
3,9952
3,5291
3,561
3,12881
3,16937
3,16555
3,15260
3,2353
3,9489
3,7310
3,15522
3,11592
3,9620
3,17025
3,3017
3,6360
3,2690
3,15690
3,10689
3,12995
3,11956
3,14775
3,14072
3,1376
3,15392
3,10694
3,9809
3,2944
3,7659
3,12710
3,6080
3,16734
3,4489
3,2667
3,407
3,15856
3,15509
3,2383
3,5305
3,3530
3,10814
3,17031
3,4285
3,10275
3,4820
3,10711
3,6463
3,14982
3,6049
3,17172
3,17255
3,6570
3,4286
3,5920
3,11689
3,7977
3,2599
3,13221
3,9445
3,13466
3,6553
3,13347
3,824
3,11569
3,6798
3,17453
3,13791
3,5230
3,7507
3,13500
3,14388
3,12700
3,3164
3,8549
3,1334
3,12603
3,13372
3,5981
3,906
3,9505
3,1538
3,1066
3,11216
3,3060
3,14272
3,5936
3,6549
3,2368
3,13266
3,10801
3,9983
3,4577
3,13705
3,17128
3,3428
3,12957
3,9912
3,6844
3,7256
3,15465
3,216
3,5252
3,5722
3,13485
3,6790
3,281
3,7328
3,16385
3,11880
3,9669
3,6927
3,14713
3,11486
3,8099
3,13863
3,12360
3,16077
3,3545
3,6163
3,14511
3,10671
3,1322
3,2063
3,1336
3,1583
3,5873
3,13582
3,12106
3,7038
3,15543
3,6294
3,10455
3,16194
3,14527
3,15740
3,14671
3,14105
3,5839
3,8889
3,15822
3,12609
3,13793
3,6836
3,4348
3,6424
3,16714
3,15969
3,8341
3,5894
3,1454
3,2172
3,10334
3,1220
3,3291
3,8545
3,15317
3,5966
3,11366
3,9372
3,1994
3,9513
3,9133
3,11771
3,4679
3,12232
3,14221
3,4434
3,5398
3,3694
3,3976
3,8318
3,16765
3,10872
3,6433
3,11588
3,1921
3,2816
3,16294
3,1882
3,8482
3,7101
3,15699
3,10760
3,12643
3,8176
3,16857
3,14103
3,11075
3,14027
3,6856
3,16938
3,14947
3,2184
3,17250
3,15534
3,2759
3,1885
3,5065
3,15437
3,1794
3,3590
3,7303
3,11545
3,14772
3,7236
3,13559
3,10548
3,876
3,9989
3,16076
3,17177
3,17335
3,8782
3,9570
3,1428
3,8200
3,8629
3,5257
3,258
3,17233
3,5309
3,5346
3,5992
3,11538
3,5473
3,17229
3,15713
3,8789
3,3477
3,4468
3,1048
3,16238
3,4411
3,6492
3,174
3,14317
3,2670
3,14073
3,8245
3,13039
3,8423
3,2792
3,5513
3,4154
3,6271
3,14256
3,2636
3,7580
3,7980
3,11911
3,4438
3,4842
3,2460
3,8586
3,17406
3,8308
3,16213
3,13715
3,6279
3,13690
3,5236
3,5469
3,8153
3,17285
3,1610
3,10566
3,1361
3,7377
3,1715
3,16349
3,10144
3,14275
3,14929
3,7339
3,15024
3,15204
3,4815
3,3788
3,11308
3,9291
3,12577
3,7264
3,14579
3,16931
3,870
3,16122
3,8871
3,13363
3,2016
3,8314
3,13490
3,3678
3,2554
3,15731
3,1092
3,10246
3,16477
3,12284
3,15695
3,3546
3,11755
3,6774
3,12886
3,5051
3,6174
3,12753
3,15816
3,9591
3,12368
3,4771
3,4780
3,1902
3,10189
3,10510
3,10890
3,2893
3,2055
3,13580
3,17276
3,8120
3,6195
3,4753
3,2005
3,8101
3,14748
3,16384
3,3724
3,4256
3,1805
3,16967
3,5990
3,2752
3,759
3,2735
3,10866
3,11527
3,4404
3,3274
3,684
3,15548
3,7460
3,2512
3,4984
3,2002
3,4604
3,16781
3,1906
3,1537
3,3794
3,1400
3,17355
3,5426
3,5149
3,11309
3,2857
3,16603
3,7615
3,2265
3,1371
3,11640
3,5050
3,11773
3,15790
3,7246
3,3588
3,2665
3,15181
3,16767
3,13970
3,10906
3,11503
3,15150
3,4321
3,15279
3,16880
3,8695
3,14848
3,14689
3,17491
3,2576
3,16343
3,721
3,14375
3,11564
3,16161
3,7286
3,6891
3,17392
3,10636
3,2338
3,2083
3,2968
3,17484
3,10833
3,5209
3,15367
3,16312
3,7983
3,16283
3,14285
3,11095
3,12624
3,3832
3,1477
3,6546
3,9375
3,1026
3,1828
3,16541
3,14012
3,2938
3,8647
3,11518
3,12566
3,7823
3,10041
3,10612
3,1364
3,1084
3,2502
3,9218
3,4222
3,10249
3,9181
3,8463
3,5488
3,13717
3,7145
3,11494
3,4943
3,1363
3,359
3,11798
3,16529
3,14654
3,6943
3,17463
3,1509
3,11193
3,5040
3,12594
3,11404
3,7054
3,3033
3,9403
3,840
3,11902
3,15101
3,15137
3,4049
3,13987
3,13875
3,5840
3,1137
3,3854
3,10419
3,15444
3,900
3,15807
3,12615
3,2467
3,6425
3,6026
3,17151
3,6138
3,892
3,7836
3,38
3,2147
3,2397
3,12731
3,6131
3,8174
3,10320
3,3374
3,6099
3,11925
3,1407
3,2937
3,7478
3,5766
3,17115
3,9955
3,13152
3,15498
3,7626
3,12145
3,11255
3,1222
3,13959
3,10828
3,8196
3,9144
3,10203
3,14054
3,11077
3,4572
3,15007
3,9868
3,9948
3,4512
3,13532
3,2335
3,10468
3,7481
3,1353
3,12833
3,1006
3,12380
3,2789
3,1427
3,5684
3,5620
3,3758
3,4973
3,4211
3,680
3,12276
3,12928
3,5501
3,6860
3,293
3,6888
3,3468
3,17022
3,3920
3,353
3,10386
3,7883
3,2349
3,4887
3,12729
3,16451
3,12334
3,6326
3,15167
3,537
3,16653
3,10269
3,13759
3,12477
3,11945
3,14387
3,7399
3,12033
3,10258
3,16224
3,12872
3,11739
3,6097
3,11468
3,2034
3,6803
3,2245
3,2567
3,2272
3,2179
3,12297
3,15623
3,13609
3,4516
3,14520
3,16790
3,7074
3,14590
3,3568
3,14001
3,12618
3,14629
3,1294
3,1508
3,3438
3,4381
3,11179
3,12763
3,5609
3,7376
3,15042
3,8407
3,13011
3,12445
3,8219
3,8026
3,13527
3,15869
3,13302
3,17196
3,7892
3,7277
3,6339
3,2972
3,11016
3,10332
3,6154
3,13488
3,15788
3,957
3,15364
3,712
3,12173
3,6042
3,3692
3,1059
3,7319
3,11504
3,4788
3,4023
3,1171
3,8956
3,6736
3,6054
3,11792
3,8055
3,211
3,6725
3,375
3,12875
3,9656
3,15014
3,3018
3,9924
3,14379
3,12999
3,13696
3,15342
3,10936
3,16748
3,17141
3,9298
3,10578
3,16815
3,13229
3,5822
3,546
3,9765
3,1671
3,16974
3,2090
3,4299
3,1761
3,3697
3,3376
3,17441
3,1804
3,17471
3,6678
3,10706
3,15090
3,15661
3,5803
3,8161
3,16551
3,9951
3,16726
3,15660
3,800
3,131
3,11975
3,16255
3,11848
3,8527
3,16872
3,7935
3,1814
3,14434
3,7603
3,11659
3,1869
3,784
3,3130
3,3528
3,298
3,7767
3,6278
3,13475
3,997
3,15352
3,17001
3,1684
3,14539
3,5451
3,12176
3,17163
3,13518
3,8544
3,16763
3,4071
3,845
3,2113
3,12153
3,14534
3,5103
3,5232
3,17400
3,14621
3,714
3,13761
3,5434
3,5217
3,15756
3,2734
3,12374
3,8237
3,17017
3,16356
3,8136
3,15448
3,4075
3,356
3,15203
3,12416
3,11743
3,3762
3,10381
3,15446
3,1085
3,10499
3,16774
3,12439
3,3510
3,4201
3,249
3,15322
3,1184
3,11324
3,9907
3,12172
3,7072
3,11177
3,5705
3,1677
3,7851
3,2238
3,572
3,767
3,3391
3,9709
3,4729
3,6626
3,8766
3,14492
3,16625
3,7041
3,15826
3,30
3,15507
3,4362
3,16117
3,11977
3,11342
3,7096
3,484
3,8670
3,1491
3,15378
3,14719
3,7197
3,15449
3,13517
3,15979
3,857
3,384
3,12947
3,11199
3,8193
3,13834
3,8264
3,6290
3,9374
3,17459
3,4661
3,7773
3,10693
3,6178
3,6238
3,16377
3,12348
3,5167
3,13579
3,4482
3,3948
3,9287
3,17235
3,10356
3,13137
3,16710
3,11074
3,8478
3,213
3,17262
3,16177
3,3152
3,11490
3,2716
3,6810
3,16082
3,13994
3,7458
3,4941
3,17437
3,3846
3,16372
3,11819
3,13162
3,8602
3,3667
3,3686
3,13597
3,11481
3,1553
3,7587
3,11419
3,7242
3,16479
3,17099
3,5732
3,7683
3,12861
3,11679
3,9740
3,16651
3,7259
3,2597
3,1210
3,10597
3,7891
3,9257
3,12472
3,6876
3,692
3,11399
3,6460
3,12221
3,15823
3,2811
3,12704
3,16211
3,11804
3,17457
3,15225
3,11676
3,15562
3,8724
3,4921
3,143
3,13513
3,17036
3,6025
3,12487
3,12068
3,16403
3,5590
3,4388
3,14755
3,9904
3,2183
3,11132
3,4877
3,4031
3,7930
3,2070
3,13108
3,12402
3,13545
3,6595
3,10185
3,10272
3,14096
3,17254
3,3521
3,3997
3,6607
3,9522
3,1789
3,8644
3,9145
3,8148
3,10114
3,14681
3,14287
3,51
3,8077
3,11517
3,3787
3,4655
3,14826
3,3853
3,6205
3,8650
3,17399
3,7137
3,16285
3,14820
3,15663
3,4088
3,5697
3,1301
3,4676
3,7199
3,13983
3,6343
3,10022
3,11936
3,13828
3,15009
3,9856
3,16840
3,8162
3,10853
3,10649
3,13984
3,6525
3,1148
3,7907
3,6640
3,3004
3,12735
3,4876
3,6117
3,3820
3,2322
3,15012
3,1762
3,14088
3,15914
3,7558
3,3677
3,10981
3,9604
3,14752
3,5689
3,8155
3,6078
3,14655
3,16353
3,8349
3,3224
3,5630
3,7083
3,6220
3,16426
3,934
3,2108
3,1073
3,16388
3,3675
3,16476
3,12247
3,3296
3,9761
3,11505
3,9072
3,8571
3,8702
3,7920
3,3591
3,1925
3,13366
3,9693
3,12862
3,3268
3,9853
3,11514
3,6325
3,11061
3,635
3,12166
3,15336
3,12602
3,15832
3,3488
3,8288
3,10791
3,4834
3,4985
3,8895
3,5264
3,4785
3,12317
3,7611
3,1002
3,13211
3,17126
3,13072
3,16205
3,7221
3,3346
3,14938
3,4868
3,14699
3,13022
3,3703
3,9632
3,6299
3,2991
3,14083
3,8756
3,2439
3,6791
3,15611
3,12128
3,8212
3,5998
3,10715
3,10528
3,5634
3,14037
3,16965
3,5224
3,4254
3,7411
3,1205
3,963
3,5748
3,14910
3,13238
3,3220
3,8565
3,16919
3,15298
3,2545
3,7852
3,12984
3,1649
3,3161
3,8097
3,10407
3,17225
3,7347
3,14210
3,15529
3,5672
3,9128
3,2378
3,5120
3,8634
3,3301
3,6022
3,2648
3,13476
3,13244
3,10423
3,8173
3,11219
3,5381
3,12053
3,7846
3,8735
3,12550
3,11085
3,12009
3,7289
3,11213
3,2142
3,17219
3,6807
3,7464
3,12960
3,108
3,2627
3,682
3,12290
3,7396
3,6914
3,10004
3,1961
3,522
3,6831
3,16415
3,5234
3,6016
3,14977
3,4240
3,12234
3,11081
3,5948
3,9265
3,14917
3,5757
3,730
3,6230
3,7857
3,4274
3,7885
3,10638
3,12113
3,14555
3,12208
3,16053
3,2988
3,2389
3,1129
3,12927
3,11461
3,9241
3,11397
3,9388
3,331
3,2433
3,4460
3,1667
3,17049
3,8848
3,8425
3,2209
3,6102
3,10078
3,13184
3,7635
3,16178
3,5165
3,7133
3,8060
3,8483
3,3333
3,321
3,17208
3,177
3,10402
3,10150
3,13512
3,9712
3,5250
3,7349
3,17306
3,9469
3,16658
3,13603
3,10904
3,16866
3,4309
3,4997
3,3461
3,11099
3,4009
3,15441
3,310
3,17288
3,8395
3,12023
3,4303
3,13943
3,5429
3,13802
3,11889
3,956
3,12480
3,14124
3,314
3,16276
3,4768
3,10469
3,1883
3,5813
3,3453
3,3300
3,16861
3,8612
3,10461
3,3442
3,5413
3,12883
3,13479
3,1471
3,4697
3,15639
3,11363
3,7896
3,3727
3,7156
3,8751
3,2009
3,7775
3,14632
3,5317
3,10999
3,15709
3,13889
3,2535
3,7795
3,2263
3,11201
3,4258
3,9248
3,16520
3,11989
3,8309
3,1041
3,8939
3,1597
3,17053
3,7844
3,3633
3,7461
3,641
3,4264
3,9543
3,931
3,15727
3,14153
3,12169
3,15078
3,12655
3,13821
3,5239
3,1104
3,5158
3,389
3,1016
3,9371
3,11909
3,11254
3,12649
3,3625
3,8427
3,10430
3,11466
3,3279
3,6763
3,1306
3,12090
3,11210
3,4238
3,9581
3,3389
3,798
3,16670
3,8783
3,15173
3,7945
3,12209
3,15283
3,9647
3,17394
3,12373
3,6200
3,3859
3,4749
3,13185
3,1204
3,2235
3,2207
3,12545
3,7643
3,16288
3,2581
3,330
3,10698
3,4638
3,5957
3,6162
3,9681
3,15589
3,13447
3,2919
3,8679
3,6828
3,15647
3,7573
3,142
3,15262
3,8943
3,5695
3,16599
3,3209
3,392
3,4048
3,6398
3,4350
3,14437
3,5972
3,4549
3,203
3,16417
3,8479
3,3311
3,6558
3,13446
3,10534
3,4208
3,7934
3,7582
3,10186
3,3109
3,12612
3,17244
3,6875
3,8714
3,2032
3,5883
3,1979
3,744
3,9435
3,12553
3,2133
3,2017
3,6902
3,12669
3,7704
3,6116
3,16196
3,14749
3,11084
3,6878
3,3826
3,13898
3,8166
3,4168
3,12898
3,10554
3,12968
3,9429
3,16940
3,3614
3,7162
3,9326
3,5944
3,9222
3,14881
3,7073
3,7650
3,13346
3,5588
3,9608
3,2264
3,2283
3,3286
3,6356
3,10599
3,2946
3,13967
3,17298
3,3576
3,5069
3,10789
3,16901
3,5121
3,2631
3,16519
3,3482
3,10171
3,8095
3,7023
3,523
3,4169
3,9338
3,14301
3,14207
3,17442
3,11859
3,9705
3,13153
3,15849
3,7306
3,8348
3,7178
3,13968
3,11694
3,12642
3,9026
3,13997
3,17063
3,13813
3,6040
3,1398
3,12666
3,10553
3,14493
3,10153
3,13502
3,12144
3,15676
3,2624
3,14149
3,470
3,2038
3,11919
3,11972
3,9567
3,13121
3,622
3,5727
3,10143
3,4039
3,16266
3,261
3,1704
3,12546
3,2342
3,7463
3,503
3,9822
3,14459
3,3185
3,16939
3,5659
3,3392
3,10492
3,15237
3,16862
3,7547
3,14194
3,11888
3,2132
3,10751
3,1648
3,8955
3,11650
3,2468
3,5080
3,4463
3,9532
3,2661
3,5014
3,6284
3,14921
3,3009
3,6236
3,1884
3,14215
3,3755
3,2092
3,6258
3,13578
3,11991
3,15884
3,7401
3,15383
3,16221
3,478
3,13572
3,16787
3,5395
3,3337
3,14803
3,12030
3,7613
3,6100
3,13078
3,8812
3,4347
3,3297
3,14110
3,16010
3,12568
3,11328
3,2190
3,11032
3,11187
3,10610
3,13948
3,1978
3,12787
3,3961
3,12804
3,10268
3,4021
3,3183
3,17468
3,12848
3,12674
3,12194
3,14911
3,17445
3,17079
3,793
3,16399
3,12791
3,8254
3,5199
3,2268
3,4095
3,14258
3,13304
3,2646
3,9480
3,15637
3,10781
3,6634
3,16814
3,14173
3,10792
3,11286
3,10343
3,5093
3,3096
3,10403
3,14191
3,10107
3,380
3,9957
3,4439
3,8437
3,3800
3,6703
3,8089
3,12768
3,12913
3,5723
3,12179
3,11491
3,3688
3,16584
3,1706
3,11572
3,17419
3,9572
3,6961
3,13265
3,1288
3,14623
3,412
3,1717
3,14032
3,9984
3,16899
3,7097
3,12971
3,15337
3,3628
3,4857
3,11982
3,5692
3,10488
3,3481
3,7721
3,7661
3,15641
3,10212
3,4630
3,1600
3,2908
3,2547
3,14015
3,14619
3,1225
3,10087
3,8976
3,8247
3,6835
3,15224
3,6260
3,12933
3,14944
3,2430
3,4087
3,820
3,11634
3,14996
3,8480
3,7662
3,13037
3,6661
3,11452
3,9040
3,981
3,6374
3,13156
3,3494
3,13598
3,3754
3,15148
3,5455
3,6037
3,623
3,9160
3,8619
3,6890
3,5472
3,16047
3,15027
3,9491
3,17413
3,3249
3,14936
3,10972
3,1880
3,4448
3,7973
3,1474
3,7760
3,16380
3,11125
3,8054
3,12820
3,14510
3,12797
3,9305
3,8916
3,567
3,9098
3,2058
3,6866
3,7050
3,4022
3,2131
3,2723
3,6391
3,6452
3,11192
3,16538
3,11628
3,9189
3,14315
3,8070
3,2331
3,2997
3,516
3,12191
3,4051
3,16095
3,5885
3,13971
3,6171
3,13463
3,9793
3,12098
3,9551
3,2434
3,9501
3,14733
3,13734
3,2601
3,10372
3,14529
3,2328
3,8912
3,10337
3,10451
3,307
3,9157
3,15837
3,9878
3,7599
3,9869
3,16878
3,8319
3,5546
3,4359
3,832
3,2455
3,13109
3,7474
3,16303
3,3116
3,4472
3,4546
3,13059
3,13777
3,5861
3,6176
3,11680
3,12687
3,8435
3,11717
3,9232
3,2428
3,13981
3,14498
3,16073
3,3216
3,3699
3,6149
3,1264
3,5327
3,2325
3,8428
3,12527
3,371
3,3112
3,14842
3,3671
3,13002
3,11137
3,12408
3,14152
3,14294
3,280
3,2824
3,16464
3,7427
3,16877
3,8069
3,13686
3,7334
3,754
3,4852
3,11003
3,1237
3,13725
3,13358
3,3904
3,3982
3,514
3,179
3,8682
3,10204
3,14026
3,16869
3,13918
3,4642
3,16118
3,418
3,16895
3,7371
3,2693
3,13029
3,13076
3,3651
3,10375
3,10712
3,5804
3,10124
3,11951
3,2825
3,6954
3,3418
3,16386
3,9274
3,720
3,1067
3,10865
3,5940
3,14578
3,10021
3,2516
3,8981
3,5047
3,8722
3,9895
3,14402
3,11203
3,9659
3,17023
3,8803
3,5044
3,9657
3,16480
3,10567
3,48
3,11952
3,12268
3,16030
3,13060
3,16786
3,7984
3,2754
3,16575
3,13831
3,11293
3,2536
3,937
3,4793
3,13262
3,14495
3,14169
3,13921
3,1044
3,598
3,14208
3,8624
3,9648
3,9960
3,13176
3,16300
3,6967
3,2258
3,9704
3,13409
3,14162
3,8954
3,2892
3,13523
3,7087
3,9363
3,10024
3,14789
3,11403
3,12885
3,14443
3,6428
3,3897
3,764
3,12207
3,2403
3,12204
3,5238
3,3712
3,16121
3,5106
3,5205
3,457
3,2431
3,14142
3,556
3,12807
3,8417
3,8316
3,278
3,16508
3,7051
3,15794
3,8510
3,3518
3,12151
3,11913
3,1064
3,10622
3,12511
3,13465
3,9839
3,7179
3,1226
3,10916
3,1571
3,16620
3,16462
3,13277
3,7624
3,1775
3,1103
3,4159
3,13563
3,6931
3,4710
3,613
3,10433
3,3599
3,16570
3,11424
3,12225
3,7738
3,6512
3,16051
3,14234
3,5858
3,253
3,7975
3,8760
3,10806
3,17220
3,13824
3,14463
3,1996
3,401
3,15769
3,3215
3,13947
3,2812
3,11840
3,14782
3,3535
3,636
3,10978
3,5909
3,9629
3,11563
3,9487
3,13308
3,15376
3,16181
3,9763
3,13071
3,4962
3,6029
3,13154
3,847
3,3887
3,1159
3,15990
3,4704
3,8710
3,2815
3,17142
3,12795
3,8152
3,12931
3,9986
3,7911
3,14533
3,9811
3,14647
3,3310
3,6929
3,16058
3,11033
3,4284
3,14435
3,14832
3,8278
3,6973
3,4775
3,5718
3,11414
3,12923
3,12365
3,13925
3,3208
3,4539
3,4310
3,4956
3,11695
3,16732
3,11899
3,3511
3,8528
3,9721
3,4000
3,3786
3,3308
3,3864
3,2192
3,11166
3,1071
3,10470
3,1506
3,1
3,15916
3,17183
3,1234
3,6181
3,9389
3,13241
3,1551
3,17190
3,6605
3,9947
3,2999
3,5879
3,10032
3,2097
3,5382
3,6801
3,13083
3,16727
3,2817
3,209
3,8388
3,13930
3,3544
3,1377
3,14707
3,14050
3,8904
3,15069
3,6925
3,2767
3,1113
3,12503
3,6663
3,7828
3,14009
3,18
3,11392
3,16034
3,7019
3,13424
3,11196
3,3587
3,10594
3,12432
3,12174
3,9847
3,1146
3,13271
3,8350
3,453
3,16531
3,10577
3,5617
3,3643
3,7143
3,1090
3,16041
3,11090
3,13320
3,2800
3,12660
3,12123
3,9162
3,11271
3,17034
3,2841
3,8410
3,15898
3,3189
3,10875
3,16692
3,11124
3,12314
3,9858
3,16515
3,9037
3,10115
3,3122
3,9899
3,8017
3,9997
3,3842
3,5919
3,12235
3,8694
3,17271
3,8582
3,14158
3,2266
3,12895
3,12092
3,11508
3,8936
3,7398
3,9579
3,7346
3,10009
3,415
3,11258
3,16735
3,8726
3,13310
3,14672
3,13962
3,17205
3,3579
3,3071
3,1905
3,14628
3,7591
3,17470
3,12816
3,145
3,6319
3,3777
3,14430
3,10245
3,6704
3,8834
3,1190
3,5267
3,15901
3,8300
3,13515
3,5542
3,4707
3,13982
3,10226
3,5602
3,10570
3,9753
3,13672
3,4418
3,7382
3,5060
3,6158
3,11618
3,1239
3,14228
3,9281
3,3034
3,9658
3,14625
3,11619
3,13348
3,13032
3,13641
3,3721
3,16668
3,6140
3,12322
3,14337
3,4536
3,9939
3,6577
3,13636
3,10686
3,1475
3,3865
3,8950
3,686
3,15469
3,2423
3,14338
3,7058
3,11732
3,2427
3,16155
3,2226
3,8699
3,14914
3,11147
3,9698
3,11829
3,2876
3,3358
3,7732
3,6462
3,3328
3,2068
3,17356
3,868
3,8842
3,10330
3,10453
3,17253
3,9309
3,7490
3,3779
3,11036
3,8532
3,16749
3,6286
3,8225
3,6923
3,7709
3,9958
3,16780
3,11837
3,6133
3,539
3,9584
3,12822
3,10536
3,10785
3,14617
3,9285
3,9518
3,2053
3,14567
3,4083
3,14270
3,17155
3,761
3,17450
3,14355
3,6593
3,16943
3,17329
3,3304
3,12961
3,5470
3,14948
3,15958
3,4270
3,7739
3,6143
3,3200
3,3211
3,10079
3,6543
3,5930
3,12686
3,5646
3,1401
3,11653
3,13879
3,15006
3,7089
3,10100
3,8643
3,7113
3,5308
3,15706
3,13183
3,8119
3,14850
3,6242
3,5562
3,12261
3,17417
3,10458
3,9025
3,8033
3,54
3,4935
3,12111
3,14
3,7740
3,12754
3,2057
3,10309
3,1531
3,6223
3,13548
3,14564
3,14314
3,7711
3,593
3,9842
3,2386
3,17488
3,16914
3,10544
3,9870
3,9625
3,17349
3,15174
3,7022
3,1887
3,14108
3,1836
3,4677
3,15127
3,13674
3,9919
3,7
3,7686
3,658
3,8249
3,502
3,1417
3,3144
3,9315
3,11953
3,445
3,2695
3,1032
3,17361
3,2777
3,7818
3,6583
3,933
3,3604
3,5528
3,11522
3,6347
3,13110
3,16900
3,5062
3,15
3,11372
3,11062
3,10462
3,7963
3,12392
3,14718
3,2080
3,7002
3,14776
3,1661
3,8371
3,8377
3,7126
3,776
3,7001
3,2750
3,16248
3,677
3,9560
3,3250
3,9129
3,7122
3,637
3,9574
3,2762
3,5997
3,7746
3,2743
3,4767
3,14085
3,16514
3,8205
3,15672
3,10551
3,13084
3,16182
3,7967
3,6600
3,12640
3,3514
3,11964
3,3433
3,3746
3,8688
3,5945
3,16715
3,9901
3,4178
3,13158
3,15177
3,4452
3,13182
3,11597
3,14795
3,8555
3,6193
3,8566
3,12202
3,8296
3,9503
3,6533
3,14696
3,6561
3,14502
3,6822
3,2600
3,6000
3,7423
3,9667
3,2188
3,9316
3,2014
3,14040
3,5302
3,2158
3,14360
3,1003
3,13700
3,9228
3,10380
3,9544
3,12558
3,8289
3,11928
3,10093
3,6474
3,1152
3,11838
3,12857
3,6767
3,12327
3,8818
3,10091
3,9644
3,7489
3,9042
3,7510
3,12406
3,5726
3,14146
3,10774
3,14928
3,5157
3,1763
3,4199
3,15257
3,10692
3,13293
3,619
3,15853
3,2013
3,14061
3,3080
3,5140
3,4300
3,10266
3,10029
3,643
3,17268
3,339
3,8048
3,15599
3,17462
3,4613
3,12790
3,14304
3,2526
3,1824
3,3607
3,4513
3,325
3,2914
3,15227
3,11031
3,14053
3,5352
3,1118
3,1501
3,12936
3,3847
3,4685
3,10405
3,967
3,1948
3,16588
3,17480
3,14740
3,9314
3,15646
3,12116
3,16975
3,6573
3,2696
3,4514
3,15125
3,7177
3,4901
3,9076
3,192
3,17451
3,2093
3,5613
3,6344
3,17327
3,8234
3,10175
3,14650
3,2297
3,16346
3,4007
3,6713
3,747
3,8548
3,13654
3,15749
3,16392
3,11107
3,10989
3,5492
3,14981
3,1739
3,8255
3,7832
3,8188
3,11283
3,3138
3,6677
3,12188
3,8887
3,1670
3,9583
3,6086
3,7917
3,14179
3,1193
3,3072
3,10598
3,13621
3,17397
3,14858
3,3512
3,17257
3,946
3,8098
3,10631
3,3707
3,11135
3,10902
3,15035
3,14137
3,12347
3,12483
3,5039
3,3658
3,12384
3,10514
3,8847
3,1778
3,10102
3,17423
3,10582
3,17078
3,14460
3,5770
3,6355
3,1476
3,1539
3,3562
3,1391
3,13677
3,3931
3,10836
3,14636
3,3743
3,3844
3,3822
3,11846
3,5691
3,4509
3,11484
3,12597
3,13483
3,10335
3,8900
3,2429
3,13464
3,11843
3,14940
3,14267
3,2877
3,1275
3,3094
3,1757
3,8221
3,3669
3,2116
3,12489
3,8333
3,13026
3,17408
3,5213
3,12122
3,13124
3,15240
3,4339
3,2233
3,12512
3,9618
3,9175
3,6077
3,2896
3,7534
3,1644
3,2967
3,5087
3,7619
3,7225
3,8085
3,15761
3,17131
3,12219
3,1693
3,8697
3,2155
3,12155
3,8038
3,12629
3,8151
3,1806
3,14987
3,14724
3,11561
3,4769
3,12723
3,8330
3,9264
3,4547
3,6456
3,9552
3,31
3,15571
3,14382
3,15631
3,15900
3,8809
3,3983
3,659
3,2182
3,12131
3,12692
3,13307
3,11229
3,9564
3,14620
3,405
3,9926
3,14690
3,3095
3,3749
3,9529
3,16268
3,13245
3,6603
3,4390
3,14747
3,13877
3,8698
3,17029
3,2400
3,14741
3,5905
3,3134
3,16699
3,441
3,6112
3,10740
3,12167
3,9336
3,1985
3,13917
3,7946
3,1711
3,12683
3,5551
3,4268
3,16689
3,15700
3,11534
3,8474
3,12213
3,867
3,14008
3,4723
3,6845
3,6065
3,7155
3,2470
3,2134
3,13412
3,632
3,6411
3,13808
3,4389
3,12541
3,17300
3,944
3,1697
3,16636
3,15111
3,17107
3,13974
3,5150
3,6705
3,889
3,11715
3,17097
3,14969
3,3239
3,3918
3,10820
3,28
3,12902
3,4097
3,13168
3,8721
3,1362
3,7952
3,15464
3,9920
3,17358
3,6027
3,16063
3,2773
3,10067
3,6686
3,16379
3,9490
3,9998
3,5524
3,805
3,14122
3,7149
3,4069
3,3283
3,6539
3,2884
3,13376
3,151
3,12744
3,8297
3,3541
3,1848
3,12318
3,4533
3,9913
3,11093
3,16313
3,6493
3,15616
3,2747
3,17203
3,2031
3,16948
3,16398
3,10373
3,1046
3,9654
3,4601
3,16996
3,14541
3,6009
3,13825
3,10845
3,5749
3,8231
3,7020
3,4711
3,7434
3,3110
3,1153
3,6924
3,14986
3,11769
3,7422
3,13547
3,4326
3,14766
3,4171
3,7574
3,9268
3,14465
3,11453
3,13373
3,17082
3,15236
3,16037
3,1313
3,17486
3,11535
3,413
3,14658
3,12757
3,5360
3,17024
3,12752
3,11941
3,10914
3,10915
3,306
3,4872
3,8232
3,5910
3,5292
3,2298
3,1261
3,1891
3,7511
3,10896
3,14479
3,6598
3,9634
3,16452
3,5340
3,1879
3,1813
3,426
3,15155
3,2525
3,8923
3,7601
3,16447
3,865
3,4668
3,3550
3,11578
3,12977
3,5466
3,1186
3,11289
3,5136
3,16660
3,12229
3,7801
3,1297
3,14961
3,8864
3,8905
3,153
3,3572
3,17175
3,11807
3,2347
3,11188
3,8202
3,5163
3,12880
3,7388
3,5801
3,9781
3,6012
3,4526
3,471
3,7719
3,9742
3,6362
3,7627
3,4773
3,13531
3,13872
3,15789
3,4084
3,13537
3,1558
3,10985
3,17245
3,17246
3,4397
3,1314
3,13395
3,7248
3,3066
3,6771
3,3879
3,8792
3,8075
3,17344
3,4414
3,5758
3,243
3,16259
3,11939
3,6787
3,7645
3,8797
3,7667
3,8487
3,13542
3,15533
3,12465
3,9345
3,12626
3,5393
3,15966
3,7651
3,16093
3,14384
3,10097
3,15763
3,14951
3,1174
3,3246
3,12458
3,10259
3,354
3,6196
3,4660
3,8160
3,5491
3,16936
3,16745
3,7785
3,3027
3,14709
3,12827
3,1300
3,7078
3,5916
3,80
3,16119
3,7336
3,6505
3,17030
4,15504
4,8967
4,9285
4,11474
4,6835
4,34
4,4689
4,8014
4,1318
4,8046
4,91
4,6534
4,10470
4,11547
4,2685
4,11837
4,14481
4,10274
4,13713
4,15452
4,13146
4,17189
4,14515
4,2022
4,10370
4,7755
4,13248
4,2471
4,326
4,11108
4,12236
4,6773
4,16127
4,13530
4,5801
4,11320
4,15300
4,6096
4,1113
4,1436
4,15155
4,538
4,12125
4,9077
4,691
4,3651
4,1617
4,6651
4,7393
4,13568
4,14444
4,4049
4,955
4,871
4,7273
4,1750
4,2639
4,13119
4,10816
4,13983
4,51
4,6551
4,17062
4,5923
4,3412
4,9088
4,193
4,4604
4,3216
4,3723
4,8245
4,2423
4,5398
4,13954
4,2663
4,8007
4,12966
4,9342
4,11502
4,865
4,3801
4,9926
4,1779
4,12079
4,15317
4,14308
4,7103
4,16644
4,285
4,13979
4,7764
4,12917
4,181
4,9928
4,6191
4,4523
4,11742
4,1858
4,7074
4,2445
4,4407
4,3483
4,8340
4,7115
4,16528
4,10560
4,8293
4,13555
4,342
4,15360
4,2611
4,13033
4,5643
4,12402
4,4366
4,5291
4,16325
4,7674
4,5668
4,10211
4,9563
4,15695
4,7321
4,9171
4,6937
4,13521
4,6960
4,16611
4,13754
4,2398
4,6830
4,4399
4,13398
4,3753
4,15137
4,2584
4,6036
4,4134
4,6715
4,10998
4,10651
4,15963
4,5653
4,9814
4,1475
4,6332
4,11570
4,13856
4,7281
4,8141
4,9305
4,17106
4,5254
4,16849
4,9862
4,10381
4,17322
4,12480
4,15633
4,7826
4,3847
4,16815
4,8192
4,7266
4,7750
4,10371
4,10864
4,7486
4,11669
4,15481
4,1615
4,15386
4,8481
4,615
4,7504
4,11312
4,17336
4,6667
4,14631
4,6650
4,971
4,6984
4,3176
4,4315
4,1607
4,11472
4,14029
4,7511
4,7026
4,5874
4,4114
4,6415
4,8134
4,11560
4,5975
4,11059
4,649
4,7979
4,48
4,15020
4,4279
4,11717
4,3680
4,5370
4,13191
4,11583
4,2050
4,5235
4,16627
4,4978
4,6067
4,13734
4,1289
4,1805
4,1637
4,9356
4,12200
4,7654
4,11166
4,2795
4,13925
4,2825
4,2854
4,8736
4,9311
4,11128
4,11127
4,576
4,16599
4,1503
4,10703
4,12566
4,1357
4,13051
4,1849
4,4577
4,11627
4,12478
4,8032
4,2830
4,6953
4,8802
4,7196
4,9934
4,1440
4,12193
4,16353
4,12606
4,17113
4,1127
4,11726
4,4616
4,1555
4,15081
4,11670
4,9223
4,3691
4,16834
4,6094
4,13883
4,14072
4,9599
4,12754
4,16950
4,4289
4,7891
4,4402
4,11571
4,5282
4,2888
4,12210
4,7528
4,120
4,3870
4,9113
4,4599
4,9900
4,7070
4,5817
4,8749
4,3828
4,2840
4,2436
4,298
4,3254
4,1914
4,12858
4,8185
4,12086
4,4215
4,3391
4,9401
4,12146
4,11723
4,9248
4,11998
4,7043
4,11894
4,11961
4,15443
4,3505
4,11550
4,8748
4,16854
4,10218
4,7544
4,4948
4,4046
4,4163
4,11611
4,12149
4,6925
4,2428
4,16856
4,5449
4,13648
4,4899
4,16310
4,12999
4,9829
4,922
4,9177
4,14971
4,6559
4,2073
4,13131
4,4988
4,10841
4,1107
4,8434
4,8500
4,1728
4,9049
4,11855
4,11496
4,4751
4,10271
4,7157
4,17265
4,2444
4,8989
4,9399
4,13412
4,2619
4,16212
4,5185
4,1940
4,9917
4,15774
4,17406
4,7941
4,1200
4,13580
4,1273
4,6577
4,1211
4,3824
4,1507
4,197
4,12221
4,5617
4,2787
4,4765
4,1683
4,8561
4,8687
4,10625
4,10238
4,13485
4,3126
4,11794
4,16114
4,5399
4,5595
4,14037
4,4023
4,14943
4,14148
4,5950
4,3637
4,7265
4,1163
4,11027
4,3529
4,2034
4,16466
4,4039
4,9912
4,5556
4,16190
4,11395
4,11686
4,11058
4,5033
4,16925
4,8821
4,9595
4,15278
4,3901
4,10385
4,14034
4,3091
4,9011
4,3025
4,2666
4,5582
4,9894
4,10104
4,6125
4,910
4,3898
4,12419
4,2886
4,13798
4,6410
4,16539
4,5876
4,11900
4,8006
4,4935
4,8203
4,17122
4,7468
4,9777
4,12743
4,5934
4,13112
4,3895
4,3173
4,14785
4,12558
4,14568
4,6752
4,2326
4,12996
4,5662
4,11404
4,13199
4,10689
4,8342
4,7788
4,5689
4,2859
4,10797
4,11841
4,3447
4,13370
4,16373
4,15529
4,16755
4,5375
4,8578
4,16086
4,8950
4,6436
4,2576
4,3233
4,12499
4,5289
4,10092
4,12417
4,8099
4,6787
4,13524
4,7532
4,12979
4,9025
4,14120
4,8207
4,9224
4,9948
4,1501
4,16043
4,15382
4,15842
4,13721
4,1736
4,4121
4,10203
4,16517
4,2225
4,37
4,708
4,12479
4,11443
4,9474
4,1209
4,3929
4,3741
4,5687
4,5911
4,13037
4,9695
4,7840
4,5016
4,11684
4,4582
4,15428
4,8849
4,13672
4,8761
4,755
4,8018
4,11641
4,485
4,15709
4,12010
4,8609
4,4334
4,11839
4,6157
4,8313
4,2159
4,9015
4,6965
4,15248
4,8535
4,7365
4,13068
4,10628
4,2748
4,8316
4,12720
4,12258
4,10754
4,3635
4,696
4,15126
4,8436
4,2018
4,9200
4,3585
4,6749
4,1909
4,14701
4,11230
4,2867
4,10887
4,10562
4,16072
4,16659
4,9549
4,5499
4,8665
4,1407
4,10564
4,2461
4,8520
4,7004
4,10147
4,15457
4,6985
4,13557
4,546
4,16665
4,4546
4,13408
4,3858
4,7955
4,8005
4,3891
4,14363
4,12778
4,9328
4,5223
4,11950
4,6543
4,10528
4,7430
4,2904
4,17151
4,4396
4,1349
4,9960
4,16761
4,10307
4,11652
4,16435
4,11861
4,4357
4,13043
4,250
4,10556
4,4943
4,9343
4,2314
4,4205
4,5563
4,808
4,13834
4,13826
4,3656
4,17473
4,8137
4,5755
4,2506
4,6753
4,6921
4,16672
4,11122
4,3484
4,9881
4,9006
4,1592
4,5767
4,4281
4,6274
4,10358
4,5928
4,13675
4,15886
4,11730
4,14755
4,1605
4,11589
4,2232
4,17350
4,11805
4,7692
4,15567
4,16462
4,8537
4,10367
4,13573
4,9027
4,7164
4,14879
4,787
4,591
4,6043
4,7732
4,16502
4,14512
4,10732
4,9465
4,16859
4,382
4,8894
4,6954
4,17256
4,1726
4,13985
4,7466
4,11706
4,10747
4,7423
4,10725
4,6189
4,11542
4,14807
4,6674
4,1231
4,8889
4,8536
4,14793
4,14623
4,7276
4,6563
4,1155
4,2534
4,15183
4,1147
4,6950
4,7926
4,16396
4,2429
4,1986
4,16362
4,3525
4,2237
4,5147
4,10152
4,13155
4,14887
4,3077
4,9747
4,16645
4,816
4,3327
4,15800
4,15309
4,9763
4,15170
4,13536
4,620
4,12636
4,9043
4,7989
4,14797
4,7756
4,10072
4,10426
4,3905
4,13272
4,1009
4,14674
4,2599
4,15759
4,13441
4,14983
4,16469
4,12072
4,16159
4,2803
4,17415
4,4869
4,11771
4,7851
4,16764
4,1076
4,5502
4,4097
4,2575
4,10144
4,3148
4,15421
4,6614
4,3013
4,5330
4,16521
4,6072
4,10255
4,5504
4,680
4,5695
4,10309
4,15108
4,12015
4,16983
4,12805
4,11722
4,1341
4,402
4,11098
4,9167
4,11577
4,6077
4,3827
4,13234
4,268
4,6511
4,2299
4,11393
4,16617
4,2330
4,6424
4,5678
4,10995
4,13450
4,9318
4,7815
4,2028
4,11721
4,17234
4,16714
4,4005
4,9944
4,1079
4,10612
4,71
4,16365
4,15763
4,5444
4,1077
4,11469
4,14469
4,7289
4,9997
4,3074
4,5838
4,1045
4,6455
4,2189
4,10853
4,10650
4,12839
4,9562
4,8658
4,11359
4,10514
4,1694
4,6334
4,11290
4,5364
4,4164
4,8271
4,8712
4,15236
4,9122
4,3377
4,3380
4,7770
4,14317
4,9238
4,6768
4,263
4,464
4,12049
4,11438
4,7428
4,13670
4,4450
4,4564
4,2440
4,12083
4,13986
4,7568
4,16868
4,3338
4,12663
4,11289
4,15094
4,8121
4,16381
4,17099
4,2400
4,5611
4,17485
4,5140
4,11909
4,4340
4,4712
4,6862
4,17201
4,7818
4,4162
4,7314
4,13755
4,7175
4,16048
4,6943
4,5770
4,7
4,9092
4,98
4,12780
4,17108
4,12268
4,1553
4,8150
4,8667
4,9594
4,15957
4,10776
4,6272
4,3764
4,1682
4,535
4,13473
4,3582
4,13121
4,8818
4,11306
4,4535
4,288
4,9754
4,10183
4,12052
4,7703
4,6838
4,410
4,14039
4,4511
4,9470
4,3846
4,12952
4,2821
4,6139
4,9570
4,10692
4,3431
4,15335
4,14592
4,5954
4,8451
4,6970
4,5998
4,472
4,11774
4,6894
4,14782
4,15109
4,6891
4,16827
4,6670
4,8803
4,1128
4,9300
4,7123
4,775
4,4642
4,16161
4,14679
4,3133
4,12255
4,11045
4,11484
4,16150
4,12404
4,12707
4,5338
4,12658
4,9617
4,1840
4,10500
4,7236
4,239
4,10524
4,502
4,4350
4,4984
4,415
4,3087
4,15833
4,11941
4,3739
4,9845
4,5301
4,17121
4,14636
4,14529
4,12266
4,10319
4,4504
4,11254
4,8048
4,16733
4,6057
4,9490
4,6412
4,10945
4,3295
4,11691
4,707
4,6182
4,1162
4,3026
4,3471
4,16101
4,2047
4,5601
4,12802
4,6030
4,4597
4,4083
4,1160
4,8043
4,2634
4,15180
4,13465
4,981
4,17006
4,15772
4,13886
4,2943
4,11647
4,16916
4,4127
4,4856
4,5798
4,994
4,16736
4,1916
4,12666
4,7910
4,7885
4,9699
4,14490
4,9711
4,12896
4,13504
4,10262
4,13941
4,12185
4,15292
4,2195
4,5152
4,8198
4,15151
4,12031
4,1026
4,9250
4,16364
4,7637
4,9703
4,3404
4,13806
4,366
4,2163
4,7581
4,16403
4,15646
4,3429
4,14699
4,12150
4,13147
4,7278
4,15450
4,11044
4,7136
4,455
4,3146
4,2777
4,10124
4,12427
4,2096
4,3832
4,1490
4,3312
4,2044
4,14170
4,985
4,14141
4,13177
4,12340
4,7957
4,15658
4,1181
4,355
4,4246
4,12020
4,11660
4,136
4,638
4,9195
4,1697
4,1161
4,4337
4,10407
4,5467
4,10352
4,439
4,14541
4,14930
4,9330
4,3083
4,11631
4,8852
4,3386
4,8231
4,10165
4,17245
4,4596
4,14418
4,7619
4,12503
4,1718
4,5413
4,4998
4,9324
4,15586
4,2258
4,11450
4,2810
4,3499
4,15469
4,3790
4,7310
4,10386
4,7387
4,8668
4,9466
4,8781
4,5024
4,8044
4,12127
4,12506
4,12752
4,4199
4,8458
4,9178
4,13284
4,471
4,16336
4,4274
4,11200
4,5136
4,3974
4,6870
4,3340
4,15119
4,9035
4,1388
4,4583
4,7803
4,11314
4,16779
4,9418
4,11671
4,12334
4,234
4,17193
4,13595
4,242
4,12169
4,9579
4,7671
4,11674
4,2728
4,917
4,880
4,2213
4,15144
4,2194
4,13104
4,9213
4,11225
4,10971
4,12068
4,4283
4,3349
4,8130
4,1997
4,16845
4,16271
4,8129
4,806
4,6326
4,7946
4,6348
4,9864
4,4064
4,14606
4,11400
4,8777
4,13361
4,13836
4,16195
4,5144
4,13352
4,959
4,2008
4,15916
4,10584
4,2922
4,9030
4,15558
4,3724
4,5451
4,3940
4,6095
4,1705
4,10728
4,10456
4,10195
4,13347
4,2101
4,9974
4,1877
4,15771
4,13664
4,3839
4,15484
4,9090
4,13609
4,8517
4,10472
4,6309
4,12746
4,6765
4,5418
4,12337
4,15959
4,8670
4,1910
4,11791
4,1900
4,1151
4,7392
4,7660
4,3749
4,16309
4,6145
4,13813
4,5533
4,13009
4,2005
4,7362
4,8812
4,13405
4,10531
4,12629
4,13930
4,2725
4,731
4,10889
4,8124
4,5615
4,4944
4,12992
4,1420
4,9592
4,13606
4,10452
4,1377
4,9995
4,4798
4,1354
4,8896
4,14057
4,7552
4,16243
4,12766
4,4816
4,10328
4,13263
4,3383
4,8473
4,12559
4,8149
4,13732
4,5625
4,17039
4,4495
4,15647
4,14894
4,4132
4,10818
4,8087
4,3291
4,14651
4,12699
4,12044
4,12048
4,952
4,9798
4,15992
4,10871
4,16640
4,548
4,879
4,10928
4,13297
4,14054
4,4341
4,8400
4,16884
4,17024
4,2325
4,6570
4,14343
4,8677
4,8389
4,13203
4,12440
4,13942
4,14677
4,15813
4,1176
4,8526
4,12009
4,3037
4,16037
4,1419
4,182
4,9643
4,4836
4,10481
4,12074
4,11681
4,17206
4,8170
4,12473
4,6174
4,13213
4,10282
4,12968
4,17414
4,8478
4,3143
4,430
4,12241
4,5573
4,4904
4,13976
4,10739
4,5902
4,10766
4,14619
4,12098
4,7217
4,6587
4,6289
4,8574
4,9379
4,5297
4,294
4,16351
4,13566
4,8464
4,9304
4,2823
4,2516
4,6770
4,13488
4,17119
4,751
4,4995
4,13317
4,14733
4,996
4,11536
4,11001
4,11782
4,8599
4,15403
4,12713
4,12616
4,4940
4,10870
4,8051
4,2030
4,15765
4,4037
4,7352
4,14814
4,9034
4,12016
4,4913
4,17359
4,12272
4,16790
4,16548
4,325
4,978
4,278
4,5345
4,9833
4,6892
4,6493
4,8968
4,9646
4,8062
4,7550
4,999
4,8873
4,7525
4,1274
4,661
4,445
4,12937
4,16526
4,10149
4,5882
4,5386
4,7548
4,14667
4,14359
4,2124
4,12842
4,5196
4,14709
4,1616
4,13442
4,2126
4,17340
4,729
4,10011
4,9813
4,12096
4,15933
4,10927
4,8210
4,6420
4,15356
4,6106
4,17290
4,11905
4,3297
4,5189
4,11809
4,7062
4,16044
4,12978
4,7615
4,14992
4,946
4,7395
4,10570
4,5669
4,15766
4,10076
4,14964
4,3569
4,13943
4,8558
4,10759
4,7035
4,8507
4,8459
4,7890
4,12946
4,7895
4,16852
4,137
4,1935
4,8820
4,12823
4,2766
4,7463
4,383
4,9384
4,11615
4,13784
4,637
4,5157
4,652
4,10107
4,8538
4,3853
4,10408
4,9389
4,3856
4,16010
4,3462
4,10296
4,6505
4,5930
4,17050
4,3280
4,17469
4,6377
4,5758
4,7205
4,3034
4,10117
4,9014
4,15351
4,4454
4,14197
4,8294
4,2490
4,16660
4,4139
4,11448
4,6298
4,15855
4,11291
4,12472
4,7965
4,16707
4,8055
4,8788
4,15545
4,8209
4,1156
4,11773
4,17116
4,9631
4,6608
4,4733
4,13235
4,7015
4,6854
4,14863
4,13838
4,10435
4,16153
4,4990
4,9502
4,8407
4,10315
4,6684
4,7172
4,3947
4,5021
4,9004
4,15432
4,8204
4,8415
4,1868
4,9084
4,15436
4,11849
4,16324
4,15156
4,2093
4,5380
4,11139
4,16277
4,13156
4,16853
4,14978
4,5832
4,4190
4,16835
4,7781
4,14306
4,15275
4,1220
4,17177
4,12626
4,3829
4,3980
4,10340
4,6719
4,15548
4,2650
4,11422
4,16397
4,15592
4,5813
4,15684
4,6262
4,4391
4,12325
4,16974
4,2923
4,7081
4,9370
4,1520
4,8859
4,11342
4,15936
4,5054
4,17308
4,6217
4,17418
4,9693
4,2981
4,2056
4,681
4,14500
4,3318
4,1249
4,8017
4,17101
4,2136
4,9473
4,5166
4,14040
4,5177
4,11981
4,14540
4,7331
4,14819
4,6168
4,10333
4,10977
4,15704
4,2554
4,11477
4,10057
4,2522
4,2710
4,9166
4,6725
4,12161
4,4929
4,7018
4,14585
4,5295
4,8747
4,4953
4,5335
4,11130
4,13932
4,1268
4,14104
4,16137
4,171
4,1717
4,4933
4,13696
4,13253
4,4042
4,8182
4,4839
4,14724
4,63
4,5
4,16965
4,1753
4,877
4,9981
4,117
4,7998
4,15787
4,1836
4,790
4,16942
4,14729
4,11827
4,3311
4,1599
4,14799
4,4806
4,5674
4,9071
4,1206
4,15741
4,3772
4,10619
4,10382
4,14347
4,3167
4,14857
4,11933
4,4902
4,539
4,4895
4,9700
4,14554
4,7729
4,12623
4,5132
4,8402
4,8311
4,13180
4,490
4,13030
4,1856
4,15896
4,10882
4,17179
4,12350
4,17391
4,10163
4,6662
4,16881
4,16524
4,15937
4,6107
4,10617
4,4339
4,8305
4,2949
4,7357
4,3766
4,3644
4,10264
4,9788
4,12403
4,5600
4,7020
4,5286
4,7531
4,4743
4,8762
4,2491
4,6903
4,4347
4,9079
4,14405
4,13456
4,3275
4,2574
4,14675
4,14717
4,12487
4,8295
4,9121
4,199
4,8991
4,15426
4,2920
4,5565
4,14245
4,5108
4,12361
4,8379
4,6935
4,7212
4,17248
4,10688
4,11310
4,11814
4,3417
4,7048
4,11170
4,604
4,10198
4,507
4,6358
4,12861
4,11554
4,50
4,13679
4,12401
4,8247
4,343
4,13830
4,1648
4,14613
4,12976
4,6746
4,8148
4,478
4,1348
4,725
4,13914
4,8425
4,11242
4,17437
4,10242
4,64
4,2228
4,7608
4,4431
4,12198
4,7418
4,15635
4,8480
4,3052
4,2531
4,15930
4,545
4,8887
4,5878
4,5564
4,6775
4,5762
4,13492
4,6402
4,4446
4,7170
4,13860
4,9280
4,6533
4,9745
4,5480
4,10341
4,301
4,616
4,16040
4,15366
4,14065
4,15179
4,12032
4,2074
4,6132
4,6644
4,4414
4,15902
4,9652
4,14862
4,3369
4,5816
4,11793
4,12509
4,16134
4,13416
4,2216
4,4106
4,624
4,15072
4,9438
4,3694
4,13132
4,14063
4,12564
4,9743
4,14549
4,7298
4,13984
4,1816
4,3786
4,2613
4,10748
4,8921
4,1477
4,3316
4,15817
4,5806
4,4245
4,4302
4,918
4,1930
4,6445
4,13749
4,3806
4,11195
4,1807
4,2744
4,5459
4,5830
4,12314
4,4026
4,9484
4,1143
4,15375
4,8772
4,7359
4,1953
4,3292
4,12600
4,8597
4,8865
4,8380
4,5879
4,15669
4,6601
4,13591
4,5178
4,5488
4,14368
4,905
4,1406
4,2251
4,12701
4,17192
4,12959
4,12579
4,14945
4,484
4,15268
4,16666
4,5511
4,8199
4,15499
4,9114
4,17211
4,5204
4,16157
4,12320
4,1529
4,4088
4,12495
4,3532
4,7414
4,14175
4,5757
4,8601
4,95
4,7294
4,11157
4,1751
4,17053
4,16799
4,5749
4,16175
4,5201
4,5315
4,11114
4,11084
4,15756
4,4061
4,12136
4,16111
4,6617
4,3464
4,5835
4,13544
4,9390
4,12624
4,6265
4,15978
4,10972
4,7716
4,1003
4,14806
4,4057
4,3756
4,15150
4,9262
4,12706
4,13618
4,12722
4,13400
4,15565
4,8955
4,11054
4,15746
4,15243
4,5708
4,6388
4,7454
4,15304
4,9624
4,6767
4,5624
4,13570
4,12874
4,12071
4,16511
4,14816
4,12781
4,1824
4,6266
4,15444
4,14855
4,8495
4,11872
4,8530
4,15659
4,12442
4,6495
4,8155
4,15337
4,17140
4,9714
4,4942
4,178
4,6023
4,13026
4,12229
4,2252
4,13870
4,10437
4,15222
4,1010
4,4703
4,17097
4,1851
4,10220
4,12845
4,9702
4,1073
4,15440
4,9410
4,1257
4,16465
4,14734
4,2375
4,14139
4,1989
4,4363
4,4979
4,13422
4,6720
4,1212
4,11731
4,9451
4,10834
4,10772
4,976
4,6154
4,5094
4,13938
4,3573
4,4095
4,15253
4,3181
4,369
4,1804
4,2507
4,12787
4,15197
4,7889
4,10757
4,14328
4,10182
4,12545
4,8839
4,10273
4,10022
4,8276
4,1602
4,8689
4,12803
4,3818
4,16345
4,2059
4,13334
4,374
4,16639
4,2024
4,13433
4,13339
4,2958
4,13201
4,12246
4,1871
4,3682
4,5396
4,10294
4,2589
4,13990
4,4771
4,5583
4,17490
4,5924
4,13600
4,15598
4,8606
4,6771
4,11516
4,12007
4,1579
4,9588
4,17159
4,1860
4,15128
4,6029
4,5162
4,3410
4,12994
4,17462
4,14652
4,1098
4,16470
4,2038
4,14108
4,453
4,15697
4,12370
4,4455
4,3252
4,15485
4,4676
4,2180
4,2866
4,665
4,13188
4,17355
4,11153
4,5374
4,4107
4,532
4,16066
4,3702
4,4230
4,7837
4,2565
4,6389
4,9762
4,9145
4,1368
4,15114
4,15014
4,901
4,14792
4,10291
4,15802
4,15203
4,4724
4,6489
4,17226
4,6704
4,3654
4,15597
4,4925
4,2870
4,10301
4,3134
4,11920
4,7800
4,11940
4,10209
4,938
4,2769
4,7502
4,15781
4,4893
4,11828
4,12461
4,11997
4,16045
4,639
4,3664
4,2114
4,16538
4,882
4,9623
4,3350
4,4626
4,5052
4,14791
4,1531
4,7505
4,17471
4,8237
4,7915
4,15134
4,10896
4,9580
4,12476
4,4482
4,16872
4,15369
4,12871
4,876
4,1256
4,1313
4,15574
4,17187
4,13551
4,4015
4,5509
4,14398
4,12744
4,16562
4,13047
4,7780
4,9748
4,15226
4,17088
4,5417
4,8233
4,4517
4,15455
4,10736
4,8351
4,14640
4,1752
4,12950
4,7625
4,572
4,7473
4,1665
4,10565
4,3367
4,14194
4,1674
4,8097
4,6607
4,10474
4,7188
4,14956
4,229
4,6237
4,13322
4,14205
4,10032
4,4084
4,3046
4,14953
4,8307
4,12527
4,9197
4,15535
4,3373
4,9519
4,3324
4,11402
4,11519
4,11743
4,4194
4,15865
4,3476
4,12659
4,16261
4,17236
4,9724
4,14633
4,7819
4,5304
4,11586
4,6866
4,16752
4,14160
4,6204
4,6736
4,7898
4,16861
4,16425
4,10166
4,10937
4,15793
4,9821
4,14881
4,14804
4,8196
4,8090
4,8785
4,10615
4,16843
4,1131
4,7553
4,12521
4,11551
4,12006
4,433
4,5837
4,15605
4,13070
4,6015
4,16388
4,12779
4,956
4,2485
4,14196
4,7904
4,16417
4,8923
4,874
4,4320
4,9283
4,6692
4,6166
4,13218
4,2145
4,9664
4,3715
4,5528
4,15769
4,14531
4,12211
4,9849
4,14048
4,6742
4,945
4,8452
4,12445
4,7396
4,349
4,9604
4,16452
4,7171
4,8632
4,8765
4,2765
4,541
4,1796
4,2538
4,11169
4,1105
4,5909
4,15340
4,811
4,10208
4,5299
4,6880
4,3959
4,873
4,6998
4,7017
4,6849
4,17061
4,6859
4,11544
4,166
4,1899
4,15950
4,4117
4,8899
4,4458
4,10354
4,11806
4,17379
4,9022
4,7972
4,6575
4,12634
4,9413
4,13630
4,16183
4,5034
4,15676
4,6900
4,9016
4,2560
4,11850
4,587
4,8223
4,4831
4,10392
4,187
4,3085
4,6586
4,1384
4,7530
4,12138
4,3270
4,4619
4,491
4,15620
4,2919
4,2911
4,8190
4,13190
4,5714
4,4500
4,5592
4,12880
4,10594
4,5025
4,4675
4,14015
4,16956
4,14152
4,9883
4,8965
4,16288
4,254
4,8864
4,1301
4,13389
4,5890
4,5029
4,9919
4,2329
4,4922
4,17327
4,15024
4,2253
4,446
4,17066
4,13707
4,1170
4,14876
4,6335
4,4272
4,10275
4,13393
4,8460
4,11797
4,185
4,9769
4,7752
4,8908
4,5070
4,13303
4,14056
4,1435
4,14354
4,1195
4,16631
4,12190
4,14014
4,7586
4,6061
4,14007
4,6781
4,1248
4,3892
4,1469
4,411
4,6992
4,8145
4,16350
4,2772
4,4212
4,3649
4,10006
4,1286
4,7607
4,1344
4,7210
4,14332
4,9606
4,16187
4,367
4,10862
4,3081
4,15004
4,7860
4,14448
4,8301
4,4778
4,6507
4,13029
4,1798
4,2708
4,15914
4,14923
4,14322
4,2781
4,16939
4,12774
4,3446
4,11203
4,14406
4,16384
4,6979
4,15422
4,10939
4,2978
4,8589
4,11062
4,17230
4,913
4,8336
4,14004
4,8730
4,7772
4,12422
4,6076
4,12595
4,3717
4,5977
4,8901
4,17147
4,12137
4,16318
4,9946
4,16610
4,16871
4,5665
4,9394
4,4476
4,750
4,210
4,6118
4,12124
4,9429
4,7431
4,14052
4,527
4,8422
4,1424
4,17276
4,17143
4,13010
4,16284
4,6269
4,9605
4,14304
4,3794
4,9520
4,389
4,10003
4,2993
4,17015
4,14743
4,3072
4,281
4,15775
4,5183
4,13224
4,11479
4,9351
4,4027
4,1695
4,2674
4,15854
4,10429
4,14044
4,15810
4,15861
4,17482
4,3494
4,4780
4,10711
4,11608
4,147
4,7849
4,6932
4,5772
4,15112
4,12712
4,7872
4,658
4,14243
4,4085
4,11866
4,1702
4,4655
4,8298
4,11715
4,388
4,338
4,2397
4,12372
4,5440
4,175
4,16893
4,17103
4,3971
4,8742
4,3237
4,6833
4,2474
4,12375
4,17244
4,7180
4,2478
4,7771
4,10892
4,6437
4,15107
4,15217
4,794
4,11917
4,15270
4,11239
4,12084
4,3145
4,5796
4,7999
4,14545
4,9854
4,6459
4,7318
4,14818
4,10244
4,10257
4,232
4,13159
4,14780
4,5723
4,10714
4,107
4,16735
4,3266
4,9087
4,11576
4,12424
4,857
4,16164
4,6218
4,16777
4,12468
4,329
4,3166
4,12882
4,7657
4,11803
4,10098
4,4115
4,15543
4,2499
4,12201
4,13899
4,9381
4,14889
4,2901
4,13946
4,1791
4,6506
4,14872
4,569
4,14350
4,12940
4,5658
4,2739
4,17450
4,6679
4,7923
4,16510
4,12830
4,7030
4,10969
4,10743
4,9018
4,2177
4,11946
4,16383
4,5690
4,13266
4,7191
4,9430
4,709
4,7845
4,5850
4,17288
4,10515
4,5566
4,12980
4,7932
4,3421
4,16055
4,3607
4,3398
4,15284
4,13949
4,6200
4,7664
4,7338
4,1537
4,11421
4,12648
4,14725
4,7182
4,14957
4,17481
4,16254
4,11149
4,4041
4,13497
4,13259
4,15438
4,1654
4,10096
4,16094
4,16201
4,4348
4,7274
4,11792
4,15823
4,9326
4,2917
4,12264
4,2290
4,14587
4,12216
4,14689
4,1800
4,8619
4,10929
4,32
4,11891
4,4012
4,14851
4,9672
4,5448
4,16056
4,2802
4,16443
4,15295
4,8107
4,3848
4,16771
4,13646
4,9023
4,3239
4,11765
4,15365
4,6343
4,3062
4,10708
4,3896
4,13083
4,14911
4,9807
4,5578
4,17188
4,14560
4,10084
4,722
4,2605
4,11694
4,15252
4,10723
4,9744
4,475
4,3747
4,17478
4,11346
4,16287
4,3437
4,2676
4,9706
4,12498
4,13852
4,11193
4,7680
4,13295
4,10431
4,16869
4,3374
4,15683
4,14177
4,1811
4,8909
4,14382
4,12332
4,15388
4,3837
4,17075
4,16887
4,4342
4,13626
4,12502
4,3489
4,14234
4,6245
4,7150
4,2352
4,2256
4,12903
4,3253
4,3107
4,6785
4,9363
4,12288
4,2260
4,10740
4,7448
4,13490
4,6515
4,1455
4,2843
4,409
4,15127
4,3331
4,14351
4,2555
4,15819
4,2691
4,12672
4,16512
4,6728
4,9547
4,16339
4,9299
4,10277
4,14313
4,13989
4,10940
4,13320
4,8360
4,13865
4,6584
4,763
4,14166
4,13649
4,11735
4,7130
4,16963
4,10744
4,3105
4,16593
4,10383
4,2337
4,578
4,12056
4,7787
4,5019
4,10795
4,10466
4,14421
4,14091
4,8681
4,17013
4,2282
4,6324
4,1655
4,618
4,8229
4,15230
4,10639
4,822
4,12694
4,14187
4,16765
4,6863
4,2877
4,7549
4,15251
4,6276
4,7644
4,3973
4,15208
4,986
4,12279
4,11949
4,16626
4,13684
4,14661
4,8263
4,15149
4,11038
4,4178
4,12252
4,3000
4,8467
4,4183
4,17310
4,4376
4,8053
4,2771
4,5941
4,9689
4,1323
4,14043
4,8100
4,17033
4,1580
4,605
4,13969
4,3659
4,5319
4,8809
4,12116
4,7866
4,6444
4,15602
4,13058
4,8783
4,6734
4,216
4,8127
4,17341
4,2477
4,8854
4,4263
4,10704
4,17065
4,16126
4,3799
4,16759
4,15840
4,2293
4,13439
4,2206
4,13636
4,4209
4,2672
4,4757
4,11143
4,4030
4,11285
4,13737
4,10572
4,11297
4,3609
4,3588
4,15158
4,11240
4,10194
4,2567
4,10148
4,13240
4,3496
4,16957
4,4570
4,7288
4,16186
4,5922
4,15103
4,13579
4,5572
4,3029
4,12339
4,3653
4,1719
4,9125
4,15703
4,15604
4,15690
4,106
4,16943
4,70
4,14714
4,6225
4,10498
4,3979
4,17402
4,4309
4,10559
4,14812
4,14424
4,1864
4,14934
4,170
4,7259
4,12446
4,5404
4,16080
4,2513
4,10555
4,1207
4,6910
4,13766
4,13597
4,105
4,15536
4,1845
4,4202
4,12593
4,5795
4,3605
4,386
4,1923
4,10777
4,5555
4,8841
4,16283
4,14060
4,16577
4,14973
4,15167
4,1330
4,16265
4,4894
4,7676
4,10698
4,11265
4,17100
4,11134
4,9097
4,1091
4,15663
4,2347
4,8406
4,15352
4,11060
4,17034
4,12653
4,6458
4,16438
4,17354
4,10077
4,2459
4,12718
4,16573
4,15803
4,1096
4,13996
4,6002
4,14773
4,8953
4,14390
4,5268
4,10649
4,10399
4,2848
4,5725
4,15618
4,3351
4,11388
4,10746
4,15587
4,6163
4,7714
4,8563
4,6994
4,11703
4,17443
4,8584
4,606
4,13095
4,3343
4,15111
4,10222
4,12454
4,4242
4,10316
4,12253
4,11746
4,2152
4,11675
4,3215
4,5180
4,10185
4,7426
4,16649
4,1481
4,5117
4,7200
4,11840
4,7383
4,1269
4,1071
4,1898
4,10225
4,16493
4,11956
4,2955
4,11301
4,14893
4,13723
4,3815
4,12511
4,4453
4,12214
4,15064
4,8981
4,1487
4,11070
4,16490
4,17072
4,5403
4,5737
4,17314
4,4305
4,3673
4,5013
4,592
4,431
4,12868
4,4699
4,6599
4,13507
4,11430
4,2667
4,2230
4,7480
4,10380
4,6177
4,16661
4,3264
4,16023
4,6270
4,7784
4,16992
4,14031
4,15964
4,9678
4,777
4,8764
4,13650
4,17242
4,10691
4,13255
4,10899
4,10671
4,7137
4,2224
4,5090
4,2076
4,272
4,7656
4,9107
4,11545
4,2883
4,8872
4,7567
4,5648
4,6809
4,1217
4,11478
4,8789
4,1190
4,14922
4,6480
4,9170
4,14068
4,16746
4,5521
4,13310
4,5776
4,9367
4,4257
4,257
4,319
4,16231
4,9266
4,16328
4,14323
4,2085
4,7668
4,3411
4,851
4,11984
4,4671
4,10134
4,9797
4,11535
4,10216
4,3783
4,6234
4,7724
4,11936
4,9138
4,16113
4,62
4,16334
4,12961
4,7100
4,3049
4,15559
4,6196
4,4474
4,3812
4,2784
4,14172
4,12609
4,6285
4,1515
4,973
4,2438
4,3397
4,2636
4,11156
4,15845
4,8743
4,9921
4,2891
4,13110
4,827
4,12377
4,5382
4,5966
4,12045
4,2473
4,5881
4,12767
4,15362
4,2869
4,4683
4,17420
4,5937
4,4840
4,1085
4,3666
4,9206
4,739
4,3362
4,9495
4,14092
4,11175
4,3203
4,15579
4,6844
4,5990
4,6796
4,4744
4,7677
4,11278
4,8817
4,14473
4,9207
4,15660
4,12627
4,6150
4,6440
4,9306
4,8168
4,362
4,7093
4,15561
4,15723
4,11051
4,1549
4,653
4,11148
4,2726
4,5691
4,9989
4,594
4,7695
4,2117
4,1861
4,1742
4,4977
4,4271
4,990
4,16920
4,9709
4,4299
4,12585
4,4714
4,11161
4,6042
4,6143
4,7508
4,17079
4,10439
4,1048
4,9825
4,13962
4,13820
4,16968
4,4551
4,10920
4,12164
4,5743
4,11356
4,14720
4,4439
4,2118
4,13915
4,13346
4,1029
4,6146
4,6016
4,160
4,4762
4,7635
4,4361
4,5219
4,5865
4,12024
4,4966
4,5138
4,1102
4,962
4,15650
5,5830
5,1674
5,2563
5,9912
5,9291
5,8822
5,17225
5,5515
5,9420
5,11619
5,14926
5,1951
5,9166
5,10680
5,5504
5,1374
5,13628
5,10879
5,1905
5,10283
5,12651
5,4505
5,11417
5,8463
5,8117
5,15937
5,8875
5,335
5,16644
5,13230
5,16234
5,4490
5,14350
5,4694
5,7497
5,8601
5,6768
5,12514
5,5745
5,12121
5,5037
5,16142
5,3393
5,8586
5,6844
5,16249
5,1657
5,8590
5,15934
5,13580
5,9207
5,7334
5,8379
5,4703
5,3605
5,6637
5,698
5,8086
5,13333
5,11506
5,17339
5,16382
5,1172
5,8279
5,1914
5,9528
5,91
5,3498
5,3143
5,3840
5,2055
5,7381
5,13661
5,3180
5,10504
5,6926
5,16709
5,16964
5,13058
5,7645
5,1376
5,10363
5,2737
5,5839
5,3013
5,7032
5,587
5,16270
5,10656
5,6751
5,7533
5,7175
5,2360
5,17270
5,10220
5,1741
5,4298
5,1805
5,14807
5,8884
5,9771
5,9901
5,13724
5,1293
5,1160
5,8271
5,1710
5,12463
5,15526
5,14914
5,290
5,11168
5,2083
5,10027
5,9325
5,573
5,9430
5,4542
5,5046
5,8846
5,2461
5,12247
5,7222
5,15171
5,2094
5,9828
5,12220
5,17142
5,15925
5,9316
5,5491
5,12583
5,13868
5,1597
5,7292
5,17158
5,16876
5,11861
5,3874
5,7864
5,641
5,3359
5,9536
5,104
5,13408
5,13040
5,16494
5,7973
5,3645
5,6501
5,6351
5,16925
5,2008
5,14742
5,2734
5,7558
5,17218
5,5708
5,3708
5,4710
5,1380
5,183
5,16916
5,6461
5,10844
5,2000
5,5083
5,13624
5,14357
5,8762
5,15524
5,171
5,799
5,13035
5,7239
5,895
5,157
5,10054
5,14049
5,3729
5,6925
5,7797
5,5292
5,6125
5,12242
5,12507
5,11346
5,7858
5,12249
5,2282
5,17249
5,6780
5,3182
5,10995
5,13286
5,3866
5,2216
5,9649
5,2692
5,9538
5,6500
5,13135
5,13287
5,15879
5,8620
5,12975
5,13373
5,9170
5,3480
5,9071
5,12661
5,13272
5,13273
5,3408
5,9463
5,12396
5,12879
5,7535
5,3430
5,769
5,15893
5,6157
5,4278
5,4254
5,3000
5,15186
5,12348
5,13473
5,7156
5,8833
5,5486
5,12400
5,13016
5,8918
5,6652
5,12185
5,1190
5,1734
5,16782
5,4954
5,3173
5,8851
5,16821
5,15211
5,3241
5,10455
5,11754
5,17421
5,9334
5,8218
5,6496
5,4291
5,15543
5,13090
5,5105
5,2950
5,2959
5,2799
5,14513
5,17245
5,6107
5,6608
5,16632
5,4321
5,11147
5,2827
5,5721
5,17429
5,6530
5,4728
5,13156
5,17396
5,1456
5,2577
5,12082
5,932
5,11246
5,10080
5,10172
5,8250
5,2550
5,15503
5,3317
5,5374
5,16202
5,6534
5,8371
5,3060
5,15388
5,10686
5,1032
5,13637
5,8265
5,13101
5,9785
5,17007
5,17379
5,3159
5,2810
5,13113
5,11933
5,4689
5,13797
5,9297
5,14208
5,8311
5,5771
5,16134
5,4309
5,12582
5,12864
5,180
5,1792
5,12124
5,9802
5,14728
5,13571
5,1851
5,8475
5,12221
5,12543
5,3204
5,8325
5,11766
5,11133
5,6319
5,8577
5,1123
5,1740
5,2620
5,4900
5,4803
5,3638
5,13165
5,15846
5,7927
5,14889
5,1618
5,10606
5,1344
5,11718
5,15617
5,8883
5,1455
5,8998
5,12831
5,3681
5,15717
5,17066
5,12898
5,7985
5,9519
5,13864
5,12629
5,14336
5,1591
5,16875
5,4567
5,12641
5,5093
5,1036
5,4013
5,5595
5,14551
5,3661
5,3115
5,5751
5,2265
5,10002
5,6129
5,15107
5,15059
5,14446
5,14852
5,16909
5,15760
5,10238
5,13349
5,17297
5,12352
5,14013
5,4964
5,2824
5,5802
5,5385
5,14140
5,3865
5,16467
5,4
5,7181
5,3424
5,1049
5,11172
5,7803
5,1820
5,13399
5,15468
5,16897
5,2663
5,10298
5,15303
5,664
5,9324
5,9790
5,6937
5,16410
5,10882
5,7288
5,10340
5,3218
5,3798
5,9887
5,11975
5,16509
5,6447
5,13365
5,17462
5,305
5,17410
5,10831
5,5870
5,14600
5,15836
5,12711
5,5892
5,17285
5,6560
5,11060
5,5248
5,6441
5,10594
5,3934
5,7742
5,2159
5,11144
5,7373
5,15721
5,5945
5,1330
5,16138
5,1012
5,2306
5,10022
5,13036
5,7411
5,3409
5,11435
5,12624
5,12860
5,7263
5,10637
5,17072
5,6163
5,6286
5,15888
5,16040
5,9286
5,15504
5,12280
5,8499
5,6279
5,4450
5,6032
5,3236
5,5062
5,16819
5,15130
5,2255
5,11424
5,15334
5,2991
5,16917
5,17284
5,3212
5,11628
5,8068
5,14259
5,12479
5,14641
5,15970
5,8531
5,11514
5,4446
5,12687
5,3876
5,4051
5,7817
5,13849
5,15245
5,7268
5,2080
5,8691
5,12041
5,4652
5,4696
5,7728
5,2177
5,12358
5,8619
5,10841
5,5914
5,1315
5,13361
5,369
5,12245
5,1253
5,1832
5,5108
5,13606
5,4979
5,9830
5,12182
5,6774
5,7434
5,1843
5,17417
5,16015
5,6699
5,3807
5,11029
5,13953
5,10487
5,6913
5,15709
5,4342
5,10268
5,2755
5,12042
5,2748
5,5669
5,6854
5,993
5,16688
5,3527
5,9590
5,8876
5,4686
5,13858
5,17051
5,4393
5,7466
5,16941
5,12192
5,5364
5,2069
5,9981
5,3671
5,7807
5,375
5,1880
5,5703
5,9350
5,12571
5,7166
5,8835
5,3658
5,1062
5,706
5,12438
5,16590
5,6561
5,14036
5,10822
5,8306
5,11015
5,5913
5,9788
5,10136
5,6591
5,4833
5,13791
5,14915
5,2920
5,501
5,15566
5,9992
5,5659
5,5214
5,7016
5,5217
5,956
5,12229
5,16449
5,12588
5,12490
5,13267
5,835
5,12561
5,9539
5,8135
5,14714
5,7105
5,13842
5,7431
5,1097
5,4789
5,2338
5,7663
5,3199
5,8874
5,10209
5,2082
5,4716
5,3567
5,5621
5,1803
5,14900
5,9572
5,12979
5,6303
5,2600
5,9160
5,6601
5,3535
5,673
5,2125
5,10004
5,7090
5,4294
5,12201
5,9274
5,4524
5,7591
5,790
5,14616
5,15271
5,1227
5,13971
5,7464
5,1712
5,9445
5,15122
5,15781
5,5999
5,5929
5,15587
5,15917
5,17156
5,16720
5,2546
5,5709
5,3539
5,4752
5,17304
5,11794
5,8019
5,8782
5,3649
5,8610
5,12726
5,15755
5,852
5,4670
5,10765
5,7163
5,4210
5,10225
5,14495
5,943
5,6009
5,6016
5,3035
5,2736
5,7479
5,14855
5,6188
5,15710
5,3641
5,15434
5,11742
5,3472
5,2947
5,1364
5,6469
5,9375
5,17288
5,4504
5,17206
5,1545
5,9779
5,16874
5,130
5,4474
5,5132
5,4955
5,10566
5,4438
5,3209
5,17014
5,5514
5,2059
5,1050
5,14306
5,11905
5,13118
5,21
5,7845
5,6664
5,9632
5,16630
5,1993
5,4206
5,3581
5,14466
5,7275
5,4788
5,5395
5,184
5,10858
5,371
5,13109
5,9642
5,6499
5,1878
5,16066
5,6432
5,7790
5,2886
5,14345
5,17067
5,2228
5,5888
5,5603
5,6457
5,4755
5,2885
5,16164
5,5762
5,17061
5,3909
5,10191
5,944
5,8383
5,8911
5,13409
5,9730
5,1110
5,3353
5,11980
5,5252
5,10196
5,2895
5,1777
5,8951
5,10186
5,8568
5,3217
5,15484
5,14762
5,9720
5,1066
5,14607
5,4356
5,6874
5,1853
5,467
5,10976
5,9970
5,2575
5,10359
5,10448
5,3028
5,13515
5,3146
5,3281
5,6235
5,1433
5,5790
5,15538
5,4858
5,8578
5,14784
5,5159
5,1525
5,1903
5,12963
5,4001
5,15228
5,8287
5,5044
5,12016
5,12273
5,14986
5,13944
5,16278
5,10289
5,16682
5,4592
5,16908
5,10075
5,5928
5,7106
5,11466
5,323
5,9016
5,4229
5,5694
5,12630
5,3126
5,16347
5,8975
5,5529
5,12821
5,14840
5,14812
5,8181
5,5188
5,17211
5,5154
5,477
5,6108
5,8134
5,16983
5,1865
5,3799
5,3758
5,1353
5,4480
5,57
5,3929
5,10754
5,5537
5,13490
5,10950
5,14352
5,13735
5,14529
5,11858
5,8885
5,601
5,7836
5,15049
5,15392
5,16102
5,9348
5,6903
5,16488
5,11796
5,5371
5,9852
5,13537
5,11669
5,8305
5,8566
5,13459
5,3298
5,13114
5,1431
5,16783
5,3854
5,10156
5,16602
5,555
5,14316
5,1265
5,16516
5,7712
5,5890
5,7033
5,11950
5,1933
5,205
5,9737
5,11316
5,7313
5,1063
5,12178
5,16381
5,17243
5,9081
5,5729
5,13696
5,9264
5,6706
5,6520
5,8035
5,9898
5,11714
5,16153
5,3120
5,17454
5,1258
5,9963
5,12552
5,5750
5,9421
5,4285
5,17420
5,13817
5,14209
5,11341
5,11121
5,8176
5,4121
5,5121
5,4724
5,4517
5,3614
5,13654
5,3655
5,16026
5,8461
5,8136
5,2266
5,13615
5,14531
5,12911
5,15157
5,15661
5,5360
5,8114
5,1116
5,9308
5,6974
5,17045
5,8354
5,16970
5,17436
5,3904
5,9294
5,14130
5,15720
5,7254
5,293
5,13504
5,11022
5,17473
5,306
5,7097
5,14285
5,3826
5,7743
5,9923
5,12472
5,14588
5,16064
5,11851
5,10525
5,13337
5,6301
5,8841
5,9917
5,12606
5,3347
5,709
5,1164
5,4350
5,9707
5,12313
5,6438
5,7059
5,9619
5,4936
5,2832
5,14514
5,2406
5,16168
5,8464
5,3331
5,10144
5,15822
5,2965
5,13965
5,1946
5,8391
5,1193
5,15119
5,12785
5,14167
5,11807
5,11767
5,15704
5,4713
5,16188
5,8074
5,346
5,16788
5,6126
5,2689
5,11354
5,11550
5,2963
5,345
5,7278
5,11612
5,1142
5,3098
5,13102
5,7086
5,15098
5,16292
5,5918
5,7823
5,17263
5,8818
5,2401
5,8397
5,16320
5,11034
5,13485
5,7866
5,127
5,13160
5,5997
5,2519
5,801
5,1962
5,2915
5,15366
5,13218
5,16774
5,11511
5,4585
5,3229
5,4481
5,8771
5,6255
5,15112
5,1174
5,4365
5,13261
5,14620
5,13940
5,1830
5,3888
5,15516
5,13223
5,16926
5,16904
5,8562
5,3933
5,2369
5,1886
5,15447
5,5788
5,1856
5,2300
5,1725
5,13142
5,12099
5,6152
5,4960
5,2636
5,2060
5,4456
5,13679
5,11991
5,17123
5,8923
5,11031
5,10643
5,17320
5,2440
5,16500
5,5891
5,6802
5,14233
5,8254
5,7283
5,4992
5,251
5,12193
5,13424
5,17317
5,13627
5,14054
5,5591
5,1925
5,3938
5,4021
5,15764
5,3545
5,8521
5,6523
5,14863
5,14919
5,1574
5,3296
5,12350
5,15536
5,3389
5,2887
5,2952
5,12071
5,15232
5,5396
5,6340
5,4233
5,16977
5,14348
5,17255
5,10781
5,6346
5,9312
5,13614
5,4313
5,14056
5,17293
5,374
5,8616
5,4153
5,4658
5,727
5,5017
5,1881
5,4976
5,931
5,5022
5,10579
5,14278
5,14440
5,6627
5,5989
5,6782
5,6723
5,4961
5,1875
5,5704
5,5050
5,13723
5,13686
5,2630
5,149
5,3311
5,4131
5,2463
5,10383
5,3399
5,10198
5,8315
5,15462
5,17444
5,11363
5,8890
5,17050
5,12277
5,11098
5,13900
5,4368
5,14684
5,10609
5,17180
5,2813
5,6554
5,10675
5,11733
5,1955
5,6450
5,17457
5,2982
5,11264
5,12202
5,12129
5,10808
5,8672
5,12645
5,17101
5,13469
5,11310
5,15645
5,8405
5,351
5,4854
5,1052
5,2222
5,4046
5,5066
5,1194
5,10379
5,7346
5,5209
5,16311
5,4513
5,14386
5,542
5,13327
5,14212
5,7576
5,2515
5,7661
5,10349
5,14652
5,16600
5,10757
5,3763
5,8955
5,16007
5,3426
5,12857
5,3047
5,9416
5,12893
5,4346
5,11086
5,15377
5,14090
5,1002
5,2412
5,2635
5,870
5,16247
5,10431
5,2133
5,6795
5,2918
5,4546
5,1424
5,1609
5,11835
5,2984
5,11893
5,11271
5,11165
5,17079
5,14843
5,1697
5,13078
5,15884
5,1785
5,15153
5,13322
5,11710
5,7055
5,7102
5,9247
5,724
5,1497
5,5543
5,718
5,15464
5,4590
5,10867
5,14079
5,16447
5,16215
5,2687
5,14078
5,6613
5,11516
5,17299
5,13389
5,6304
5,1118
5,9645
5,12369
5,12495
5,15935
5,7247
5,8393
5,16910
5,11992
5,15649
5,13162
5,13141
5,4256
5,6600
5,8919
5,2386
5,9503
5,11656
5,7002
5,16386
5,4690
5,11569
5,17481
5,2914
5,4959
5,12544
5,9438
5,6954
5,3398
5,1347
5,96
5,12134
5,16028
5,5671
5,2629
5,10428
5,4473
5,11887
5,11430
5,6958
5,6963
5,3391
5,9658
5,14169
5,4859
5,8804
5,7400
5,12605
5,10544
5,9546
5,678
5,1938
5,16556
5,7680
5,13745
5,792
5,9896
5,14142
5,8991
5,7402
5,9216
5,2846
5,16681
5,3728
5,16399
5,746
5,12286
5,7957
5,14522
5,14741
5,770
5,9543
5,533
5,4562
5,12811
5,9270
5,2484
5,7269
5,11951
5,12555
5,5726
5,15878
5,4620
5,122
5,3950
5,13741
5,5261
5,14528
5,16059
5,16700
5,15734
5,7991
5,8961
5,3239
5,11101
5,108
5,4063
5,11272
5,5664
5,6647
5,12593
5,11
5,16071
5,6522
5,2853
5,4984
5,8159
5,6416
5,1659
5,14789
5,9243
5,3787
5,5119
5,5650
5,9408
5,11179
5,12586
5,4101
5,2830
5,15867
5,10250
5,7042
5,4217
5,6265
5,5069
5,16868
5,4848
5,9926
5,7360
5,5149
5,15706
5,11624
5,8470
5,4047
5,11190
5,992
5,8209
5,11735
5,7990
5,7627
5,5002
5,17237
5,4811
5,6969
5,12180
5,4284
5,493
5,14332
5,3543
5,13957
5,3163
5,12417
5,9661
5,15410
5,10246
5,14023
5,8146
5,6052
5,14421
5,2305
5,16726
5,3915
5,1531
5,4371
5,16702
5,418
5,11819
5,9615
5,15793
5,14512
5,2752
5,13581
5,10762
5,12533
5,14910
5,9803
5,7457
5,8151
5,2479
5,9552
5,15403
5,14411
5,6012
5,1778
5,3206
5,15252
5,14598
5,7670
5,1954
5,8040
5,8913
5,2573
5,14718
5,9527
5,13672
5,2871
5,15589
5,12738
5,8732
5,10271
5,16756
5,11833
5,1035
5,16715
5,17145
5,372
5,6602
5,12679
5,8943
5,15318
5,6791
5,13189
5,12700
5,1122
5,9033
5,3772
5,5293
5,1470
5,7522
5,399
5,15333
5,5029
5,13650
5,485
5,3041
5,1070
5,1703
5,595
5,2486
5,11508
5,1438
5,5306
5,9570
5,15041
5,13946
5,7642
5,9526
5,16151
5,6270
5,1039
5,4091
5,6544
5,15032
5,5601
5,716
5,16230
5,8702
5,17324
5,5998
5,12708
5,9925
5,2244
5,4895
5,13413
5,6341
5,12491
5,8052
5,1912
5,438
5,2329
5,7383
5,13455
5,5399
5,581
5,1375
5,7751
5,15547
5,8442
5,17011
5,960
5,11234
5,565
5,9982
5,16744
5,16949
5,5344
5,5761
5,5859
5,11540
5,4112
5,8471
5,15927
5,7977
5,6859
5,12442
5,15812
5,3786
5,14082
5,11921
5,11159
5,8245
5,13042
5,13149
5,16730
5,13497
5,409
5,13
5,9364
5,1901
5,15602
5,9703
5,14423
5,4230
5,8341
5,7967
5,15335
5,14731
5,17455
5,2928
5,8549
5,16098
5,12107
5,5594
5,10106
5,9727
5,816
5,10577
5,8223
5,4702
5,15554
5,5030
5,15299
5,516
5,15730
5,4449
5,11365
5,3555
5,9406
5,11074
5,6059
5,16287
5,10223
5,9501
5,9191
5,311
5,6344
5,15084
5,9628
5,4663
5,4045
5,3885
5,6408
5,5731
5,13103
5,10557
5,2670
5,17019
5,2880
5,4682
5,1026
5,15713
5,525
5,9351
5,7396
5,302
5,16149
5,4951
5,12598
5,3900
5,12493
5,16419
5,710
5,6546
5,12862
5,17338
5,2789
5,9178
5,5275
5,12345
5,14767
5,13006
5,12623
5,11639
5,4147
5,1546
5,11529
5,13551
5,15789
5,6524
5,1917
5,6911
5,2930
5,12234
5,355
5,11249
5,1849
5,7153
5,13305
5,4192
5,3556
5,16860
5,377
5,5765
5,6100
5,15699
5,11668
5,9283
5,12298
5,7793
5,3523
5,12648
5,1075
5,1573
5,5349
5,16231
5,17039
5,6776
5,17016
5,15451
5,10681
5,13043
5,10424
5,2749
5,13912
5,10262
5,7048
5,11679
5,9171
5,7071
5,15276
5,8022
5,8314
5,15203
5,876
5,16542
5,4169
5,2416
5,3127
5,17239
5,6712
5,2211
5,8735
5,9370
5,5791
5,13708
5,2996
5,13713
5,15928
5,12917
5,15339
5,3745
5,1463
5,3713
5,16935
5,15400
5,11882
5,4836
5,6713
5,9592
5,11412
5,15155
5,9599
5,27
5,10612
5,12126
5,2327
5,9557
5,14412
5,10752
5,10291
5,1598
5,12694
5,3632
5,2127
5,3093
5,12147
5,14665
5,17312
5,8276
5,8872
5,3045
5,16378
5,9699
5,4680
5,11818
5,9047
5,14507
5,16580
5,6081
5,16455
5,13187
5,9266
5,8028
5,16960
5,11265
5,17105
5,9309
5,5636
5,9762
5,3114
5,5568
5,16034
5,1509
5,12596
5,1693
5,981
5,5041
5,17227
5,11752
5,10125
5,15148
5,4117
5,9017
5,1927
5,1514
5,7649
5,5573
5,435
5,14941
5,12794
5,15851
5,6861
5,815
5,5900
5,2288
5,8929
5,16971
5,8356
5,7119
5,8282
5,14196
5,6736
5,5956
5,8122
5,3246
5,15523
5,14048
5,4103
5,3128
5,14657
5,10587
5,4083
5,872
5,3228
5,3101
5,12998
5,7164
5,3291
5,194
5,8457
5,12813
5,14717
5,1200
5,15514
5,16847
5,12106
5,12713
5,3963
5,10409
5,5885
5,16368
5,13796
5,6962
5,13449
5,2934
5,9953
5,10392
5,5777
5,4586
5,10375
5,16187
5,16877
5,16081
5,5451
5,14806
5,8346
5,8204
5,5072
5,13195
5,11685
5,12626
5,12759
5,5172
5,12530
5,3149
5,6812
5,13212
5,13727
5,12389
5,600
5,4111
5,12887
5,1087
5,13612
5,3231
5,8229
5,464
5,12413
5,6722
5,7083
5,2634
5,1129
5,7125
5,494
5,14422
5,2951
5,8675
5,11259
5,12421
5,9126
5,17470
5,1983
5,11011
5,1165
5,14193
5,15701
5,13893
5,12449
5,12321
5,14892
5,13419
5,8580
5,2960
5,16420
5,4255
5,4943
5,13283
5,3982
5,13871
5,1076
5,850
5,4375
5,6294
5,8065
5,5280
5,11171
5,3667
5,6373
5,13652
5,3496
5,11001
5,5872
5,6682
5,12115
5,4164
5,10706
5,12414
5,16401
5,16582
5,285
5,2309
5,1707
5,15941
5,6483
5,9676
5,9299
5,13147
5,3802
5,16183
5,15150
5,2251
5,14763
5,12266
5,11594
5,16137
5,14816
5,16119
5,10672
5,2912
5,15912
5,8795
5,13426
5,9524
5,7067
5,13372
5,16012
5,12525
5,14798
5,3718
5,3007
5,12191
5,1994
5,10931
5,5842
5,13834
5,12324
5,9967
5,233
5,7218
5,7281
5,8958
5,8534
5,14886
5,8071
5,4679
5,17463
5,9481
5,3087
5,9464
5,9116
5,1350
5,15659
5,2192
5,9512
5,11334
5,17148
5,2954
5,3272
5,2980
5,857
5,47
5,688
5,10141
5,11429
5,15365
5,13288
5,14672
5,14879
5,17184
5,8090
5,7006
5,2815
5,2835
5,2113
5,13772
5,930
5,4022
5,14380
5,1131
5,15560
5,8246
5,13121
5,1894
5,10234
5,2809
5,6242
5,13161
5,6268
5,17289
5,7225
5,1817
5,13630
5,12020
5,3689
5,2889
5,6823
5,2639
5,13978
5,7795
5,3953
5,15772
5,13656
5,4906
5,13819
5,9293
5,5170
5,16759
5,4235
5,5158
5,170
5,1826
5,7413
5,6262
5,11443
5,784
5,16801
5,10445
5,5457
5,986
5,936
5,1389
5,14247
5,3613
5,6881
5,16693
5,15563
5,17412
5,4023
5,16115
5,7849
5,2324
5,1709
5,12997
5,17188
5,1515
5,2485
5,9229
5,5430
5,11535
5,15309
5,8939
5,13344
5,3722
5,14834
5,15782
5,9895
5,2955
5,643
5,1715
5,15691
5,13907
5,2508
5,2363
5,15196
5,14573
5,14661
5,3859
5,13123
5,1695
5,7813
5,15894
5,1595
5,10862
5,6697
5,10420
5,9881
5,6827
5,15225
5,15540
5,1683
5,12703
5,2404
5,12130
5,14314
5,9078
5,13510
5,11148
5,10742
5,4341
5,11771
5,7709
5,10641
5,14131
5,4193
5,1772
5,11470
5,1009
5,3538
5,15902
5,11473
5,16887
5,763
5,8785
5,14639
5,11876
5,3158
5,11927
5,11568
5,2585
5,16786
5,14215
5,3955
5,2333
5,15071
5,2476
5,8870
5,16517
5,9841
5,13380
5,11189
5,12360
5,12798
5,4889
5,297
5,16572
5,9065
5,6036
5,3309
5,2932
5,15522
5,783
5,2345
5,11394
5,16465
5,1331
5,13754
5,10728
5,10315
5,9235
5,4777
5,11779
5,6796
5,8896
5,3832
5,12992
5,12310
5,14055
5,11397
5,2613
5,11194
5,7351
5,14947
5,5286
5,2415
5,3284
5,8322
5,9137
5,10503
5,13826
5,16852
5,7028
5,2798
5,8273
5,7518
5,14077
5,10001
5,540
5,11503
5,16850
5,12391
5,6004
5,10256
5,12589
5,4916
5,5210
5,12307
5,6414
5,617
5,626
5,10775
5,3326
5,5551
5,3773
5,6616
5,10258
5,7577
5,5778
5,2139
5,11049
5,3672
5,11097
5,12876
5,9288
5,6783
5,1432
5,4288
5,5296
5,7388
5,9151
5,15409
5,7887
5,4809
5,11536
5,7074
5,146
5,9991
5,1480
5,14698
5,7580
5,15675
5,548
5,8761
5,903
5,10925
5,15568
5,10210
5,12153
5,11278
5,241
5,6902
5,12604
5,7435
5,10811
5,6655
5,12036
5,4827
5,5470
5,4911
5,12198
5,4196
5,11633
5,16238
5,6271
5,13730
5,3322
5,2103
5,5971
5,14583
5,4367
5,9950
5,8725
5,12351
5,911
5,2774
5,11364
5,25
5,16775
5,6005
5,15039
5,9048
5,13725
5,1952
5,12680
5,15862
5,14955
5,2816
5,6550
5,16690
5,1862
5,5298
5,9544
5,15210
5,9799
5,12445
5,4032
5,15993
5,14663
5,11620
5,10178
5,822
5,10017
5,14935
5,4553
5,9956
5,7276
5,13447
5,1084
5,15569
5,15461
5,15453
5,16009
5,15050
5,9947
5,15967
5,1920
5,11681
5,98
5,10309
5,2590
5,14084
5,384
5,13544
5,2882
5,14750
5,3712
5,9835
5,4962
5,2852
5,2741
5,11046
5,12742
5,15417
5,13712
5,1358
5,14163
5,10780
5,10920
5,4674
5,4300
5,9366
5,2315
5,17467
5,5475
5,4691
5,11085
5,11026
5,13728
5,16621
5,8714
5,6327
5,12098
5,10696
5,5390
5,3121
5,6995
5,1997
5,15724
5,16535
5,3504
5,13260
5,14037
5,12096
5,7732
5,4025
5,2469
5,2625
5,2095
5,13009
5,6313
5,5986
5,8931
5,9045
5,11350
5,2825
5,11105
5,14730
5,1626
5,5540
5,1702
5,13432
5,17176
5,15043
5,7257
5,11782
5,618
5,6086
5,6348
5,7397
5,16814
5,14794
5,7714
5,3990
5,14580
5,16429
5,15488
5,13125
5,3352
5,14964
5,6292
5,16136
5,12540
5,16689
5,5206
5,4158
5,17442
5,2234
5,12257
5,4273
5,8965
5,2007
5,10936
5,2399
5,10713
5,2062
5,6484
5,3716
5,17260
5,15147
5,7557
5,11931
5,1696
5,4662
5,12276
5,12737
5,16032
5,3456
5,9623
5,12228
5,10006
5,12011
5,9296
5,9597
5,5970
5,13685
5,949
5,10782
5,1889
5,15101
5,649
5,776
5,9509
5,1838
5,4096
5,4529
5,11693
5,13806
5,9691
5,11345
5,6224
5,17368
5,14173
5,14379
5,5676
5,8953
5,13674
5,11134
5,15180
5,10212
5,2314
5,6685
5,6324
5,15605
5,13202
5,11878
5,5903
5,9711
5,10438
5,9143
5,2511
5,4128
5,13210
5,5422
5,9717
5,2169
5,1617
5,15794
5,6071
5,12670
5,2718
5,7872
5,1532
5,15786
5,15521
5,1550
5,4677
5,13132
5,11132
5,14011
5,9656
5,13475
5,592
5,17104
5,10245
5,3437
5,3809
5,16930
5,7543
5,270
5,3481
5,17407
5,16731
5,6256
5,6696
5,13492
5,2209
5,14052
5,12056
5,16757
5,13603
5,13750
5,11462
5,10622
5,10517
5,15731
5,484
5,9003
5,3715
5,12795
5,3958
5,3808
5,2851
5,2077
5,15753
5,5647
5,1747
5,13442
5,10177
5,13346
5,9277
5,15737
5,3225
5,14642
5,4435
5,3516
5,10018
5,15254
5,4551
5,249
5,12946
5,12268
5,12361
5,175
5,15790
5,10739
5,12603
5,3243
5,4044
5,10215
5,1305
5,11204
5,1107
5,9846
5,2407
5,9558
5,10638
5,9041
5,13263
5,4136
5,14270
5,3731
5,12052
5,14853
5,14406
5,3824
5,1629
5,5160
5,851
5,4084
5,8803
5,6111
5,9669
5,15646
5,10951
5,13392
5,5558
5,11839
5,17440
5,7146
5,2377
5,3057
5,4238
5,2042
5,9113
5,379
5,17060
5,9246
5,7737
5,15778
5,15757
5,9446
5,2619
5,6288
5,14222
5,4460
5,5555
5,240
5,4989
5,6684
5,9161
5,15160
5,16637
5,11150
5,5687
5,1208
5,8944
5,1295
5,4664
5,12541
5,15125
5,14326
5,15250
5,5373
5,9542
5,15826
5,12384
5,12196
5,12385
5,15016
5,174
5,5106
5,16421
5,2608
5,1890
5,11227
5,3830
5,13752
5,4712
5,4246
5,15819
5,5583
5,36
5,7384
5,11439
5,8954
5,6033
5,4327
5,6973
5,13770
5,424
5,16614
5,924
5,365
5,14040
5,7036
5,8793
5,14689
5,5952
5,9111
5,3621
5,9322
5,4245
5,2891
5,6571
5,17229
5,6924
5,1547
5,5854
5,12638
5,17303
5,6025
5,9858
5,3815
5,15796
5,9653
5,7089
5,12635
5,3893
5,422
5,996
5,8645
5,3136
5,9074
5,1156
5,14671
5,3449
5,1367
5,10281
5,1187
5,9774
5,2018
5,17258
5,10613
5,15332
5,8153
5,15093
5,6134
5,13206
5,2791
5,3968
5,1417
5,12584
5,9624
5,1405
5,2641
5,12405
5,8126
5,6702
5,16780
5,16493
5,14456
5,5427
5,12393
5,6383
5,9124
5,13646
5,13070
5,6217
5,1372
5,3896
5,5825
5,15621
5,15750
5,8765
5,3601
5,15511
5,326
5,17193
5,875
5,12894
5,8429
5,10649
5,12547
5,14475
5,5315
5,13634
5,15010
5,15705
5,5125
5,14503
5,14098
5,1834
5,10026
5,2489
5,15739
5,3335
5,8386
5,4436
5,14465
5,9222
5,16685
5,11501
5,11505
5,5269
5,16975
5,8614
5,3742
5,15056
5,13437
5,1205
5,10900
5,8649
5,11705
5,13200
5,14028
5,9303
5,9103
5,3693
5,12478
5,11090
5,12554
5,6478
5,1284
5,1542
5,15601
5,1767
5,2002
5,3791
5,1145
5,2611
5,9304
5,9855
5,11734
5,6960
5,6260
5,10207
5,14438
5,3630
5,6184
5,472
5,14066
5,5145
5,4863
5,1155
5,2509
5,10817
5,10734
5,5366
5,11541
5,5008
5,11566
5,14626
5,13635
5,5628
5,12578
5,3405
5,13181
5,6670
5,1210
5,7418
5,10990
5,7344
5,12804
5,825
5,7322
5,1870
5,6077
5,17460
5,17253
5,3962
5,16364
5,5701
5,6672
5,1821
5,16748
5,3056
5,17159
5,6626
5,12990
5,10264
5,12852
5,1351
5,11800
5,11109
5,14219
5,3195
5,13991
5,11256
5,9391
5,7168
5,14766
5,10667
5,15385
5,3559
5,9379
5,5021
5,13915
5,15668
5,348
5,16742
5,10924
5,621
5,17127
5,13800
5,10435
5,16538
5,3075
5,12419
5,12938
5,5476
5,17020
5,3470
5,16316
5,5692
5,10499
5,14851
5,16035
5,391
5,887
5,16130
5,5441
5,9138
5,16846
5,10063
5,15962
5,3478
5,8597
5,10354
5,8144
5,7200
5,11408
5,10763
5,5420
5,1476
5,2482
5,13325
5,17306
5,4953
5,10561
5,12029
5,12446
5,3514
5,11822
5,918
5,17084
5,10059
5,5340
5,1918
5,2114
5,6370
5,638
5,2250
5,16884
5,3358
5,8102
5,1138
5,6529
5,2395
5,4090
5,2823
5,1775
5,6611
5,15541
5,17296
5,7550
5,1245
5,3574
5,8503
5,3602
5,12619
5,11048
5,3440
5,1042
5,7721
5,12477
5,11222
5,987
5,14153
5,8945
5,14026
5,15295
5,1177
5,3288
5,13179
5,5290
5,6196
5,14224
5,11491
5,1874
5,15337
5,2459
5,14150
5,9204
5,5794
5,17363
5,12213
5,8078
5,14612
5,14288
5,16407
5,6448
5,1447
5,5732
5,16842
5,253
5,13131
5,4773
5,2656
5,1494
5,1559
5,17310
5,16672
5,3907
5,16345
5,10715
5,8666
5,616
5,3407
5,9465
5,16363
5,14996
5,1858
5,6929
5,7112
5,1898
5,15695
5,1961
5,5015
5,14905
5,7428
5,5824
5,6719
5,14221
5,12897
5,13620
5,12175
5,16943
5,13839
5,11527
5,1031
5,2715
5,11157
5,12810
5,13053
5,16195
5,3857
5,13684
5,13625
5,5503
5,7191
5,3420
5,2078
5,8448
5,8494
5,8486
5,10039
5,7697
5,2704
5,11192
5,3631
5,15727
5,14801
5,610
5,6010
5,6203
5,9671
5,10547
5,2653
5,745
5,14683
5,5000
5,15227
5,9613
5,5497
5,13339
5,10905
5,2759
5,12585
5,5717
5,5323
5,1852
5,2544
5,10868
5,3751
5,15300
5,3412
5,14505
5,9240
5,13988
5,10837
5,14524
5,13788
5,10717
5,16046
5,5843
5,3191
5,4262
5,14981
5,12483
5,14536
5,6082
5,8938
5,16498
5,3946
5,1333
5,10129
5,761
5,7170
5,3973
5,16243
5,5630
5,9680
5,534
5,10216
5,13075
5,15213
5,3489
5,16439
5,2995
5,9705
5,7301
5,10019
5,9907
5,11445
5,10722
5,10132
5,3570
5,16473
5,16982
5,6837
5,14258
5,7340
5,13704
5,3274
5,2242
5,3142
5,15777
5,8431
5,3825
5,6096
5,8033
5,13117
5,5088
5,8333
5,16251
5,1025
5,6274
5,14673
5,246
5,7305
5,690
5,16060
5,15610
5,15376
5,8511
5,8200
5,6585
5,14448
5,9486
5,8038
5,4698
5,12019
5,3237
5,11578
5,14785
5,6564
5,9177
5,4359
5,4828
5,15167
5,11654
5,7053
5,3488
5,2728
5,7094
5,7289
5,6026
5,8561
5,11093
5,14710
5,13718
5,13785
5,12288
5,9961
5,10436
5,17168
5,16514
5,6083
5,17273
5,15508
5,15775
5,9080
5,9983
5,14358
5,2897
5,6030
5,13398
5,10395
5,4685
5,16951
5,6
5,771
5,2047
5,16739
5,16475
5,7939
5,787
5,1159
5,473
5,2805
5,3404
5,8488
5,15921
5,1731
5,5151
5,2964
5,14265
5,1055
5,132
5,3695
5,6615
5,15455
5,6485
5,5695
5,2694
5,7194
5,6931
5,2855
5,9125
5,5333
5,6220
5,14566
5,3065
5,12237
5,7201
5,16785
5,14467
5,9608
5,13311
5,17207
5,13783
5,8323
5,14458
5,2654
5,2761
5,7144
5,10645
5,17325
5,16197
5,11997
5,11415
5,7765
5,14537
5,1323
5,15553
5,7740
5,9307
5,14311
5,10347
5,16356
5,16642
5,2147
5,13151
5,9979
5,1223
5,8895
5,11929
5,11631
5,12274
6,5756
6,15809
6,12380
6,6666
6,6875
6,8194
6,7369
6,8368
6,7410
6,525
6,8989
6,15253
6,4450
6,11870
6,7871
6,16042
6,5144
6,9233
6,14446
6,201
6,17451
6,17375
6,1062
6,618
6,10454
6,15577
6,283
6,13569
6,14761
6,10772
6,5527
6,10544
6,16857
6,15979
6,2591
6,13457
6,11426
6,10732
6,17455
6,2326
6,3837
6,1291
6,3822
6,12996
6,15867
6,3826
6,7147
6,9022
6,4303
6,13933
6,6637
6,16096
6,7554
6,7153
6,3875
6,3759
6,12388
6,10913
6,9059
6,5220
6,4877
6,14489
6,15449
6,10267
6,5662
6,5595
6,15065
6,391
6,14553
6,9905
6,600
6,14899
6,4266
6,11961
6,13414
6,16525
6,1743
6,6193
6,9412
6,16263
6,11518
6,1390
6,17178
6,2558
6,8917
6,12026
6,365
6,16512
6,10026
6,11174
6,13344
6,5928
6,12746
6,13876
6,11568
6,15600
6,10457
6,4644
6,12994
6,2756
6,11708
6,17202
6,17422
6,7786
6,10818
6,8212
6,3942
6,16025
6,9081
6,11074
6,8078
6,14987
6,7509
6,13868
6,890
6,8541
6,6531
6,3288
6,7649
6,935
6,9418
6,8999
6,7636
6,5816
6,3095
6,9389
6,3552
6,12814
6,17373
6,15609
6,7159
6,8862
6,2136
6,13607
6,9868
6,2389
6,10777
6,8729
6,9332
6,9783
6,6456
6,14612
6,10247
6,1801
6,1861
6,6181
6,17107
6,9632
6,3083
6,16563
6,275
6,13588
6,12086
6,16542
6,15189
6,13536
6,2720
6,8735
6,2712
6,10924
6,6232
6,15257
6,7498
6,11969
6,6684
6,10750
6,9733
6,12628
6,7286
6,15389
6,4977
6,15664
6,9773
6,16906
6,5068
6,11762
6,15415
6,17158
6,59
6,11541
6,6675
6,2688
6,14065
6,4701
6,14912
6,3500
6,10067
6,2622
6,2871
6,3690
6,2162
6,16438
6,6008
6,279
6,3830
6,15963
6,4537
6,10167
6,6045
6,3832
6,306
6,4104
6,3672
6,5002
6,4336
6,4116
6,14201
6,12161
6,6548
6,5608
6,13584
6,14570
6,5678
6,15560
6,84
6,1176
6,217
6,11114
6,15608
6,12791
6,237
6,17407
6,2707
6,13288
6,13943
6,13466
6,6793
6,5645
6,15413
6,5187
6,5466
6,13878
6,9807
6,2648
6,16342
6,15453
6,1210
6,12386
6,7036
6,8602
6,8099
6,17001
6,4080
6,15613
6,14211
6,10009
6,6393
6,13371
6,3692
6,3855
6,6969
6,17431
6,14441
6,11208
6,4014
6,14932
6,10635
6,9160
6,4292
6,11223
6,13259
6,10194
6,7528
6,6113
6,15778
6,9669
6,7160
6,16515
6,6646
6,16073
6,8104
6,450
6,7906
6,16812
6,17204
6,16391
6,2436
6,452
6,17362
6,9597
6,5324
6,15025
6,16046
6,9530
6,8796
6,3271
6,10485
6,12259
6,8163
6,6115
6,9292
6,12114
6,1394
6,5851
6,16683
6,2710
6,17255
6,14728
6,12943
6,12839
6,4111
6,6180
6,3508
6,3399
6,14702
6,14285
6,872
6,4230
6,9513
6,17111
6,3978
6,14371
6,6090
6,10546
6,10408
6,16203
6,10870
6,5252
6,4461
6,5339
6,7611
6,1530
6,8088
6,4263
6,15302
6,4715
6,13653
6,7214
6,9095
6,15028
6,12372
6,4509
6,5060
6,1458
6,1012
6,8657
6,5934
6,7917
6,11971
6,5525
6,6866
6,3269
6,8600
6,12616
6,2335
6,2014
6,2593
6,7550
6,8031
6,9284
6,11121
6,8266
6,5754
6,10967
6,5900
6,10626
6,4530
6,16454
6,945
6,7832
6,8540
6,9809
6,12295
6,14736
6,1517
6,10729
6,3222
6,10282
6,8275
6,10165
6,9309
6,11377
6,16294
6,8198
6,3359
6,3235
6,1839
6,7264
6,2916
6,8900
6,5642
6,3938
6,8832
6,16292
6,1882
6,1980
6,9068
6,6413
6,3391
6,16260
6,13249
6,4623
6,2491
6,15956
6,6678
6,10958
6,5449
6,2640
6,15909
6,1926
6,5548
6,4565
6,6718
6,13799
6,2226
6,17454
6,6454
6,3681
6,6975
6,12486
6,3340
6,4471
6,7016
6,8586
6,8472
6,4628
6,3409
6,6903
6,9854
6,16645
6,4006
6,10097
6,6565
6,10753
6,3010
6,11927
6,8134
6,6295
6,10737
6,11638
6,17316
6,13909
6,2049
6,2764
6,14577
6,17254
6,10086
6,12355
6,652
6,11030
6,8510
6,9678
6,13037
6,6264
6,16953
6,12563
6,4519
6,5977
6,3038
6,6564
6,10493
6,339
6,13989
6,14316
6,2848
6,946
6,3873
6,14935
6,509
6,2990
6,3388
6,3739
6,17203
6,6698
6,6328
6,6740
6,4301
6,2613
6,2159
6,13843
6,2856
6,14273
6,9798
6,3769
6,7154
6,16772
6,3273
6,3665
6,17340
6,8863
6,12662
6,11066
6,12757
6,3258
6,11177
6,8390
6,7329
6,11753
6,5053
6,10190
6,12155
6,11192
6,4607
6,96
6,14610
6,16273
6,16513
6,1369
6,16568
6,2926
6,13308
6,6890
6,11547
6,8954
6,7543
6,7284
6,8524
6,16886
6,16172
6,5364
6,4029
6,9837
6,6648
6,416
6,3353
6,4447
6,10435
6,13071
6,2519
6,3796
6,4953
6,4160
6,15136
6,3854
6,10912
6,2141
6,2347
6,13098
6,8327
6,16344
6,4177
6,8223
6,1705
6,1833
6,5699
6,11086
6,13765
6,2709
6,5347
6,3195
6,4430
6,6869
6,15238
6,5542
6,8690
6,6005
6,6310
6,5300
6,17379
6,8566
6,12874
6,6218
6,15626
6,8173
6,14212
6,8461
6,3445
6,6108
6,5925
6,6367
6,16716
6,2103
6,3578
6,15496
6,13551
6,3068
6,5256
6,1630
6,6735
6,15526
6,17318
6,14495
6,12185
6,3876
6,5145
6,14541
6,10252
6,6040
6,447
6,162
6,1243
6,15130
6,15793
6,2311
6,7947
6,731
6,10495
6,11062
6,11354
6,10663
6,3319
6,10327
6,581
6,4672
6,4603
6,1410
6,4432
6,936
6,6993
6,10315
6,10905
6,7753
6,6483
6,7737
6,1569
6,16994
6,7492
6,5297
6,1228
6,16901
6,10244
6,10643
6,13458
6,2098
6,7675
6,16871
6,5972
6,14914
6,12226
6,14576
6,4884
6,5827
6,9074
6,14297
6,1234
6,12811
6,6312
6,15624
6,2223
6,6686
6,8806
6,9151
6,919
6,838
6,7383
6,17240
6,6622
6,7386
6,6231
6,12665
6,907
6,14192
6,9264
6,473
6,70
6,16715
6,7840
6,8779
6,15305
6,15353
6,6398
6,6651
6,5189
6,9557
6,9725
6,9
6,7973
6,10265
6,15566
6,13348
6,14197
6,16226
6,1514
6,16004
6,14164
6,15954
6,7720
6,8563
6,4257
6,449
6,15283
6,9096
6,15865
6,7298
6,15095
6,2769
6,12968
6,13950
6,11623
6,7255
6,8066
6,4186
6,9590
6,7529
6,7462
6,17041
6,12438
6,5318
6,8238
6,6249
6,16788
6,16095
6,1184
6,8636
6,1734
6,9265
6,13769
6,5082
6,13465
6,10662
6,10147
6,6685
6,11028
6,9212
6,9674
6,9266
6,15310
6,9135
6,6150
6,12666
6,8089
6,9943
6,3536
6,17055
6,13789
6,15492
6,15319
6,6489
6,8370
6,1564
6,8240
6,16423
6,14508
6,16697
6,16673
6,15596
6,9056
6,857
6,3974
6,13203
6,12298
6,5384
6,2341
6,15883
6,6420
6,11853
6,16261
6,14240
6,3140
6,11399
6,5743
6,17222
6,1747
6,10656
6,1751
6,1058
6,6780
6,7692
6,13652
6,9382
6,6013
6,60
6,12262
6,17484
6,3281
6,3411
6,13017
6,7196
6,11003
6,6917
6,3744
6,8561
6,13939
6,13051
6,14701
6,6293
6,10929
6,11551
6,15997
6,13475
6,10378
6,7134
6,6285
6,222
6,1118
6,1864
6,9540
6,13814
6,8242
6,12587
6,16029
6,14160
6,1357
6,14183
6,2749
6,10593
6,17052
6,16150
6,7181
6,11554
6,11764
6,682
6,11959
6,15356
6,13242
6,1018
6,6800
6,15984
6,4864
6,12489
6,11392
6,9087
6,2244
6,4174
6,15311
6,926
6,711
6,7663
6,2006
6,15923
6,11572
6,9120
6,4498
6,9765
6,9916
6,6437
6,16686
6,16552
6,7278
6,4688
6,4443
6,95
6,2789
6,14655
6,14280
6,4404
6,11982
6,2397
6,4631
6,7662
6,5257
6,2378
6,3486
6,9662
6,13548
6,9381
6,5583
6,13539
6,3243
6,8323
6,14986
6,3897
6,5927
6,10341
6,8781
6,10488
6,13476
6,11071
6,11148
6,6838
6,7317
6,15295
6,15884
6,7075
6,6542
6,2605
6,492
6,13815
6,12434
6,17468
6,15490
6,8168
6,16961
6,12766
6,15198
6,6270
6,5498
6,10016
6,2993
6,10740
6,5340
6,13416
6,16594
6,10743
6,6782
6,16214
6,2033
6,8929
6,12588
6,10587
6,7490
6,536
6,13926
6,7665
6,2089
6,15223
6,7721
6,3282
6,14573
6,12861
6,15990
6,9930
6,12121
6,7631
6,9214
6,2486
6,16949
6,1030
6,10490
6,13143
6,1150
6,15545
6,4261
6,8922
6,12881
6,10352
6,6537
6,12377
6,11980
6,9104
6,7897
6,5101
6,3438
6,9106
6,14752
6,2671
6,3357
6,6478
6,7014
6,15082
6,10338
6,11316
6,13492
6,7025
6,1968
6,7659
6,13795
6,13262
6,17031
6,8605
6,2947
6,167
6,554
6,14261
6,15777
6,10226
6,16457
6,9924
6,13599
6,7195
6,14299
6,15763
6,6683
6,4909
6,13780
6,9359
6,6080
6,17291
6,3337
6,6503
6,3101
6,16556
6,8737
6,14490
6,13211
6,5311
6,12222
6,9948
6,2021
6,1606
6,5818
6,4636
6,2439
6,12824
6,3266
6,6652
6,15102
6,14340
6,11308
6,675
6,2983
6,2147
6,14067
6,148
6,3531
6,15478
6,4951
6,16926
6,13712
6,14480
6,9040
6,7990
6,4870
6,15167
6,14669
6,7940
6,1466
6,16458
6,9220
6,2552
6,7585
6,12446
6,924
6,7180
6,1826
6,12890
6,8631
6,81
6,6298
6,66
6,1664
6,10328
6,12950
6,10152
6,15187
6,8419
6,2713
6,17295
6,9333
6,9713
6,1767
6,12772
6,13966
6,1075
6,16511
6,15891
6,11061
6,6582
6,2887
6,5342
6,13810
6,8940
6,3601
6,9677
6,17224
6,10712
6,5693
6,9336
6,8607
6,13419
6,10144
6,10835
6,5403
6,6426
6,6431
6,8071
6,10623
6,12109
6,15739
6,10615
6,379
6,6509
6,7747
6,13300
6,17150
6,5168
6,3047
6,14002
6,502
6,6069
6,13730
6,231
6,14014
6,14481
6,14083
6,1050
6,14677
6,13193
6,13979
6,3685
6,6003
6,5502
6,12736
6,6384
6,6403
6,9732
6,12148
6,14350
6,9668
6,14662
6,14966
6,7808
6,12522
6,2681
6,16165
6,12157
6,3990
6,5550
6,13612
6,4187
6,9473
6,7210
6,16809
6,13121
6,8149
6,2112
6,2017
6,11278
6,9966
6,11898
6,9184
6,7919
6,16836
6,15045
6,6707
6,16604
6,8196
6,8672
6,7686
6,10174
6,11088
6,11167
6,16662
6,13982
6,2077
6,6062
6,1726
6,17054
6,10184
6,2041
6,10676
6,3564
6,17247
6,6597
6,17060
6,1091
6,8972
6,2229
6,10372
6,2322
6,8938
6,2805
6,6770
6,10323
6,29
6,7628
6,6624
6,1324
6,14940
6,10730
6,9747
6,14654
6,6446
6,815
6,12525
6,8381
6,5240
6,10589
6,4286
6,1588
6,4165
6,12046
6,10091
6,2057
6,12818
6,2442
6,6137
6,10295
6,3583
6,12673
6,14372
6,3427
6,8846
6,12387
6,15026
6,1353
6,3227
6,12878
6,4264
6,11355
6,5796
6,9175
6,16179
6,13884
6,121
6,2280
6,5726
6,16582
6,810
6,825
6,13577
6,5
6,15711
6,5181
6,3349
6,4244
6,17100
6,16592
6,10825
6,2972
6,14620
6,9949
6,12240
6,9909
6,9145
6,17403
6,3655
6,4074
6,338
6,730
6,4901
6,2171
6,14762
6,14852
6,7650
6,5043
6,6921
6,5702
6,8313
6,4919
6,15999
6,1464
6,3037
6,9354
6,12783
6,5981
6,11073
6,813
6,2432
6,8084
6,16274
6,5120
6,9319
6,8000
6,15689
6,7568
6,15196
6,9764
6,10166
6,6284
6,10935
6,4655
6,8038
6,1093
6,3307
6,1584
6,7388
6,3308
6,16655
6,7896
6,6019
6,2938
6,6440
6,6228
6,15808
6,6861
6,13415
6,1081
6,6338
6,4534
6,1496
6,1418
6,1698
6,13494
6,1489
6,5669
6,2549
6,5014
6,1918
6,17035
6,4782
6,7279
6,16821
6,11318
6,10500
6,7441
6,4824
6,13090
6,13688
6,2794
6,1352
6,9901
6,6901
6,4400
6,16867
6,13880
6,14845
6,292
6,16585
6,14230
6,3247
6,15074
6,13686
6,11095
6,9599
6,4166
6,11404
6,11691
6,13359
6,3318
6,7816
6,13626
6,5056
6,13960
6,6400
6,13372
6,4294
6,12720
6,11516
6,12918
6,8755
6,4108
6,17030
6,16122
6,10620
6,3336
6,2524
6,12756
6,12965
6,2109
6,14934
6,1485
6,17115
6,14378
6,10218
6,11433
6,7689
6,8821
6,5061
6,16866
6,13713
6,9635
6,17231
6,5267
6,16267
6,3158
6,3322
6,1845
6,8290
6,11624
6,6610
6,2117
6,13910
6,6465
6,11851
6,14254
6,842
6,13552
6,6826
6,16528
6,2668
6,5507
6,16439
6,7116
6,3430
6,17449
6,15639
6,1100
6,16187
6,11362
6,10027
6,1297
6,6680
6,2010
6,10991
6,5980
6,8711
6,13363
6,7700
6,10725
6,9378
6,17045
6,17440
6,11119
6,2608
6,6519
6,12625
6,5497
6,17453
6,13005
6,14659
6,12692
6,15248
6,11245
6,8009
6,2565
6,17234
6,8157
6,12947
6,6515
6,15224
6,16157
6,11257
6,10358
6,6777
6,7963
6,10845
6,12384
6,11112
6,13133
6,11719
6,2955
6,6161
6,3431
6,14902
6,14140
6,1066
6,8677
6,8205
6,819
6,6677
6,665
6,9551
6,6256
6,16734
6,15517
6,16968
6,2230
6,5524
6,7405
6,17144
6,1185
6,8834
6,12694
6,10440
6,5727
6,2761
6,1816
6,7335
6,9276
6,7253
6,8450
6,5138
6,3582
6,13515
6,3465
6,17
6,11179
6,12822
6,2847
6,9138
6,14930
6,4077
6,2157
6,14658
6,15553
6,11976
6,4761
6,15384
6,8651
6,3389
6,11679
6,14202
6,9407
6,10150
6,2013
6,4197
6,15791
6,16774
6,7735
6,16969
6,15424
6,14088
6,3824
6,1902
6,3070
6,17004
6,6629
6,12866
6,17458
6,9108
6,2369
6,12415
6,8293
6,4459
6,6267
6,11876
6,8886
6,8430
6,3817
6,16316
6,10517
6,10541
6,14062
6,12320
6,3716
6,4392
6,5241
6,727
6,3756
6,590
6,9314
6,14766
6,9762
6,11767
6,10465
6,13975
6,9665
6,1413
6,2344
6,9066
6,7937
6,2985
6,11313
6,4906
6,13526
6,16714
6,10585
6,2027
6,4169
6,8728
6,6636
6,8916
6,9294
6,164
6,7429
6,7115
6,2170
6,4338
6,5897
6,3098
6,1859
6,17173
6,9182
6,488
6,6806
6,16300
6,7169
6,5368
6,14679
6,12466
6,13388
6,15952
6,3546
6,1476
6,1131
6,6609
6,7506
6,16663
6,9787
6,15850
6,9660
6,8115
6,9357
6,9467
6,16499
6,6669
6,12132
6,6266
6,16569
6,16539
6,2981
6,15698
6,7320
6,4532
6,3086
6,6957
6,7713
6,7300
6,3857
6,13908
6,11215
6,1619
6,5504
6,12888
6,9895
6,16597
6,8712
6,9487
6,3949
6,14452
6,14729
6,4558
6,4124
6,4423
6,16855
6,131
6,4058
6,10973
6,7216
6,11143
6,13956
6,17187
6,12353
6,11826
6,45
6,15164
6,614
6,2590
6,260
6,6415
6,8106
6,16001
6,17412
6,7064
6,4720
6,12136
6,16395
6,884
6,1700
6,6767
6,12695
6,1548
6,10411
6,4776
6,11164
6,15270
6,8799
6,9387
6,2897
6,8692
6,14447
6,16700
6,6023
6,10705
6,3193
6,2982
6,16067
6,1140
6,12548
6,12405
6,11917
6,15016
6,5408
6,145
6,10507
6,8749
6,143
6,3216
6,912
6,4542
6,1534
6,380
6,10996
6,1762
6,16776
6,15826
6,15866
6,8942
6,10296
6,3798
6,9571
6,17387
6,4233
6,5490
6,13835
6,6331
6,4405
6,2812
6,9585
6,2542
6,11628
6,11975
6,2998
6,13192
6,14545
6,16605
6,9834
6,4805
6,6656
6,4769
6,2679
6,75
6,16728
6,9802
6,2225
6,3713
6,9025
6,3943
6,5780
6,14928
6,15930
6,4000
6,12730
6,4304
6,13310
6,5543
6,5895
6,7122
6,10450
6,2261
6,2336
6,3664
6,13293
6,11010
6,10040
6,36
6,3364
6,1443
6,14464
6,8455
6,16904
6,1024
6,9511
6,8726
6,15798
6,7986
6,5830
6,14253
6,10702
6,12721
6,15282
6,15735
6,15210
6,11464
6,191
6,12054
6,10502
6,13744
6,9232
6,14726
6,10403
6,10221
6,6259
6,7880
6,5125
6,4213
6,14474
6,8930
6,10956
6,10365
6,3188
6,14703
6,14130
6,14396
6,17409
6,4394
6,74
6,8931
6,65
6,8553
6,552
6,8592
6,3858
6,8597
6,13991
6,4453
6,10731
6,16307
6,10215
6,4810
6,142
6,886
6,10463
6,15172
6,6763
6,16223
6,13566
6,13818
6,4349
6,16290
6,14748
6,8977
6,14506
6,14809
6,12273
6,11200
6,927
6,12285
6,10096
6,12039
6,7656
6,12501
6,9445
6,8171
6,10735
6,3838
6,8236
6,14060
6,12412
6,14038
6,14450
6,9680
6,12748
6,4290
6,9149
6,16650
6,8316
6,6206
6,577
6,1722
6,9456
6,6759
6,4332
6,11729
6,10290
6,4611
6,4667
6,3738
6,17311
6,11146
6,3779
6,16504
6,9015
6,3736
6,4468
6,9946
6,15301
6,559
6,5511
6,6164
6,10624
6,15611
6,12058
6,2425
6,363
6,4989
6,3197
6,8339
6,7825
6,592
6,6197
6,17347
6,8894
6,3889
6,13823
6,14379
6,5795
6,14331
6,14223
6,4900
6,1571
6,15732
6,10776
6,1087
6,13519
6,6733
6,1849
6,15635
6,17172
6,11730
6,10135
6,8705
6,1373
6,4101
6,899
6,5192
6,7259
6,3903
6,15236
6,6571
6,7604
6,13620
6,13625
6,7205
6,16487
6,8216
6,7621
6,17419
6,10908
6,15033
6,17175
6,5071
6,16981
6,16869
6,6527
6,12300
6,3676
6,15237
6,1777
6,12977
6,7131
6,3980
6,4406
6,11984
6,7171
6,15529
6,585
6,8618
6,9178
6,12652
6,7473
6,3600
6,15861
6,6732
6,5159
6,4525
6,17287
6,16048
6,16453
6,13768
6,5618
6,16567
6,13964
6,9297
6,9161
6,1013
6,8546
6,2433
6,6616
6,23
6,9211
6,2216
6,11802
6,7905
6,13743
6,11792
6,12635
6,8309
6,6056
6,8328
6,14965
6,16003
6,5765
6,9999
6,7652
6,2416
6,2692
6,6162
6,17104
6,9693
6,15125
6,3768
6,4360
6,3925
6,11920
6,13264
6,7067
6,6876
6,15002
6,16092
6,5057
6,11833
6,5127
6,14475
6,12799
6,996
6,2540
6,12642
6,3452
6,4123
6,16318
6,8476
6,13386
6,613
6,16426
6,9154
6,9141
6,5078
6,12093
6,7156
6,15965
6,6898
6,1049
6,15604
6,9974
6,16773
6,401
6,8968
6,16770
6,361
6,3246
6,4
6,8646
6,8412
6,14621
6,7219
6,2496
6,11290
6,3696
6,2078
6,12758
6,8241
6,8244
6,17386
6,12409
6,15286
6,4949
6,7434
6,4747
6,182
6,12297
6,12764
6,3214
6,4637
6,2250
6,10243
6,901
6,14777
6,3902
6,7517
6,2237
6,17177
6,7477
6,13971
6,2559
6,17343
6,1575
6,4274
6,4190
6,15723
6,11740
6,6347
6,10605
6,6811
6,6443
6,16915
6,7217
6,5443
6,8310
6,5973
6,12921
6,7276
6,15239
6,7315
6,15241
6,16829
6,8904
6,15500
6,10614
6,5616
6,7176
6,12747
6,15395
6,1261
6,5397
6,13226
6,3525
6,11480
6,15299
6,8177
6,7455
6,7344
6,4143
6,16628
6,12074
6,13615
6,2016
6,495
6,10461
6,16952
6,1463
6,1399
6,13772
6,4234
6,2716
6,7969
6,15672
6,17290
6,8581
6,4248
6,15607
6,5729
6,3846
6,4032
6,4731
6,15365
6,15326
6,12356
6,8573
6,13962
6,14749
6,13846
6,2403
6,1854
6,8440
6,11521
6,4645
6,6937
6,11481
6,7415
6,7895
6,5007
6,12442
6,9986
6,5157
6,13110
6,9516
6,15896
6,11620
6,11300
6,8186
6,5774
6,7478
6,13498
6,13624
6,5198
6,1798
6,10153
6,7494
6,1701
6,5904
6,17134
6,3085
6,320
6,12212
6,7182
6,3283
6,356
6,13084
6,4749
6,2599
6,11462
6,3240
6,114
6,300
6,490
6,9616
6,17351
6,7365
6,5555
6,8816
6,5621
6,9681
6,13690
6,15261
6,10917
6,6895
6,823
6,5185
6,17293
6,11893
6,16843
6,16566
6,15190
6,1088
6,17083
6,7924
6,8052
6,2802
6,6583
6,7732
6,13236
6,4689
6,13045
6,15539
6,5150
6,4913
6,11145
6,16541
6,13449
6,1260
6,12545
6,10692
6,10064
6,1273
6,7186
6,3341
6,1368
6,11104
6,9129
6,14251
6,9839
6,11166
6,6665
6,13480
6,9729
6,6687
6,17018
6,11909
6,11904
6,17355
6,7291
6,6907
6,10858
6,17376
6,4716
6,3344
6,13178
6,11567
6,5105
6,8667
6,17029
6,6148
6,8736
6,5576
6,7468
6,9061
6,13893
6,10111
6,14572
6,12139
6,7934
6,4157
6,13468
6,2701
6,8613
6,7579
6,9363
6,9489
6,62
6,2945
6,5509
6,11282
6,10108
6,14031
6,2328
6,12288
6,10672
6,3616
6,11900
6,15659
6,4148
6,13592
6,753
6,12359
6,228
6,8876
6,646
6,774
6,13325
6,2538
6,1676
6,7922
6,15460
6,10020
6,13528
6,10744
6,11544
6,9322
6,8795
6,2240
6,7354
6,15260
6,16126
6,6620
6,12100
6,10434
6,11459
6,14364
6,278
6,17165
6,6255
6,5182
6,1528
6,14166
6,7382
6,12997
6,302
6,14692
6,7223
6,17170
6,504
6,16230
6,14992
6,4354
6,4634
6,12719
6,10487
6,6024
6,7608
6,16192
6,305
6,11468
6,14248
6,5234
6,2138
6,15401
6,7104
6,8776
6,7074
6,14320
6,11326
6,12986
6,9064
6,10525
6,15743
6,9045
6,4283
6,10959
6,10599
6,17274
6,14425
6,994
6,15957
6,16922
6,3884
6,5141
6,3267
6,13265
6,654
6,8622
6,3917
6,3755
6,13366
6,9988
6,4595
6,1708
6,13278
6,13087
6,10175
6,10329
6,3265
6,6188
6,16287
6,7830
6,10613
6,10654
6,7796
6,7502
6,2155
6,11707
6,6441
6,8074
6,4660
6,1102
6,3528
6,5434
6,9065
6,15459
6,17380
6,14778
6,3959
6,11100
6,14924
6,9699
6,1929
6,3342
6,12163
6,1774
6,14333
6,13708
6,11296
6,40
6,4625
6,15660
6,212
6,15754
6,3248
6,15856
6,13707
6,15385
6,15394
6,11455
6,11647
6,12032
6,11591
6,1112
6,12658
6,6153
6,2498
6,11302
6,1910
6,12931
6,5713
6,13412
6,12533
6,8487
6,17330
6,15827
6,15001
6,10212
6,4046
6,12725
6,7163
6,9898
6,3551
6,10085
6,5431
6,2970
6,2441
6,13502
6,15318
6,7225
6,11120
6,9980
6,8045
6,4393
6,5111
6,3544
6,4632
6,2724
6,6199
6,15708
6,13127
6,2596
6,6139
6,4183
6,17142
6,17388
6,3743
6,11804
6,10049
6,4110
6,12664
6,4528
6,8797
6,5976
6,3035
6,9459
6,4543
6,15919
6,5378
6,748
6,16195
6,318
6,8424
6,14193
6,3492
6,1611
6,10382
6,8772
6,13136
6,10313
6,7718
6,14816
6,2045
6,11782
6,1746
6,11428
6,16941
6,5402
6,6305
6,11202
6,3360
6,3046
6,1602
6,5226
6,9324
6,6859
6,10824
6,1239
6,9042
6,15251
6,3097
6,15400
6,2762
6,4642
6,5050
6,9312
6,2475
6,10424
6,11213
6,11965
6,4668
6,13923
6,2152
6,6074
6,14767
6,6151
6,2204
6,8640
6,12970
6,16032
6,8348
6,3254
6,3618
6,12556
6,6126
6,5734
6,1896
6,10389
6,15151
6,788
6,806
6,15092
6,2557
6,16017
6,1296
6,11283
6,4527
6,6952
6,3981
6,11706
6,10210
6,10432
6,17304
6,6121
6,8516
6,3311
6,7005
6,10689
6,2609
6,12905
6,2158
6,3554
6,9004
6,11746
6,1556
6,16924
6,11474
6,8260
6,4092
6,16682
6,13238
6,15849
6,3264
6,8551
6,14084
6,15623
6,7890
6,15314
6,11760
6,13069
6,12363
6,15895
6,6461
6,14904
6,1478
6,13131
6,12745
6,2319
6,3108
6,7584
6,7667
6,8716
6,11581
6,7071
6,13275
6,14233
6,11342
6,15943
6,7235
6,1979
6,5907
6,12801
6,6227
6,9112
6,4269
6,8612
6,1198
6,9051
6,12601
6,16757
6,16532
6,15699
6,7228
6,12199
6,7394
6,9792
6,15420
6,4258
6,7778
6,693
6,12366
6,3748
6,8696
6,13684
6,16601
6,10822
6,9625
6,13759
6,10001
6,9931
6,1981
6,8508
6,15227
6,13882
6,2964
6,14708
6,16296
6,17299
6,1128
6,6534
6,1415
6,1592
6,15905
6,12406
6,15571
6,5711
6,13232
6,10102
6,9843
6,16702
6,12657
6,10715
6,10032
6,9683
6,14873
6,11440
6,9754
6,7077
6,14011
6,3155
6,4770
6,10904
6,6010
6,3238
6,10857
6,15681
6,10884
6,7684
6,6447
6,2635
6,10205
6,5292
6,15486
6,7855
6,5776
6,11653
6,3905
6,11435
6,1488
6,16377
6,4531
6,42
6,6594
6,9561
6,14985
6,2051
6,11437
6,13611
6,304
6,2034
6,2189
6,15907
6,5360
6,11825
6,9367
6,321
6,7322
6,16614
6,15312
6,3644
6,5803
6,16244
6,16507
6,1242
6,11291
6,12933
6,11727
6,11363
6,1956
6,16139
6,3956
6,9402
6,7294
6,8730
6,1046
6,16250
6,839
6,10399
6,3839
6,10636
6,8548
6,1002
6,5510
6,4902
6,963
6,16811
6,8234
6,2553
6,17399
6,5106
6,12599
6,11513
6,5987
6,17002
6,479
6,15862
6,13085
6,16446
6,8470
6,13446
6,2306
6,16193
6,15475
6,1020
6,16134
6,14695
6,15405
6,7822
6,6307
6,9650
6,3278
6,202
6,2359
6,17189
6,17277
6,13186
6,10163
6,5132
6,1440
6,1255
6,14429
6,2765
6,2780
6,11441
6,6912
6,1017
6,10965
6,7580
6,13505
6,1344
6,8
6,15268
6,13905
6,17108
6,16194
6,13959
6,150
6,4382
6,17446
6,15263
6,8037
6,9981
6,4093
6,5312
6,12252
6,9028
6,3169
6,627
6,9969
6,6430
6,1450
6,77
6,3121
6,16870
6,2372
6,3199
6,13010
6,14839
6,5066
6,2886
6,4216
6,12889
6,13255
6,1699
6,181
6,8352
6,12391
6,9618
6,1328
6,5749
6,1329
6,11461
6,4825
6,16153
6,4784
6,11443
6,12560
6,3313
6,7343
6,17089
6,11714
6,290
6,6703
6,2088
6,791
6,10258
6,1303
6,12908
6,7606
6,10765
6,7545
6,9508
6,5947
6,4152
6,3165
6,11808
6,3253
6,16304
6,818
6,639
6,7108
6,16215
6,415
6,13582
6,10557
6,2211
6,2663
6,244
6,2957
6,12017
6,12593
6,9474
6,16352
6,6905
6,7111
6,2915
6,10025
6,14042
6,14488
6,3821
6,1998
6,16207
6,7559
6,12282
6,16634
6,8210
6,8790
6,17013
6,2801
6,10993
6,10532
6,16380
6,10914
6,8743
6,441
6,997
6,8466
6,7989
6,5330
6,14556
6,13565
6,1545
6,7533
6,1362
6,8682
6,15794
6,13678
6,9408
6,6261
6,2168
6,11704
6,15087
6,12448
6,6459
6,4043
6,2269
6,5203
6,707
6,7884
6,15348
6,1267
6,9390
6,12705
6,619
6,15580
6,14138
6,4654
6,14018
6,21
6,1937
6,13129
6,14005
6,9608
6,16362
6,5839
6,11264
6,11669
6,5554
6,4786
6,5405
6,16632
6,15780
6,8527
6,8504
6,4674
6,13119
6,9539
6,16329
6,12835
6,15439
6,10813
6,193
6,13826
6,8885
6,5785
6,1025
6,16726
6,8376
6,4738
6,6589
6,10413
6,2797
6,15093
6,3811
6,9126
6,4460
6,5632
6,6653
6,14950
6,17445
6,4586
6,17429
6,14535
6,6979
6,7513
6,1306
6,8858
6,236
6,5846
6,8544
6,13361
6,12078
6,14893
6,13670
6,1257
6,17221
6,7220
6,802
6,5779
6,12493
6,8101
6,12472
6,11867
6,1226
6,129
6,16027
6,10256
6,6314
6,3343
6,8302
6,6965
6,13822
6,10029
6,436
6,9648
6,13809
6,16144
6,5073
6,15725
6,11429
6,16170
6,5526
6,11562
6,16394
6,6543
6,11478
6,3962
6,506
6,13012
6,14567
6,12319
6,12920
6,562
6,2451
6,9317
6,9483
6,10157
6,2166
6,6989
6,3541
6,2129
6,14775
6,1000
6,3202
6,11839
6,16158
6,3651
6,8076
6,13495
6,4204
6,5310
6,12119
6,12891
6,8494
6,9067
6,204
6,7798
6,4840
6,13257
6,15481
6,6884
6,16057
6,13122
6,10947
6,10445
6,11107
6,117
6,4039
6,16388
6,8456
6,15184
6,6536
6,4829
6,8536
6,2567
6,10420
6,5450
6,7625
6,10414
6,11379
6,7714
6,9434
6,14543
6,580
6,11089
6,10622
6,1986
6,2783
6,8499
6,2560
6,7744
6,8973
6,11932
6,5850
6,12336
6,5422
6,13630
6,10897
6,17384
6,3900
6,5581
6,5586
6,14855
6,13478
6,12830
6,2206
6,472
6,13181
6,16670
6,13377
6,7399
6,7972
6,3220
6,2468
6,15598
6,9971
6,594
6,2793
6,7391
6,13614
6,17133
6,2643
6,3213
6,14398
6,4005
6,14837
6,4314
6,17090
6,17256
6,12140
6,14791
6,8587
6,8679
6,15706
6,7157
6,4717
6,15258
6,9062
6,17066
6,2578
6,11270
6,14829
6,6839
6,16578
6,17101
6,6088
6,11070
6,15473
6,9795
6,15276
6,8893
6,4734
6,16488
6,3926
6,13969
6,6956
6,8375
6,1593
6,4861
6,12251
6,8030
6,3635
6,287
6,17102
6,9658
6,6323
6,12053
6,12373
6,8785
6,1258
6,11014
6,12688
6,15726
6,4008
6,10984
6,4311
6,10284
6,235
6,11039
6,8861
6,14598
6,2850
6,2673
6,16965
6,4966
6,10211
6,13869
6,8924
6,11127
6,8807
6,11084
6,1644
6,9852
6,10222
6,12892
6,16903
6,7613
6,883
6,5095
6,1402
6,6810
6,15220
6,1454
6,4395
6,8554
6,13165
6,5131
6,15670
6,16838
6,4524
6,835
6,4540
6,7984
6,7853
6,16586
6,13445
6,15859
6,1244
6,17378
6,13733
6,9848
6,5640
6,15436
6,10775
6,12263
6,4399
6,16279
6,16097
6,14089
6,16463
6,15848
6,5737
6,6107
6,4908
6,16653
6,12511
6,11218
6,12198
6,1253
6,8686
6,10181
6,12022
6,15008
6,4425
6,16140
6,11182
6,15630
6,14275
6,11188
6,16133
6,12303
6,11111
6,4305
6,7535
6,13692
6,5288
6,4923
6,12572
6,13676
6,6288
6,10005
6,6950
6,10561
6,16593
6,10417
6,14259
6,16635
6,7992
6,6819
6,17420
6,13422
6,9089
6,5522
6,12253
6,16054
6,16392
6,12452
6,5487
6,3614
6,10617
6,17365
6,15933
6,9208
6,16308
6,10307
6,11807
6,13521
6,6546
6,17062
6,12469
6,15649
6,3519
6,17272
6,14807
6,7845
6,7913
7,2045
7,111
7,4415
7,1187
7,12313
7,16649
7,14247
7,14927
7,7218
7,1140
7,16425
7,15605
7,862
7,15723
7,14928
7,7099
7,2719
7,15151
7,12244
7,12539
7,8831
7,10497
7,10982
7,17138
7,11444
7,11213
7,15390
7,3104
7,12872
7,16365
7,8688
7,7561
7,16355
7,5029
7,9737
7,6663
7,6655
7,13058
7,297
7,6650
7,1232
7,15277
7,1652
7,9112
7,7567
7,7057
7,671
7,3502
7,7180
7,9696
7,7852
7,17091
7,13272
7,12924
7,9534
7,15093
7,10712
7,3833
7,14163
7,1436
7,13978
7,306
7,6988
7,4671
7,7316
7,888
7,8574
7,2576
7,2062
7,260
7,5660
7,10515
7,1001
7,1102
7,11119
7,13017
7,10794
7,2141
7,15107
7,16830
7,10672
7,5485
7,8030
7,5398
7,8467
7,17429
7,6008
7,8804
7,15276
7,6620
7,8613
7,6191
7,9644
7,14296
7,8286
7,9925
7,14216
7,3903
7,2723
7,5108
7,14570
7,17415
7,9281
7,11003
7,4827
7,6380
7,8275
7,17291
7,8075
7,16741
7,4947
7,10299
7,16902
7,14352
7,6632
7,12834
7,2768
7,1425
7,6295
7,3111
7,15915
7,5916
7,11440
7,5932
7,11837
7,3587
7,6283
7,8329
7,2801
7,3060
7,8514
7,2629
7,970
7,12964
7,13909
7,4634
7,13895
7,1034
7,333
7,9129
7,294
7,3613
7,5109
7,8553
7,11470
7,2086
7,13769
7,6161
7,582
7,6973
7,905
7,4048
7,9617
7,11098
7,12061
7,13055
7,14050
7,4362
7,9054
7,2044
7,3562
7,12509
7,5935
7,16712
7,5320
7,2159
7,3439
7,7097
7,8024
7,3092
7,13350
7,3274
7,4138
7,11598
7,15457
7,1510
7,6840
7,14736
7,17432
7,8522
7,3069
7,9348
7,4141
7,552
7,7550
7,13592
7,13628
7,17158
7,6196
7,9854
7,6524
7,11674
7,14323
7,4277
7,4419
7,16363
7,6670
7,12002
7,5201
7,6046
7,16964
7,855
7,5974
7,3901
7,1910
7,15346
7,4742
7,4725
7,12577
7,797
7,589
7,16422
7,2166
7,3221
7,9069
7,6946
7,7565
7,3785
7,6085
7,14586
7,7573
7,10581
7,5716
7,11318
7,2680
7,1769
7,11708
7,8077
7,5688
7,13204
7,8532
7,13771
7,824
7,13660
7,9018
7,3053
7,13705
7,13078
7,12338
7,5638
7,2094
7,435
7,12081
7,332
7,15378
7,10018
7,3738
7,2904
7,15565
7,17142
7,12318
7,13732
7,11555
7,2130
7,13811
7,2232
7,11672
7,8836
7,643
7,4032
7,4988
7,10848
7,7114
7,3581
7,7877
7,4165
7,9395
7,8581
7,15220
7,9493
7,6184
7,4601
7,4375
7,9224
7,3287
7,6075
7,11561
7,15312
7,5674
7,5544
7,7151
7,10054
7,7568
7,4491
7,12996
7,8089
7,15655
7,14793
7,6722
7,1566
7,5946
7,17479
7,17116
7,13472
7,6410
7,10585
7,14106
7,16075
7,10742
7,13989
7,9313
7,1301
7,10961
7,13667
7,7438
7,16706
7,5289
7,17476
7,2473
7,2482
7,14657
7,7839
7,17358
7,13392
7,12116
7,6068
7,9996
7,13416
7,5167
7,16636
7,10313
7,12140
7,1913
7,11816
7,17272
7,12545
7,10621
7,8456
7,2324
7,14149
7,1319
7,945
7,16567
7,7612
7,12528
7,3396
7,14409
7,12374
7,16399
7,1512
7,961
7,9808
7,2429
7,9847
7,14961
7,11359
7,9689
7,13719
7,10496
7,11147
7,11068
7,15659
7,9678
7,17361
7,15748
7,10350
7,8033
7,2314
7,17218
7,15005
7,13131
7,1003
7,10543
7,12422
7,8896
7,4482
7,11524
7,16987
7,5224
7,2292
7,8907
7,4139
7,5921
7,15585
7,10203
7,478
7,13195
7,15260
7,410
7,7463
7,8548
7,6477
7,14249
7,13059
7,13653
7,13394
7,12329
7,670
7,3097
7,2785
7,954
7,5545
7,9235
7,9959
7,16735
7,6952
7,7466
7,2780
7,9942
7,163
7,8857
7,12026
7,6956
7,4753
7,17120
7,10906
7,11404
7,11013
7,10789
7,1798
7,14068
7,5580
7,6131
7,7206
7,13210
7,15368
7,7426
7,6646
7,4387
7,4018
7,11261
7,7052
7,1713
7,2858
7,17159
7,5290
7,8824
7,2564
7,6002
7,15681
7,15286
7,9567
7,10837
7,4789
7,6880
7,3709
7,2357
7,7570
7,825
7,632
7,4284
7,8926
7,6913
7,6900
7,5680
7,8791
7,3176
7,11861
7,10757
7,4823
7,16549
7,4685
7,16361
7,10634
7,6439
7,2160
7,9969
7,13141
7,7457
7,2650
7,15560
7,2185
7,13225
7,10727
7,15619
7,9884
7,7391
7,1026
7,7115
7,5286
7,5911
7,10399
7,11389
7,12008
7,7293
7,1124
7,17331
7,5102
7,4738
7,11048
7,6003
7,15793
7,7266
7,13376
7,14904
7,13498
7,4416
7,7406
7,8064
7,15416
7,5631
7,8658
7,5682
7,2970
7,13119
7,1168
7,4761
7,17259
7,7718
7,8916
7,2215
7,5754
7,16640
7,96
7,13079
7,14636
7,15251
7,14142
7,4051
7,1379
7,15574
7,11896
7,15764
7,12771
7,10469
7,1490
7,15352
7,10066
7,6482
7,12448
7,6001
7,6489
7,661
7,16990
7,13070
7,14677
7,13182
7,16132
7,1968
7,2742
7,9361
7,17436
7,17034
7,15993
7,13438
7,2716
7,14503
7,15649
7,9986
7,10193
7,13348
7,16453
7,3026
7,7899
7,10560
7,6000
7,7520
7,2886
7,14804
7,16564
7,1240
7,7584
7,15851
7,15898
7,7439
7,876
7,12492
7,12535
7,15036
7,5603
7,3411
7,12603
7,3120
7,15150
7,14114
7,9973
7,12263
7,10477
7,9648
7,7617
7,4998
7,15651
7,7469
7,4288
7,11542
7,11091
7,10819
7,14845
7,1249
7,17315
7,5627
7,9153
7,13646
7,887
7,6833
7,4219
7,3117
7,2033
7,15116
7,4379
7,5391
7,6648
7,12336
7,642
7,15752
7,6771
7,476
7,17379
7,7992
7,15264
7,6155
7,760
7,14714
7,3808
7,14814
7,3655
7,3333
7,7016
7,14417
7,15504
7,14673
7,6901
7,12803
7,3208
7,1408
7,145
7,16143
7,14108
7,16032
7,3130
7,5532
7,14019
7,11588
7,3195
7,13541
7,3386
7,3444
7,1842
7,3279
7,15666
7,12321
7,6398
7,1021
7,15920
7,10354
7,1475
7,15181
7,13900
7,836
7,3558
7,13027
7,9638
7,3748
7,17009
7,2107
7,9581
7,16190
7,16679
7,2056
7,9569
7,14802
7,11150
7,6614
7,15604
7,3881
7,1571
7,5713
7,14731
7,3015
7,4060
7,3112
7,8029
7,4844
7,10416
7,14082
7,5121
7,2260
7,9868
7,12006
7,8776
7,5678
7,3755
7,4077
7,10540
7,7559
7,2283
7,4261
7,1784
7,17441
7,12933
7,1916
7,11415
7,6907
7,5153
7,6371
7,1087
7,16175
7,37
7,12212
7,11192
7,6609
7,11220
7,3628
7,3393
7,16430
7,8760
7,3858
7,6749
7,10551
7,8783
7,4164
7,12622
7,3227
7,7443
7,1321
7,8217
7,13664
7,6718
7,10349
7,8631
7,1857
7,13403
7,4692
7,12363
7,6926
7,2336
7,4082
7,4485
7,8954
7,8103
7,15634
7,12105
7,8931
7,8634
7,5208
7,11504
7,974
7,8542
7,13054
7,5795
7,2007
7,4116
7,15207
7,3170
7,10983
7,6864
7,17055
7,3235
7,10454
7,9533
7,13063
7,3394
7,7101
7,12692
7,5123
7,915
7,9398
7,12792
7,8031
7,15729
7,4741
7,9032
7,12538
7,4157
7,12576
7,2730
7,15215
7,5056
7,5441
7,9842
7,367
7,15425
7,5774
7,4127
7,6112
7,10183
7,12625
7,14386
7,8292
7,2042
7,17095
7,10635
7,433
7,16832
7,272
7,12104
7,15156
7,7076
7,13743
7,12157
7,10051
7,15187
7,13433
7,5260
7,12849
7,17488
7,3753
7,2466
7,7713
7,15153
7,4020
7,3938
7,16410
7,696
7,8563
7,5262
7,11476
7,11058
7,3964
7,381
7,2208
7,12408
7,12085
7,10310
7,7974
7,3367
7,12216
7,2148
7,1294
7,14419
7,86
7,3073
7,16524
7,13345
7,11960
7,13634
7,13002
7,12260
7,6939
7,4260
7,3466
7,14315
7,575
7,13606
7,11153
7,3488
7,14008
7,8603
7,1399
7,16555
7,390
7,4016
7,10430
7,5349
7,4251
7,15885
7,14220
7,8853
7,7535
7,12038
7,3172
7,3039
7,7186
7,14764
7,1275
7,5562
7,5968
7,16191
7,5412
7,9229
7,674
7,12206
7,13543
7,208
7,3002
7,10493
7,13514
7,8379
7,6040
7,3158
7,14115
7,11435
7,11025
7,10941
7,9109
7,9722
7,11001
7,15955
7,4331
7,8415
7,4873
7,15962
7,2005
7,7240
7,1344
7,12704
7,12474
7,1204
7,5949
7,2578
7,4957
7,13360
7,12687
7,10702
7,7071
7,6074
7,9981
7,5747
7,8452
7,9389
7,10865
7,9872
7,16822
7,8133
7,3142
7,3408
7,15721
7,14880
7,15174
7,12124
7,14910
7,17381
7,15835
7,9917
7,502
7,5597
7,6851
7,17267
7,4970
7,12163
7,12221
7,3953
7,5926
7,6681
7,8489
7,11991
7,9946
7,17171
7,10846
7,465
7,14446
7,5725
7,16888
7,12722
7,6063
7,13623
7,13192
7,10337
7,1791
7,2093
7,497
7,14869
7,11576
7,13501
7,3796
7,4708
7,6464
7,274
7,8185
7,15340
7,16943
7,13901
7,10561
7,15837
7,9767
7,9908
7,17380
7,793
7,471
7,2532
7,16237
7,6012
7,2514
7,3638
7,5947
7,290
7,885
7,14881
7,504
7,13975
7,14789
7,2548
7,8377
7,11997
7,7762
7,4418
7,14669
7,6696
7,4075
7,13492
7,13255
7,11154
7,14176
7,7277
7,13878
7,15805
7,9396
7,10586
7,12837
7,2855
7,8739
7,4799
7,4801
7,6708
7,14392
7,2689
7,7785
7,6640
7,668
7,6602
7,4471
7,14876
7,7063
7,7096
7,9510
7,9504
7,10793
7,15032
7,5919
7,14725
7,5839
7,2263
7,1945
7,4586
7,3487
7,3003
7,6252
7,15978
7,2012
7,11012
7,17343
7,3082
7,16957
7,3921
7,5810
7,6603
7,1447
7,1023
7,6849
7,14088
7,865
7,7108
7,3228
7,2917
7,12452
7,6728
7,9856
7,495
7,12980
7,9597
7,10171
7,13145
7,3167
7,2685
7,10978
7,7536
7,11550
7,16287
7,16107
7,10773
7,8967
7,2628
7,5492
7,13101
7,13302
7,12660
7,10129
7,2803
7,2795
7,5024
7,16276
7,1247
7,1848
7,5220
7,1201
7,11810
7,1960
7,11663
7,15954
7,4286
7,4473
7,9118
7,6411
7,14056
7,1462
7,484
7,12279
7,4694
7,716
7,11183
7,11155
7,4958
7,11641
7,6707
7,13988
7,17326
7,2908
7,8576
7,8762
7,13537
7,10266
7,8759
7,1686
7,10090
7,9958
7,13798
7,10901
7,8003
7,1141
7,7386
7,10117
7,895
7,13925
7,11972
7,16507
7,411
7,10332
7,10675
7,12315
7,14476
7,14805
7,15412
7,4968
7,3810
7,15774
7,12782
7,11702
7,17028
7,16653
7,996
7,1169
7,3397
7,2066
7,16263
7,1008
7,3460
7,10649
7,10161
7,16976
7,1866
7,14084
7,175
7,8696
7,5616
7,3052
7,17405
7,9499
7,12199
7,12938
7,1592
7,7600
7,1313
7,6514
7,11745
7,15736
7,14301
7,8338
7,11030
7,3514
7,9169
7,32
7,428
7,10348
7,12016
7,532
7,10323
7,15441
7,493
7,8561
7,6934
7,12565
7,8629
7,2082
7,9792
7,14640
7,14872
7,7350
7,9926
7,14659
7,15912
7,15009
7,1787
7,4756
7,6574
7,700
7,16253
7,13551
7,12076
7,12564
7,11715
7,8443
7,480
7,14349
7,8073
7,3218
7,14742
7,12184
7,10992
7,9640
7,12178
7,923
7,9363
7,4502
7,11665
7,8678
7,15095
7,5717
7,3238
7,4618
7,1431
7,14567
7,13747
7,11519
7,14109
7,6367
7,6270
7,3368
7,10058
7,543
7,14400
7,15442
7,2633
7,8723
7,13522
7,6611
7,16827
7,11921
7,11831
7,6968
7,14128
7,4541
7,4696
7,5646
7,10039
7,35
7,12475
7,17245
7,5586
7,10013
7,15739
7,11889
7,1835
7,11558
7,3013
7,9279
7,9690
7,5075
7,10834
7,5546
7,12613
7,14232
7,6437
7,911
7,4087
7,4677
7,1804
7,9201
7,5078
7,17012
7,474
7,2930
7,5130
7,13075
7,13643
7,15073
7,881
7,2052
7,13471
7,2476
7,9015
7,2909
7,7198
7,9522
7,14017
7,14689
7,17035
7,4267
7,16861
7,60
7,5070
7,4161
7,345
7,13368
7,12758
7,13503
7,9619
7,353
7,10063
7,11146
7,14940
7,11008
7,15019
7,6910
7,9545
7,4663
7,11029
7,12291
7,3469
7,11944
7,13354
7,11347
7,16701
7,10703
7,13098
7,15855
7,1297
7,6344
7,13941
7,6604
7,10031
7,1637
7,16450
7,8915
7,17351
7,587
7,4564
7,4733
7,14611
7,1453
7,12447
7,1931
7,10284
7,15829
7,4604
7,2
7,993
7,13421
7,15222
7,11304
7,17246
7,6450
7,16875
7,5550
7,4573
7,9383
7,12518
7,8517
7,7046
7,17299
7,7505
7,2865
7,5879
7,14808
7,7343
7,6029
7,9158
7,5483
7,10759
7,11805
7,12424
7,1104
7,11310
7,10641
7,4263
7,17449
7,11885
7,6243
7,11694
7,14164
7,12805
7,9687
7,5606
7,13415
7,14351
7,15377
7,4078
7,8642
7,9170
7,2863
7,103
7,10294
7,7264
7,243
7,5598
7,14648
7,2127
7,13567
7,12918
7,9964
7,10651
7,13991
7,3716
7,12334
7,10334
7,1089
7,4130
7,2112
7,16351
7,7503
7,11564
7,8047
7,4325
7,8731
7,14261
7,2523
7,5852
7,9943
7,2431
7,12341
7,8812
7,4705
7,12204
7,3312
7,12604
7,10421
7,13840
7,8775
7,8127
7,14512
7,13678
7,3979
7,368
7,13406
7,16906
7,416
7,14173
7,8157
7,15613
7,10739
7,11579
7,1768
7,7767
7,6132
7,7072
7,8872
7,9006
7,9661
7,13425
7,3118
7,1608
7,6812
7,10869
7,7196
7,14418
7,2217
7,2149
7,3188
7,13846
7,4740
7,1206
7,17048
7,9604
7,17070
7,11651
7,4930
7,9210
7,4798
7,606
7,4883
7,4926
7,2892
7,14380
7,5647
7,15578
7,8623
7,986
7,16540
7,9076
7,11832
7,8756
7,10756
7,313
7,4327
7,8248
7,13091
7,15297
7,15847
7,16622
7,9574
7,8198
7,12055
7,13065
7,12367
7,11932
7,12844
7,4447
7,9546
7,2055
7,11114
7,15201
7,2051
7,1917
7,4610
7,12628
7,4855
7,1638
7,4099
7,4654
7,15798
7,17132
7,1235
7,1613
7,6720
7,188
7,1065
7,2376
7,8908
7,7813
7,17360
7,6961
7,16458
7,15130
7,4916
7,1669
7,15610
7,16566
7,9042
7,14829
7,5414
7,1664
7,13782
7,7249
7,523
7,10492
7,6020
7,7726
7,713
7,1480
7,8283
7,14028
7,3286
7,16631
7,4984
7,2508
7,4975
7,12486
7,9937
7,15088
7,10670
7,5382
7,2464
7,11567
7,14749
7,16949
7,14291
7,11825
7,7668
7,3499
7,1452
7,8862
7,12209
7,3361
7,10583
7,262
7,15008
7,15657
7,14048
7,8502
7,5087
7,3737
7,10225
7,7951
7,5241
7,16973
7,1630
7,15796
7,9877
7,11371
7,10043
7,6848
7,3652
7,686
7,5071
7,12306
7,6067
7,11680
7,12912
7,11104
7,10526
7,12910
7,1587
7,4924
7,8470
7,11574
7,9560
7,6966
7,16156
7,8591
7,538
7,14403
7,11002
7,13288
7,9540
7,3629
7,973
7,15916
7,16559
7,5446
7,11000
7,8340
7,8807
7,16799
7,7835
7,11902
7,14820
7,5448
7,16882
7,14186
7,15672
7,2329
7,13290
7,15775
7,14723
7,15047
7,3749
7,15874
7,14950
7,2793
7,15705
7,1194
7,2923
7,12333
7,782
7,664
7,16621
7,3927
7,10256
7,6534
7,7478
7,2319
7,2630
7,1270
7,15245
7,17109
7,14650
7,12966
7,12832
7,12021
7,7332
7,4866
7,7015
7,9025
7,16168
7,7754
7,11848
7,7841
7,9646
7,4298
7,13102
7,2763
7,6685
7,11226
7,8864
7,10993
7,7361
7,9198
7,14530
7,1257
7,5459
7,9276
7,8271
7,1764
7,14970
7,16925
7,1184
7,14962
7,7471
7,3441
7,422
7,3041
7,988
7,17364
7,13287
7,3569
7,8890
7,7770
7,15004
7,16411
7,534
7,6048
7,1372
7,6277
7,5044
7,1491
7,2251
7,17201
7,204
7,17335
7,14502
7,16289
7,5659
7,5710
7,17001
7,9787
7,16751
7,999
7,17290
7,16284
7,3357
7,12881
7,6826
7,14839
7,9246
7,11246
7,12490
7,11811
7,7622
7,13897
7,15439
7,10212
7,4946
7,12977
7,7320
7,16445
7,3497
7,6018
7,6185
7,701
7,11530
7,16126
7,13176
7,798
7,4039
7,16084
7,8897
7,17215
7,7597
7,7109
7,7929
7,3087
7,11539
7,477
7,14836
7,6590
7,11814
7,14626
7,6403
7,11583
7,6989
7,13151
7,10781
7,9849
7,4218
7,5971
7,2225
7,16397
7,9401
7,13218
7,52
7,2153
7,12536
7,4524
7,3775
7,2724
7,7388
7,7087
7,248
7,13466
7,5771
7,7510
7,14895
7,2880
7,9164
7,427
7,13658
7,11306
7,1992
7,13103
7,955
7,10849
7,5854
7,13523
7,12635
7,2279
7,10366
7,11824
7,13271
7,4719
7,10346
7,4665
7,15562
7,5866
7,1781
7,413
7,7043
7,6005
7,13881
7,11477
7,3148
7,6378
7,16829
7,8025
7,6305
7,15206
7,14892
7,14274
7,5815
7,11888
7,808
7,3597
7,9128
7,4891
7,12730
7,13893
7,2193
7,13494
7,3267
7,13231
7,10867
7,12623
7,7094
7,17414
7,4236
7,6116
7,17445
7,2557
7,7033
7,4350
7,7381
7,9422
7,15521
7,11210
7,16720
7,14032
7,15667
7,11614
7,6533
7,9960
7,9833
7,5119
7,9310
7,192
7,9538
7,5730
7,6499
7,15334
7,7808
7,12162
7,514
7,10084
7,9983
7,3339
7,1549
7,5904
7,9066
7,17175
7,517
7,11291
7,16674
7,13624
7,17026
7,3760
7,5899
7,11999
7,13508
7,3263
7,2327
7,193
7,12101
7,16169
7,11624
7,12392
7,6581
7,11880
7,7634
7,16553
7,1711
7,16314
7,13413
7,9292
7,8635
7,6854
7,3465
7,6638
7,4311
7,16135
7,8493
7,10375
7,8596
7,6606
7,16992
7,2382
7,9277
7,13229
7,15716
7,6181
7,6992
7,10215
7,17037
7,11395
7,1094
7,9732
7,7590
7,13517
7,8124
7,6180
7,17192
7,10858
7,14200
7,16058
7,2386
7,16342
7,8900
7,10034
7,745
7,14874
7,14633
7,8027
7,14583
7,8720
7,9602
7,7885
7,2258
7,2278
7,9480
7,17080
7,1822
7,2867
7,16013
7,7121
7,7344
7,5450
7,10557
7,6547
7,14126
7,8670
7,10816
7,15826
7,49
7,11323
7,1388
7,4450
7,15202
7,15680
7,16864
7,13691
7,8074
7,11809
7,4657
7,4332
7,1918
7,4144
7,7794
7,7873
7,7181
7,6763
7,5794
7,6677
7,5741
7,4446
7,15824
7,9206
7,4698
7,10342
7,8885
7,16136
7,8394
7,3619
7,4832
7,2659
7,11722
7,8454
7,7847
7,9468
7,2488
7,6636
7,13457
7,13338
7,3918
7,5221
7,5196
7,2399
7,8158
7,16487
7,12267
7,12018
7,14124
7,15670
7,3219
7,10501
7,1083
7,14435
7,14660
7,7209
7,13898
7,6613
7,10843
7,16797
7,14192
7,3310
7,11660
7,8229
7,8933
7,4117
7,7748
7,15713
7,8287
7,6719
7,2223
7,17112
7,5556
7,11046
7,8469
7,8346
7,3424
7,10462
7,1396
7,16612
7,15198
7,4819
7,7049
7,4953
7,9286
7,6414
7,15612
7,16356
7,13215
7,1435
7,8056
7,11717
7,11589
7,4913
7,11024
7,15308
7,402
7,16379
7,11449
7,13923
7,10925
7,15472
7,1320
7,1470
7,12499
7,11175
7,2895
7,12588
7,691
7,2250
7,12970
7,12337
7,7863
7,2669
7,1188
7,16862
7,5237
7,4422
7,11915
7,15652
7,12574
7,36
7,1115
7,13233
7,15844
7,8787
7,3563
7,980
7,8991
7,14184
7,13242
7,1722
7,10984
7,14600
7,10149
7,12462
7,15698
7,6466
7,10112
7,13746
7,6440
7,8410
7,14930
7,16935
7,6824
7,7511
7,10132
7,6133
7,8558
7,3883
7,1449
7,16960
7,15370
7,11569
7,15985
7,12597
7,12972
7,14765
7,1175
7,10668
7,8495
7,16165
7,13380
7,14846
7,16180
7,5280
7,14185
7,8116
7,6795
7,15302
7,10388
7,9591
7,9753
7,14440
7,6331
7,5950
7,596
7,5880
7,15509
7,13910
7,7712
7,11679
7,1729
7,11177
7,10459
7,17147
7,3409
7,492
7,14641
7,17077
7,6775
7,16779
7,14422
7,1583
7,16465
7,1433
7,11845
7,5595
7,1251
7,4999
7,2261
7,12331
7,151
7,5498
7,11249
7,2805
7,15497
7,4531
7,336
7,17110
7,10131
7,16937
7,8882
7,10956
7,1095
7,9961
7,15891
7,7417
7,16505
7,17458
7,13797
7,7870
7,1312
7,12355
7,11914
7,2479
7,2776
7,7934
7,4234
7,16421
7,5219
7,5840
7,2410
7,3879
7,15827
7,5536
7,13254
7,12201
7,5633
7,16783
7,6461
7,15017
7,10568
7,13315
7,3973
7,10168
7,11740
7,3948
7,2505
7,15403
7,13650
7,78
7,14160
7,13981
7,14381
7,6045
7,11532
7,15726
7,1434
7,16101
7,4474
7,3553
7,5749
7,4793
7,4724
7,11337
7,14763
7,6770
7,5067
7,12549
7,5796
7,2911
7,2124
7,4062
7,11957
7,15139
7,8199
7,9933
7,15552
7,7001
7,8016
7,3799
7,15895
7,7176
7,9135
7,15533
7,13553
7,1524
7,11675
7,7801
7,10880
7,13096
7,155
7,7663
7,14208
7,12530
7,5563
7,15696
7,4649
7,7459
7,8738
7,3212
7,4884
7,6690
7,5178
7,9233
7,14550
7,1772
7,16726
7,9356
7,10929
7,11844
7,14308
7,2366
7,11772
7,6244
7,7576
7,10605
7,14073
7,4371
7,7274
7,14483
7,15050
7,765
7,2969
7,4275
7,5043
7,17139
7,8998
7,10009
7,16268
7,14674
7,7327
7,2492
7,9057
7,7711
7,6444
7,2856
7,13533
7,721
7,7290
7,9257
7,2145
7,13434
7,13966
7,4552
7,7190
7,4030
7,1597
7,13654
7,9063
7,7188
7,12751
7,9935
7,13728
7,9243
7,16344
7,9668
7,15731
7,762
7,6852
7,12501
7,13556
7,17187
7,10202
7,14622
7,5755
7,4155
7,3511
7,17308
7,7526
7,15408
7,5705
7,14507
7,2713
7,9519
7,16231
7,11464
7,16405
7,3548
7,16045
7,3528
7,7947
7,10436
7,8826
7,4119
7,9636
7,1847
7,14457
7,9551
7,451
7,4821
7,6281
7,5581
7,6532
7,12410
7,17327
7,13999
7,1481
7,12620
7,1385
7,14510
7,12256
7,15969
7,11201
7,3871
7,13486
7,5057
7,8205
7,5841
7,17232
7,7882
7,563
7,10667
7,8801
7,13269
7,3518
7,8232
7,15240
7,13511
7,8167
7,13885
7,2746
7,10288
7,2936
7,7669
7,9980
7,14617
7,3913
7,5270
7,9596
7,7543
7,4700
7,5936
7,7259
7,11459
7,9822
7,8244
7,5052
7,6695
7,9151
7,12463
7,16810
7,9430
7,14343
7,13305
7,6520
7,521
7,7682
7,12406
7,6321
7,394
7,3083
7,9930
7,531
7,16100
7,14696
7,8252
7,17300
7,3391
7,12936
7,3369
7,3299
7,16115
7,14572
7,2737
7,15883
7,13673
7,13585
7,8184
7,16675
7,1268
7,8273
7,3832
7,5379
7,15269
7,14332
7,5517
7,14571
7,12316
7,13576
7,2273
7,1632
7,3358
7,4220
7,1186
7,13815
7,10267
7,6364
7,13174
7,9756
7,16201
7,2139
7,2323
7,13346
7,2861
7,13238
7,8856
7,2313
7,5245
7,12148
7,11776
7,2436
7,7645
7,11033
7,10803
7,15866
7,16459
7,16210
7,17013
7,15992
7,2188
7,14436
7,1600
7,2354
7,11073
7,14379
7,7755
7,14702
7,13127
7,14690
7,14707
7,6238
7,6962
7,6724
7,520
7,10355
7,2869
7,7603
7,10990
7,51
7,3985
7,3898
7,2204
7,5445
7,7169
7,14740
7,12540
7,3691
7,11725
7,12217
7,5731
7,14009
7,11369
7,1703
7,3690
7,12454
7,6250
7,15486
7,9729
7,13596
7,16119
7,13976
7,9439
7,9880
7,12916
7,17238
7,16456
7,1013
7,8403
7,11301
7,4513
7,11513
7,16006
7,8491
7,2570
7,11769
7,10690
7,3735
7,10632
7,13228
7,5634
7,6382
7,408
7,3101
7,16248
7,9931
7,8402
7,5117
7,5460
7,11290
7,360
7,13453
7,9014
7,5094
7,14514
7,11325
7,12130
7,6368
7,3869
7,6857
7,7552
7,1886
7,15087
7,9386
7,13775
7,16583
7,5864
7,2807
7,2851
7,8928
7,6888
7,12532
7,7371
7,11577
7,16435
7,12526
7,12274
7,3906
7,15930
7,12015
7,5970
7,1633
7,1456
7,3143
7,7783
7,7683
7,17484
7,3288
7,17173
7,8446
7,9420
7,1795
7,12512
7,7661
7,4221
7,3843
7,16624
7,11796
7,2312
7,9017
7,15291
7,12133
7,13861
7,9159
7,1370
7,10495
7,5676
7,12189
7,13669
7,10964
7,12761
7,7692
7,16590
7,2256
7,1578
7,11742
7,15661
7,693
7,9280
7,14241
7,178
7,11006
7,2774
7,4630
7,780
7,1735
7,10387
7,4606
7,2717
7,5132
7,6712
7,3746
7,6419
7,16303
7,4009
7,10358
7,16148
7,4372
7,10748
7,3191
7,16818
7,17097
7,13868
7,2135
7,9400
7,14051
7,5396
7,3939
7,16526
7,4026
7,9680
7,5925
7,5630
7,8978
7,7993
7,13813
7,17333
7,9985
7,6355
7,14469
7,16409
7,967
7,5529
7,11595
7,14413
7,14635
7,2106
7,15033
7,3145
7,12731
7,7366
7,11344
7,852
7,11982
7,16053
7,7876
7,8240
7,12078
7,8481
7,16737
7,13369
7,3137
7,7474
7,9265
7,2844
7,1377
7,17069
7,5625
7,14670
7,17372
7,9777
7,5368
7,11606
7,14300
7,16749
7,1819
7,3674
7,1164
7,5821
7,14573
7,3115
7,7990
7,503
7,16613
7,12158
7,16452
7,3915
7,6830
7,15961
7,5510
7,16048
7,1374
7,487
7,15349
7,5279
7,4177
7,16617
7,2432
7,15223
7,16443
7,2597
7,4961
7,11375
7,5502
7,17176
7,11007
7,16597
7,1954
7,8477
7,13115
7,1487
7,12836
7,1728
7,9408
7,5443
7,4779
7,11507
7,10684
7,14655
7,16763
7,972
7,10842
7,17172
7,1659
7,2340
7,5913
7,14321
7,4312
7,1075
7,5639
7,7791
7,2945
7,6705
7,13155
7,9897
7,4440
7,12632
7,15548
7,14629
7,16784
7,14071
7,15980
7,1753
7,5726
7,5740
7,3870
7,3974
7,8695
7,2753
7,2499
7,12353
7,8389
7,5085
7,15289
7,11245
7,829
7,14790
7,10836
7,8032
7,6503
7,15328
7,3390
7,1884
7,482
7,16958
7,1047
7,6350
7,10295
7,6647
7,15529
7,10695
7,1567
7,7834
7,12950
7,13284
7,2914
7,662
7,12025
7,941
7,732
7,11858
7,4129
7,8511
7,12911
7,908
7,8093
7,4918
7,11094
7,14168
7,1689
7,8662
7,17057
7,17179
7,14449
7,14086
7,5234
7,1829
7,5988
7,4508
7,12242
7,1216
7,1736
7,5895
7,7900
7,13283
7,10395
7,6400
7,8385
7,507
7,8299
7,761
7,13484
7,816
7,3892
7,2304
7,9425
7,8214
7,17346
7,13734
7,2453
7,9972
7,15730
7,1152
7,15740
7,11345
7,11292
7,5302
7,5691
7,12308
7,1463
7,7153
7,6756
7,16026
7,199
7,4297
7,12762
7,12295
7,15178
7,9289
7,5395
7,12922
7,15683
7,7433
7,11525
7,4675
7,8398
7,669
7,4465
7,13129
7,15132
7,4509
7,13865
7,709
7,6472
7,13866
7,8833
7,10067
7,15528
7,14800
7,8035
7,3243
7,2963
7,5139
7,4200
7,14713
7,10293
7,261
7,7874
7,10157
7,6569
7,7468
7,11005
7,7569
7,1536
7,11383
7,5418
7,6818
7,9044
7,14209
7,14267
7,7058
7,13760
7,10238
7,8790
7,12294
7,12098
7,16790
7,3211
7,14233
7,14456
7,2681
7,15642
7,8704
7,98
7,3178
7,5642
7,1901
7,2860
7,5707
7,16462
7,9807
7,8957
7,12167
7,7106
7,281
7,2665
7,6286
7,14410
7,1518
7,10466
7,1860
7,5953
7,12847
7,15832
7,910
7,2894
7,8972
7,8239
7,12929
7,3711
7,7024
7,15888
7,10697
7,10373
7,5364
7,3795
7,17078
7,7166
7,9083
7,10719
7,8929
7,13997
7,8206
7,16506
7,10587
7,2414
7,2876
7,1869
7,1896
7,7725
7,2988
7,8582
7,6909
7,15235
7,11523
7,9783
7,9900
7,6026
7,6311
7,12345
7,16743
7,8041
7,4035
7,7616
7,14003
7,14692
7,1244
7,1039
7,5941
7,1861
7,16593
7,15406
7,1640
7,9000
7,6666
7,15800
7,17061
7,4102
7,10980
7,556
7,7912
7,3787
7,15305
7,11489
7,4017
7,7588
7,12784
7,7144
7,15711
7,1588
7,12040
7,12228
7,11502
7,15709
7,450
7,7047
7,9713
7,17294
7,8100
7,13130
7,3684
7,10717
7,1834
7,3064
7,14560
7,15142
7,10745
7,10995
7,3351
7,1122
7,15692
7,1077
7,7591
7,15623
7,3241
7,1346
7,10971
7,564
7,14778
7,14630
7,13439
7,9697
7,14125
7,3945
7,7994
7,4451
7,12349
7,8000
7,13809
7,12251
7,1418
7,10989
7,13928
7,12224
7,15189
7,16596
7,9098
7,15542
7,8114
7,15234
7,177
7,17223
7,17228
7,16934
7,14223
7,14401
7,16031
7,15893
7,13789
7,11621
7,2787
7,15126
7,10762
7,14393
7,8062
7,136
7,4097
7,3179
7,14493
7,12386
7,7223
7,14309
7,12310
7,7679
7,12510
7,9904
7,15185
7,216
7,12860
7,3006
7,15843
7,10604
7,15265
7,15958
7,14219
7,8569
7,8186
7,2832
7,3566
7,15616
7,4762
7,1163
7,17339
7,4723
7,9214
7,11536
7,4050
7,3021
7,1181
7,14521
7,2538
7,16353
7,9508
7,5383
7,5619
7,13479
7,11570
7,10590
7,3970
7,15724
7,976
7,13251
7,3797
7,12573
7,12841
7,5025
7,16542
7,13168
7,15688
7,12558
7,9585
7,8918
7,9337
7,3300
7,9217
7,9592
7,16420
7,16158
7,6975
7,1740
7,3931
7,8363
7,2503
7,16478
7,16592
7,6366
7,10226
7,590
7,14623
7,5091
7,11731
7,2465
7,10069
7,1908
7,14618
7,12974
7,10092
7,3841
7,5577
7,16738
7,5155
7,15172
7,15064
7,9312
7,1625
7,656
7,8810
7,16561
7,14732
7,5073
7,3723
7,10595
7,8328
7,2748
7,13821
7,1996
7,305
7,9611
7,7818
7,5613
7,14448
7,13591
7,10340
7,8425
7,14484
7,5758
7,16500
7,11613
7,3508
7,4628
7,10618
7,4811
7,10511
7,1998
7,9830
7,11139
7,9825
7,2516
7,10410
7,16582
7,9297
7,10312
7,11661
7,1620
7,10424
7,5267
7,4227
7,561
7,16370
7,11692
7,14680
7,8131
7,9082
7,14376
7,1666
7,6312
7,11124
7,11127
7,10023
7,7464
7,6937
7,16700
7,12925
7,9987
7,14579
7,6397
7,2727
7,16975
7,1199
7,2219
7,6092
8,1246
8,2150
8,12859
8,2367
8,16373
8,4474
8,321
8,9609
8,43
8,9765
8,175
8,1394
8,2232
8,2415
8,2969
8,14264
8,11634
8,12449
8,9391
8,13952
8,17098
8,13655
8,1203
8,13324
8,4013
8,17431
8,9341
8,7470
8,17018
8,12459
8,13300
8,12754
8,7799
8,12497
8,7333
8,14419
8,9673
8,16788
8,3856
8,13029
8,1835
8,3558
8,5432
8,11461
8,5317
8,3800
8,5738
8,8046
8,17255
8,2429
8,4310
8,16118
8,12573
8,12505
8,3291
8,2205
8,15777
8,8100
8,2092
8,16030
8,1447
8,10910
8,9473
8,11102
8,6416
8,1084
8,4748
8,13219
8,17017
8,4394
8,17110
8,9132
8,1454
8,2190
8,17438
8,17104
8,10785
8,87
8,16994
8,12485
8,11862
8,11522
8,9793
8,1790
8,3761
8,11138
8,7050
8,16513
8,7293
8,10880
8,11309
8,10476
8,17471
8,14413
8,16361
8,14934
8,7304
8,6208
8,13376
8,2168
8,13291
8,4249
8,15617
8,9771
8,11852
8,13676
8,13516
8,2038
8,1046
8,10965
8,17246
8,9292
8,4204
8,6193
8,9925
8,10496
8,10717
8,16067
8,16176
8,4727
8,11516
8,2722
8,13714
8,4631
8,4538
8,15604
8,3925
8,12040
8,3248
8,4469
8,2514
8,7428
8,7690
8,14247
8,2788
8,6711
8,13578
8,11139
8,16057
8,442
8,1833
8,6782
8,11665
8,4289
8,6516
8,17081
8,3032
8,932
8,6634
8,2427
8,16694
8,10004
8,7715
8,8795
8,8878
8,12986
8,10562
8,4439
8,15290
8,7398
8,13728
8,11925
8,2887
8,3496
8,6348
8,11649
8,12318
8,15764
8,14490
8,2687
8,16342
8,5731
8,7812
8,6016
8,15955
8,6380
8,11553
8,2626
8,3223
8,6505
8,14250
8,15878
8,16061
8,12902
8,14352
8,11244
8,7600
8,11687
8,16975
8,9060
8,11833
8,716
8,9302
8,14563
8,14695
8,15996
8,16366
8,1001
8,14219
8,11179
8,11287
8,8315
8,7186
8,12374
8,4678
8,9482
8,1852
8,6910
8,13131
8,16292
8,15640
8,8724
8,14125
8,17193
8,6005
8,11856
8,9119
8,3414
8,11293
8,15480
8,1540
8,5077
8,10506
8,1473
8,9561
8,4437
8,10358
8,17283
8,7947
8,14405
8,15944
8,12151
8,11243
8,10401
8,9484
8,14957
8,10338
8,16568
8,2494
8,15165
8,5465
8,2233
8,14088
8,1251
8,4967
8,11145
8,8925
8,8907
8,12229
8,5007
8,10856
8,12845
8,3356
8,12347
8,7442
8,7382
8,851
8,10853
8,2199
8,5619
8,2281
8,12202
8,4851
8,9319
8,877
8,10451
8,10611
8,3349
8,5372
8,3334
8,14467
8,11444
8,15071
8,11079
8,9333
8,166
8,10831
8,8646
8,2907
8,5562
8,12470
8,17398
8,2174
8,2881
8,15641
8,9009
8,17385
8,14372
8,751
8,13217
8,10769
8,17166
8,8669
8,3592
8,6792
8,4005
8,2668
8,1350
8,17429
8,289
8,10240
8,3052
8,17422
8,12205
8,14726
8,3732
8,15756
8,14518
8,4284
8,16693
8,11474
8,8393
8,9758
8,7325
8,3272
8,5494
8,984
8,5014
8,13690
8,8904
8,15884
8,11929
8,9691
8,5918
8,8970
8,11784
8,294
8,14651
8,6591
8,2045
8,11433
8,16742
8,9909
8,2295
8,7542
8,11967
8,4745
8,6735
8,16894
8,15077
8,3546
8,15994
8,15413
8,9076
8,6927
8,17400
8,12187
8,401
8,5836
8,1864
8,11666
8,6528
8,11291
8,5775
8,9766
8,3964
8,9953
8,15939
8,2147
8,331
8,6305
8,9224
8,2787
8,9327
8,4175
8,11934
8,12185
8,12000
8,4357
8,6166
8,4741
8,8179
8,1960
8,10432
8,11389
8,4350
8,13700
8,10023
8,5874
8,1327
8,16562
8,4341
8,15347
8,11727
8,14571
8,16129
8,4714
8,16269
8,13499
8,6556
8,7948
8,2619
8,11234
8,12593
8,1592
8,13320
8,10140
8,12276
8,12950
8,14532
8,10007
8,10360
8,10242
8,1929
8,2447
8,10995
8,11660
8,7852
8,3729
8,11388
8,10373
8,999
8,11541
8,5459
8,1297
8,298
8,6091
8,4317
8,15727
8,11108
8,7118
8,11341
8,15544
8,6909
8,652
8,6484
8,11763
8,7226
8,14877
8,14738
8,9419
8,7345
8,6789
8,3271
8,7228
8,13874
8,3883
8,6911
8,4823
8,5104
8,11865
8,13233
8,4102
8,7000
8,7208
8,15159
8,1980
8,3632
8,12924
8,15538
8,5774
8,3680
8,11451
8,235
8,16913
8,8224
8,10679
8,2117
8,6161
8,9324
8,15902
8,17409
8,6379
8,3153
8,9928
8,113
8,483
8,13396
8,9957
8,1824
8,13491
8,17163
8,10557
8,17236
8,15806
8,6385
8,15867
8,7704
8,770
8,14855
8,12081
8,16962
8,12147
8,17188
8,267
8,9644
8,13163
8,14669
8,13036
8,9806
8,11582
8,14291
8,10061
8,1575
8,16159
8,13763
8,8312
8,15297
8,6995
8,1513
8,12701
8,11077
8,15206
8,7400
8,5167
8,8354
8,15473
8,3337
8,7243
8,4825
8,8778
8,9727
8,7695
8,1709
8,16
8,4556
8,5447
8,17433
8,16995
8,5982
8,16734
8,6329
8,4895
8,9432
8,3772
8,4663
8,10038
8,1264
8,430
8,4458
8,14932
8,11054
8,3316
8,8924
8,135
8,2870
8,8891
8,1391
8,7964
8,6412
8,16710
8,8055
8,4814
8,14489
8,4746
8,8934
8,11677
8,12605
8,9590
8,5783
8,6044
8,11053
8,11744
8,10329
8,8996
8,15546
8,15786
8,13427
8,15596
8,10267
8,11554
8,3526
8,14899
8,687
8,10843
8,15360
8,16826
8,1281
8,7327
8,11668
8,3585
8,10533
8,2896
8,308
8,4607
8,12377
8,9626
8,9196
8,3007
8,3216
8,218
8,8264
8,16678
8,5976
8,7585
8,7796
8,7763
8,13543
8,15623
8,7833
8,15136
8,8660
8,8386
8,15317
8,17391
8,10485
8,11363
8,5440
8,16957
8,5843
8,1627
8,4622
8,8432
8,15922
8,7885
8,14338
8,2414
8,1419
8,6955
8,13199
8,13121
8,11760
8,13013
8,11631
8,11755
8,9510
8,4269
8,17227
8,6062
8,10827
8,7407
8,9667
8,4933
8,244
8,8448
8,4189
8,9007
8,12024
8,14916
8,16637
8,353
8,6051
8,13508
8,10439
8,10543
8,7767
8,178
8,8274
8,15322
8,6381
8,80
8,2359
8,11307
8,10652
8,7659
8,9270
8,5304
8,2926
8,5078
8,1088
8,182
8,5830
8,4095
8,14777
8,16868
8,7184
8,1909
8,5576
8,10829
8,12279
8,16597
8,4440
8,8611
8,12938
8,4679
8,850
8,6342
8,12586
8,6212
8,14960
8,10585
8,12789
8,10361
8,16656
8,5226
8,8406
8,1144
8,6440
8,17258
8,11214
8,10545
8,9512
8,4716
8,7153
8,13965
8,14968
8,7877
8,7283
8,15342
8,13528
8,16611
8,4729
8,204
8,14710
8,10466
8,15906
8,282
8,27
8,16065
8,5541
8,4769
8,10664
8,105
8,5006
8,16101
8,17062
8,13288
8,7036
8,16239
8,7159
8,15018
8,2067
8,8260
8,4970
8,7883
8,2785
8,11153
8,12597
8,10305
8,13404
8,16523
8,7742
8,3929
8,11194
8,6709
8,15340
8,13166
8,4789
8,12908
8,2015
8,9357
8,15628
8,9015
8,13471
8,4975
8,2946
8,15570
8,8751
8,15626
8,14539
8,1782
8,8331
8,176
8,6155
8,10792
8,4772
8,7225
8,13489
8,13596
8,4884
8,12736
8,9912
8,9315
8,16771
8,6038
8,7847
8,3190
8,10162
8,12870
8,16060
8,3239
8,9124
8,7737
8,12874
8,5873
8,12397
8,7130
8,10789
8,3105
8,16902
8,4252
8,6113
8,5930
8,4343
8,4417
8,6558
8,10349
8,11032
8,10942
8,5786
8,15660
8,6337
8,16317
8,7289
8,10290
8,16319
8,3290
8,14240
8,15420
8,15951
8,2261
8,11059
8,2616
8,11494
8,2017
8,16082
8,4397
8,5362
8,15928
8,7820
8,3039
8,7021
8,6770
8,15901
8,16501
8,15424
8,15126
8,5944
8,1655
8,3803
8,2558
8,395
8,6950
8,1030
8,17276
8,7312
8,4402
8,3062
8,4181
8,2158
8,9619
8,14096
8,448
8,11261
8,6032
8,16157
8,6177
8,11358
8,11654
8,17055
8,12212
8,7739
8,14018
8,11748
8,7055
8,17216
8,3026
8,5043
8,8290
8,7970
8,13284
8,10501
8,14148
8,7575
8,10320
8,7381
8,2332
8,6617
8,5197
8,4639
8,5662
8,15202
8,10362
8,11980
8,8780
8,15207
8,12523
8,8775
8,8494
8,5745
8,8405
8,13809
8,4230
8,11926
8,12135
8,11957
8,11100
8,15253
8,8304
8,8942
8,14432
8,3636
8,11316
8,14840
8,12002
8,9657
8,6646
8,8993
8,4542
8,7482
8,2140
8,11310
8,4753
8,9463
8,12498
8,13938
8,8251
8,12436
8,5283
8,8488
8,13093
8,14441
8,1570
8,6630
8,11338
8,13116
8,3090
8,5667
8,16843
8,5408
8,11817
8,12949
8,4275
8,8525
8,3295
8,1663
8,10871
8,3597
8,1882
8,1684
8,13663
8,14395
8,12478
8,9708
8,8223
8,4347
8,4936
8,8116
8,11715
8,7394
8,4124
8,4991
8,4426
8,9602
8,15273
8,3422
8,870
8,2831
8,2391
8,13224
8,5888
8,1578
8,741
8,16173
8,7959
8,10761
8,5194
8,17093
8,2106
8,6760
8,5417
8,17112
8,8374
8,1781
8,15897
8,1924
8,14783
8,13572
8,406
8,13066
8,1572
8,792
8,8821
8,1332
8,17419
8,5926
8,957
8,15941
8,2517
8,9485
8,11946
8,4870
8,13264
8,4998
8,6192
8,3358
8,8425
8,4803
8,14377
8,11506
8,8162
8,15642
8,4945
8,1891
8,8580
8,6853
8,7466
8,11217
8,3268
8,6129
8,8630
8,3640
8,4876
8,10054
8,8969
8,9637
8,4708
8,1377
8,4516
8,8867
8,13615
8,581
8,4892
8,5734
8,493
8,11868
8,8869
8,12263
8,11536
8,10334
8,5347
8,3979
8,5048
8,3663
8,17444
8,16857
8,12561
8,12790
8,4321
8,7203
8,3899
8,5456
8,14199
8,15490
8,15855
8,1189
8,15530
8,3687
8,9303
8,15230
8,15415
8,10091
8,8790
8,9098
8,9204
8,17349
8,14982
8,5883
8,8012
8,5012
8,14295
8,13398
8,8127
8,6149
8,5916
8,15039
8,416
8,8366
8,2380
8,3424
8,14534
8,7245
8,968
8,12443
8,5187
8,15984
8,4944
8,13381
8,14973
8,6311
8,6660
8,8028
8,14225
8,4593
8,8954
8,4684
8,14231
8,10271
8,13951
8,14711
8,8797
8,3154
8,13203
8,11573
8,1877
8,2620
8,5606
8,972
8,2713
8,4420
8,7710
8,9408
8,16738
8,1097
8,12955
8,12098
8,2495
8,7348
8,2976
8,13130
8,655
8,1187
8,14479
8,2258
8,9287
8,2262
8,3373
8,16768
8,15589
8,14277
8,12273
8,959
8,15551
8,11938
8,11116
8,4255
8,3092
8,16210
8,8567
8,13039
8,9030
8,11884
8,10012
8,3556
8,13306
8,14459
8,163
8,4541
8,17217
8,7891
8,15757
8,15714
8,12797
8,16587
8,8884
8,10563
8,3142
8,13071
8,13511
8,15645
8,15689
8,8284
8,13966
8,126
8,14667
8,8526
8,15630
8,3922
8,789
8,1493
8,10187
8,3247
8,3996
8,16832
8,10186
8,6290
8,6905
8,4087
8,17314
8,3612
8,15425
8,16823
8,13347
8,5067
8,13978
8,15690
8,6975
8,7910
8,390
8,10200
8,2191
8,9952
8,14287
8,17100
8,4467
8,10992
8,16248
8,4931
8,8339
8,5105
8,1237
8,3565
8,13328
8,6247
8,3305
8,10709
8,5778
8,5140
8,14351
8,3175
8,1438
8,13055
8,3673
8,6239
8,16247
8,5374
8,16140
8,8147
8,9536
8,10670
8,14819
8,17232
8,16225
8,207
8,16615
8,8381
8,16359
8,5511
8,13890
8,8960
8,360
8,13479
8,6631
8,5560
8,4833
8,13157
8,1209
8,17393
8,436
8,10178
8,2548
8,13051
8,4964
8,17155
8,13444
8,1075
8,16528
8,6972
8,7372
8,12385
8,3400
8,13629
8,16630
8,1124
8,11306
8,15618
8,11042
8,15762
8,5568
8,16864
8,5814
8,8950
8,3864
8,10011
8,11942
8,6837
8,17009
8,16422
8,17097
8,699
8,1072
8,15408
8,3173
8,4968
8,2225
8,1703
8,6605
8,4009
8,8165
8,3344
8,12242
8,15295
8,14065
8,13859
8,17448
8,8214
8,990
8,16965
8,4881
8,3085
8,15251
8,924
8,13104
8,16205
8,2652
8,5792
8,2768
8,11736
8,9290
8,12930
8,12155
8,3199
8,11810
8,6915
8,10035
8,9818
8,11028
8,16652
8,5190
8,1673
8,7300
8,14918
8,15255
8,3683
8,15586
8,3224
8,11239
8,2806
8,11060
8,17204
8,16452
8,6653
8,16036
8,14536
8,9016
8,14529
8,291
8,13839
8,15848
8,15677
8,17094
8,3006
8,13165
8,5254
8,16665
8,7572
8,421
8,6935
8,9777
8,6132
8,6242
8,9568
8,11937
8,15978
8,13697
8,1518
8,674
8,17194
8,13896
8,16085
8,8890
8,12146
8,3886
8,2973
8,3495
8,6323
8,10869
8,15002
8,7762
8,6050
8,6124
8,4863
8,8699
8,373
8,2890
8,15358
8,13374
8,9796
8,13086
8,13500
8,17287
8,3584
8,4096
8,14851
8,2005
8,3703
8,17170
8,16827
8,7254
8,11517
8,5777
8,645
8,11334
8,9240
8,12087
8,649
8,13265
8,13035
8,2571
8,9887
8,1443
8,13218
8,6035
8,5837
8,3733
8,5579
8,1602
8,13864
8,3986
8,13567
8,16282
8,16751
8,8059
8,3135
8,794
8,8712
8,13645
8,15822
8,4229
8,6495
8,4783
8,16050
8,70
8,17191
8,13689
8,16275
8,10287
8,634
8,11552
8,15561
8,3549
8,7106
8,3676
8,9823
8,8865
8,4333
8,9190
8,4918
8,9945
8,7988
8,11425
8,9130
8,1413
8,2611
8,12150
8,10499
8,4665
8,2003
8,12836
8,7632
8,11783
8,3713
8,15318
8,11369
8,10559
8,16510
8,7631
8,58
8,13326
8,1876
8,1156
8,5730
8,9995
8,1898
8,3590
8,2130
8,6001
8,9283
8,11359
8,2041
8,28
8,5461
8,4115
8,11615
8,5946
8,2152
8,7202
8,2533
8,14676
8,15283
8,8941
8,9000
8,2531
8,4626
8,11540
8,13329
8,4616
8,8137
8,15734
8,2290
8,5588
8,5575
8,5182
8,4657
8,12820
8,2483
8,7144
8,16385
8,15971
8,2029
8,10228
8,12730
8,2564
8,7714
8,10701
8,5732
8,7798
8,16215
8,12662
8,1562
8,12319
8,13244
8,3478
8,9068
8,1265
8,6808
8,15585
8,5784
8,2073
8,13504
8,1968
8,7860
8,4207
8,6027
8,12944
8,7190
8,17252
8,14349
8,12412
8,12256
8,8244
8,5379
8,15020
8,3801
8,1126
8,7285
8,8246
8,11123
8,12682
8,14021
8,7483
8,17152
8,6712
8,11742
8,10605
8,12809
8,7869
8,1735
8,16561
8,7260
8,3183
8,11141
8,16910
8,17428
8,10454
8,15097
8,1201
8,15491
8,9712
8,5183
8,2838
8,10928
8,11690
8,2271
8,3003
8,1515
8,8272
8,13270
8,10954
8,1424
8,12890
8,1997
8,11713
8,6351
8,8126
8,3166
8,13248
8,5825
8,3044
8,11571
8,11377
8,1190
8,16870
8,3073
8,4320
8,1674
8,17105
8,15680
8,13184
8,152
8,15932
8,937
8,5856
8,17230
8,9278
8,16648
8,3818
8,10528
8,16780
8,13683
8,11275
8,11392
8,5875
8,6668
8,10793
8,7588
8,8694
8,17007
8,17356
8,6791
8,16187
8,14825
8,14317
8,4232
8,13027
8,1809
8,1228
8,320
8,16252
8,17357
8,3118
8,14308
8,14187
8,9365
8,13573
8,11434
8,9241
8,14376
8,4743
8,14594
8,3120
8,1983
8,11838
8,3275
8,13792
8,15712
8,6432
8,10431
8,8230
8,5605
8,635
8,10544
8,14422
8,648
8,10873
8,15331
8,5416
8,3721
8,13442
8,8710
8,6875
8,3870
8,7643
8,1114
8,902
8,11697
8,10956
8,15763
8,11888
8,4399
8,346
8,16218
8,8940
8,3753
8,11979
8,12650
8,11272
8,950
8,7356
8,8781
8,12444
8,1531
8,12964
8,3771
8,10599
8,8481
8,13422
8,8440
8,13092
8,1320
8,7086
8,5174
8,15082
8,2330
8,8170
8,11036
8,6114
8,14956
8,10799
8,10807
8,8441
8,7449
8,1758
8,862
8,4802
8,3505
8,16808
8,8176
8,16815
8,2214
8,4219
8,11260
8,10896
8,237
8,5001
8,4569
8,12294
8,3082
8,14824
8,3378
8,13593
8,15691
8,1147
8,16184
8,1287
8,14346
8,7129
8,8700
8,4956
8,12315
8,5865
8,2515
8,3574
8,1380
8,1269
8,15877
8,3257
8,11924
8,9942
8,10101
8,63
8,16974
8,6152
8,14861
8,1376
8,9431
8,14943
8,1836
8,408
8,13568
8,11466
8,9733
8,14535
8,546
8,11675
8,13247
8,6138
8,7066
8,12043
8,1220
8,11230
8,854
8,13231
8,5955
8,16181
8,3666
8,67
8,12846
8,17491
8,16331
8,9617
8,11454
8,17452
8,405
8,13016
8,1054
8,16277
8,1934
8,8095
8,15485
8,7717
8,3473
8,9895
8,9631
8,13465
8,9156
8,8594
8,10524
8,2694
8,15401
8,8557
8,10508
8,14071
8,15268
8,3742
8,1890
8,15055
8,16956
8,7480
8,599
8,4813
8,6996
8,16445
8,7262
8,2114
8,16126
8,9545
8,8592
8,11940
8,362
8,6576
8,16918
8,7471
8,855
8,8410
8,17231
8,17
8,242
8,7934
8,1814
8,13002
8,16477
8,6779
8,7658
8,1463
8,3503
8,15195
8,11939
8,8573
8,13580
8,11539
8,15647
8,1742
8,13243
8,5741
8,9828
8,7264
8,14836
8,1483
8,11216
8,15831
8,6217
8,14497
8,5455
8,3641
8,940
8,13517
8,13693
8,16819
8,7441
8,12271
8,9578
8,14862
8,10276
8,2966
8,9994
8,16398
8,1211
8,5677
8,11378
8,12969
8,5215
8,1290
8,15668
8,13664
8,14329
8,9938
8,6878
8,12954
8,42
8,17185
8,15667
8,15481
8,4533
8,10024
8,15336
8,16109
8,2773
8,1505
8,5388
8,14126
8,6588
8,8138
8,6115
8,3684
8,2042
8,5230
8,9306
8,7697
8,3532
8,1899
8,6096
8,1361
8,15802
8,8044
8,3170
8,14314
8,13435
8,13532
8,8948
8,1705
8,9359
8,9197
8,2952
8,3949
8,1607
8,9962
8,9845
8,14435
8,6349
8,15320
8,13237
8,15438
8,17016
8,3682
8,15405
8,1708
8,13866
8,4220
8,13852
8,12919
8,5685
8,11074
8,11301
8,6066
8,12719
8,10934
8,4079
8,3851
8,13769
8,16821
8,12369
8,226
8,6390
8,4274
8,12283
8,11945
8,3236
8,7138
8,8856
8,15735
8,1300
8,116
8,3965
8,4463
8,2379
8,3
8,10700
8,7758
8,4504
8,16522
8,14185
8,7465
8,9004
8,8981
8,15308
8,1643
8,4376
8,10219
8,5266
8,1756
8,14686
8,2808
8,15121
8,3511
8,9560
8,6083
8,15648
8,3702
8,13507
8,2655
8,9069
8,8285
8,8705
8,14403
8,6293
8,13094
8,2859
8,2553
8,3444
8,1504
8,8810
8,6704
8,17053
8,15783
8,7566
8,3469
8,812
8,7286
8,5925
8,6123
8,12575
8,12569
8,5375
8,11986
8,883
8,3741
8,9495
8,1616
8,16853
8,14549
8,13715
8,6661
8,8250
8,5720
8,9966
8,7048
8,6344
8,14512
8,6357
8,3720
8,7571
8,7500
8,11423
8,5797
8,9672
8,12452
8,13413
8,14524
8,8883
8,6775
8,10151
8,3953
8,1276
8,6068
8,8401
8,11739
8,8348
8,7358
8,13188
8,1863
8,12219
8,2545
8,16890
8,3333
8,7932
8,7235
8,9521
8,10882
8,12783
8,12979
8,10197
8,14061
8,200
8,11442
8,2605
8,7557
8,6787
8,17375
8,830
8,16987
8,14816
8,3808
8,16427
8,2036
8,15062
8,10256
8,5643
8,12727
8,14974
8,2691
8,4604
8,5020
8,12197
8,5820
8,1907
8,16419
8,10435
8,6023
8,16973
8,9440
8,8382
8,4447
8,11227
8,17441
8,12085
8,9166
8,12858
8,5329
8,9992
8,8559
8,13391
8,10702
8,10754
8,7524
8,15652
8,13431
8,16520
8,12027
8,10846
8,16006
8,8458
8,8081
8,4709
8,15728
8,10477
8,15464
8,9687
8,3237
8,9571
8,2209
8,3968
8,13303
8,9122
8,14801
8,11222
8,1938
8,2398
8,14067
8,4796
8,15515
8,16541
8,15275
8,4034
8,11692
8,6407
8,15299
8,6620
8,4011
8,15750
8,7605
8,17222
8,15801
8,11007
8,8818
8,911
8,6960
8,11600
8,11590
8,12521
8,4107
8,10067
8,12336
8,6535
8,12268
8,12628
8,11679
8,2263
8,15603
8,446
8,2457
8,3599
8,4301
8,3426
8,7278
8,1368
8,15840
8,13340
8,8198
8,2863
8,13842
8,8002
8,2624
8,16368
8,5355
8,16657
8,1069
8,5788
8,17220
8,7917
8,8424
8,9025
8,7440
8,16233
8,8077
8,3920
8,16896
8,7201
8,10547
8,7467
8,3179
8,5135
8,2532
8,4879
8,5228
8,9430
8,8452
8,11555
8,5838
8,7668
8,2159
8,3908
8,1856
8,12141
8,11646
8,16110
8,4071
8,15824
8,7047
8,3284
8,6470
8,10951
8,7926
8,1319
8,7611
8,11716
8,6546
8,9261
8,13589
8,15219
8,9008
8,15999
8,16949
8,1948
8,14707
8,210
8,17468
8,11505
8,6796
8,7256
8,15910
8,7506
8,3624
8,12116
8,3391
8,13240
8,1458
8,1810
8,7448
8,2289
8,16453
8,15518
8,993
8,13515
8,9280
8,3486
8,11608
8,629
8,5607
8,11829
8,161
8,14463
8,11923
8,4242
8,10783
8,6691
8,12388
8,15670
8,15380
8,6108
8,1173
8,491
8,14516
8,2617
8,15030
8,4552
8,7024
8,8443
8,3099
8,10963
8,5507
8,1052
8,3186
8,1168
8,9051
8,9435
8,7929
8,11052
8,7876
8,7553
8,6764
8,3807
8,1798
8,3814
8,8743
8,1445
8,13712
8,3513
8,15651
8,15423
8,3931
8,6198
8,7391
8,8860
8,13685
8,3249
8,10254
8,10805
8,12266
8,6461
8,11438
8,14698
8,10897
8,4441
8,12733
8,7699
8,16430
8,7898
8,4757
8,5970
8,745
8,10850
8,11569
8,14607
8,16554
8,10120
8,8582
8,15789
8,14404
8,7840
8,8877
8,4780
8,11333
8,7052
8,9926
8,14433
8,1093
8,11722
8,15560
8,1174
8,13017
8,14328
8,1789
8,8364
8,7921
8,4535
8,4090
8,6194
8,9745
8,15185
8,15885
8,5858
8,370
8,10742
8,1628
8,9643
8,4512
8,15173
8,10731
8,8187
8,3220
8,6797
8,667
8,15080
8,14793
8,3767
8,6472
8,6919
8,1036
8,7296
8,1430
8,13616
8,7263
8,13793
8,10494
8,12325
8,15282
8,8619
8,12270
8,8373
8,13439
8,16318
8,15985
8,10746
8,15747
8,13791
8,14547
8,12562
8,2390
8,6614
8,16760
8,995
8,14717
8,8263
8,6153
8,11718
8,2810
8,248
8,2991
8,5700
8,1080
8,16515
8,1070
8,4176
8,83
8,7675
8,9314
8,10482
8,445
8,11171
8,9978
8,535
8,17291
8,1534
8,15224
8,14866
8,5325
8,3110
8,6345
8,1288
8,10627
8,1033
8,14969
8,3204
8,7759
8,15580
8,17045
8,3410
8,7855
8,13904
8,17397
8,11998
8,11476
8,17196
8,5415
8,10019
8,5086
8,2071
8,785
8,6726
8,7691
8,13210
8,5715
8,7556
8,6490
8,16299
8,14737
8,6367
8,9652
8,1788
8,5034
8,11808
8,1425
8,6801
8,5361
8,5101
8,11084
8,13001
8,13647
8,1143
8,13127
8,1359
8,8577
8,4618
8,14989
8,4245
8,15768
8,13577
8,4479
8,9162
8,12405
8,7902
8,3552
8,6621
8,16113
8,11949
8,12432
8,12932
8,10475
8,4650
8,14617
8,3652
8,8213
8,14953
8,5885
8,2170
8,1738
8,13531
8,15175
8,15773
8,11372
8,14853
8,8005
8,573
8,4340
8,589
8,11119
8,806
8,355
8,977
8,9776
8,12627
8,17351
8,13441
8,10819
8,9714
8,16020
8,4174
8,10345
8,8645
8,4098
8,2207
8,16603
8,7540
8,13592
8,16803
8,2404
8,16644
8,16743
8,16967
8,16735
8,2681
8,12063
8,14754
8,6744
8,7854
8,4239
8,6899
8,15563
8,4882
8,10674
8,918
8,15010
8,1765
8,17259
8,341
8,7314
8,10698
8,16668
8,3926
8,16666
8,9377
8,13608
8,101
8,7200
8,8201
8,7685
8,6260
8,7306
8,8601
8,7121
8,7288
8,965
8,8024
8,10070
8,14602
8,13313
8,15341
8,11385
8,300
8,7897
8,5762
8,17156
8,5496
8,5746
8,17327
8,1984
8,15274
8,2823
8,15792
8,2096
8,2070
8,14687
8,14056
8,14430
8,15982
8,7195
8,13926
8,7399
8,3277
8,14455
8,954
8,13554
8,12440
8,469
8,6636
8,2915
8,558
8,14860
8,7935
8,12961
8,7811
8,16772
8,4786
8,4942
8,13773
8,16881
8,3764
8,2922
8,15700
8,16926
8,735
8,12190
8,11156
8,1952
8,14344
8,5733
8,14492
8,7984
8,13585
8,846
8,12753
8,14593
8,10689
8,3401
8,12482
8,8725
8,9870
8,5271
8,3990
8,16504
8,4675
8,15398
8,3221
8,3786
8,11021
8,8605
8,16606
8,3289
8,10152
8,2402
8,16092
8,1577
8,2811
8,15167
8,13053
8,2578
8,11776
8,6847
8,9558
8,7923
8,14660
8,11073
8,7435
8,13749
8,12101
8,6200
8,9918
8,12134
8,7730
8,507
8,13454
8,3769
8,14739
8,10175
8,7616
8,16256
8,6278
8,7120
8,11010
8,17410
8,10693
8,12379
8,7163
8,15962
8,14158
8,6873
8,12381
8,10383
8,10736
8,13753
8,14232
8,13249
8,17271
8,17289
8,12652
8,8595
8,13907
8,1848
8,12666
8,9057
8,2449
8,14101
8,9821
8,13202
8,13987
8,8380
8,13225
8,3901
8,13555
8,50
8,12659
8,13875
8,5974
8,2702
8,12310
8,1499
8,1206
8,1692
8,6234
8,1294
8,1550
8,1922
8,6471
8,6520
8,7481
8,13772
8,16250
8,3107
8,15535
8,9402
8,12512
8,14828
8,10740
8,2589
8,9410
8,1797
8,13438
8,8922
8,6678
8,11147
8,16935
8,3037
8,10194
8,9747
8,16026
8,3374
8,12400
8,5052
8,16307
8,2156
8,6887
8,15281
8,4878
8,10463
8,2273
8,9974
8,11743
8,17294
8,10111
8,9820
8,815
8,2479
8,15549
8,14233
8,10375
8,12156
8,8098
8,4890
8,13990
8,10804
8,13342
8,16421
8,2065
8,15512
8,14887
8,14420
8,12773
8,8834
8,10604
8,15992
8,12042
8,15696
8,11645
8,11835
8,5431
8,2221
8,12864
8,7234
8,3657
8,14272
8,17033
8,7075
8,1303
8,5499
8,6563
8,2765
8,17347
8,3817
8,10710
8,9514
8,5371
8,7718
8,8936
8,16733
8,11637
8,11831
8,2824
8,11114
8,3516
8,3873
8,8156
8,10797
8,14202
8,13498
8,6309
8,13472
8,12608
8,9210
8,1401
8,864
8,8533
8,10223
8,11282
8,1256
8,7206
8,574
8,17122
8,13545
8,11256
8,11075
8,12688
8,16564
8,9089
8,2763
8,15537
8,12447
8,969
8,1893
8,9993
8,10704
8,9201
8,169
8,2526
8,11724
8,11587
8,7825
8,1711
8,2285
8,11174
8,11627
8,9476
8,3881
8,7998
8,11556
8,14290
8,10399
8,13368
8,3171
8,10342
8,9354
8,7884
8,6811
8,3726
8,2901
8,11452
8,450
8,10884
8,9983
8,3671
8,14920
8,1672
8,11900
8,1047
8,7371
8,13148
8,1110
8,11719
8,4655
8,8656
8,12306
8,6944
8,15830
8,804
8,6898
8,1958
8,4062
8,6054
8,10560
8,9273
8,2950
8,10388
8,3849
8,7416
8,5503
8,10522
8,1767
8,8383
8,2956
8,4194
8,12892
8,5344
8,16088
8,4722
8,9220
8,1947
8,7815
8,11242
8,3297
8,5532
8,13738
8,4811
8,13490
8,1249
8,16349
8,14912
8,275
8,15040
8,11546
8,14807
8,1328
8,3255
8,17310
8,4348
8,2287
8,1175
8,6544
8,608
8,4761
8,14049
8,9186
8,14083
8,7230
8,5716
8,1235
8,12873
8,6728
8,11401
8,12560
8,5887
8,13132
8,4406
8,3839
8,3806
8,12223
8,3088
8,29
8,14242
8,9715
8,400
8,7437
8,12541
8,8469
8,8826
8,4015
8,11953
8,9788
8,534
8,439
8,8039
8,3792
8,13806
8,16582
8,7625
8,7899
8,1092
8,12207
8,4848
8,11460
8,1566
8,10661
8,13144
8,3458
8,16588
8,17014
8,15778
8,13242
8,13945
8,9271
8,14296
8,12863
8,15600
8,297
8,13370
8,8768
8,17187
8,10677
8,4126
8,513
8,11185
8,15503
8,299
8,17029
8,6695
8,14815
8,6783
8,17209
8,1844
8,9732
8,7378
8,4266
8,5739
8,14226
8,14306
8,15826
8,7851
8,3844
8,2529
8,14675
8,13082
8,16820
8,670
8,17250
8,819
8,15181
8,5337
8,8617
8,17176
8,966
8,4730
8,17114
8,3859
8,3740
8,11136
8,6543
8,5009
8,10681
8,13928
8,7958
8,14092
8,9700
8,591
8,16175
8,16413
8,4819
8,14146
8,13186
8,7181
8,11543
8,11331
8,6658
8,3372
8,2094
8,3573
8,12014
8,4024
8,13930
8,11773
8,16119
8,10086
8,17376
8,4018
8,12322
8,13997
8,5208
8,3076
8,13137
8,5051
8,2125
8,15364
8,1056
8,13611
8,6261
8,11048
8,8078
8,4625
8,6518
8,10397
8,9498
8,17199
8,1921
8,9058
8,1537
8,13
8,2490
8,13716
8,2364
8,1130
8,15893
8,11559
8,11150
8,14189
8,4222
8,12495
8,5963
8,13275
8,1736
8,2500
8,8609
8,8626
8,727
8,11768
8,12248
8,9205
8,16704
8,1222
8,11642
8,13658
8,9455
8,11759
8,6269
8,10986
8,8360
8,3971
8,9300
8,4051
8,3779
8,12055
8,463
8,256
8,13458
8,14894
8,16258
8,11220
8,5947
8,2665
8,1186
8,9375
8,16787
8,16261
8,8472
8,892
8,12209
8,8329
8,9683
8,8363
8,8515
8,1841
8,8323
8,11443
8,12224
8,7298
8,5632
8,9468
8,2163
8,281
8,11738
8,10238
8,11110
8,10135
8,7091
8,15396
8,13836
8,11561
8,14283
8,3367
8,16313
8,13323
8,8403
8,17238
8,9702
8,5997
8,10268
8,16216
8,85
8,9428
8,8295
8,13084
8,17257
8,2983
8,5220
8,14368
8,11366
8,11046
8,2031
8,12985
8,6207
8,3845
8,10298
8,4603
8,1831
8,10062
8,7178
8,15785
8,9116
8,1172
8,5152
8,14673
8,2354
8,1266
8,7548
8,6197
8,3840
8,3784
8,16124
8,10962
8,12840
8,1915
8,13459
8,11575
8,2639
8,939
8,10125
8,17384
8,11823
8,728
8,17041
8,13787
8,11931
8,15776
8,3089
8,9088
8,7231
8,4295
8,13754
8,7078
8,13604
8,15245
8,15052
8,5121
8,2988
8,876
8,8271
8,10106
8,15194
8,2399
8,433
8,6609
8,5047
8,2192
8,4771
8,1615
8,12851
8,15180
8,17179
8,12621
8,15923
8,14249
8,7174
8,11418
8,11578
8,16206
8,8333
8,3113
8,987
8,3481
8,11375
8,9984
8,11129
8,3593
8,179
8,6435
8,14995
8,14939
8,14448
8,6931
8,7843
8,12171
8,5296
8,3832
8,95
8,4119
8,9730
8,15307
8,15013
8,14744
8,13156
8,9429
8,3028
8,14592
9,16522
9,2963
9,2467
9,11455
9,15030
9,5317
9,2688
9,10196
9,8994
9,16864
9,4622
9,5221
9,9861
9,6253
9,370
9,2905
9,14676
9,8227
9,4641
9,4369
9,8005
9,7218
9,15485
9,415
9,10397
9,14204
9,3313
9,120
9,9117
9,12960
9,7562
9,5259
9,17384
9,3083
9,10090
9,4301
9,12759
9,15429
9,13434
9,17206
9,3840
9,349
9,2863
9,10607
9,4798
9,8816
9,12978
9,5626
9,17034
9,15542
9,16228
9,6953
9,13982
9,4418
9,9834
9,1782
9,8232
9,10109
9,9437
9,6684
9,7473
9,13228
9,10864
9,1150
9,14658
9,7121
9,16069
9,5093
9,1575
9,1526
9,7588
9,10872
9,15047
9,6316
9,3238
9,5621
9,269
9,796
9,13158
9,16405
9,16674
9,12984
9,2627
9,16290
9,8950
9,10585
9,5934
9,10155
9,6875
9,15081
9,2515
9,14509
9,14566
9,8257
9,9597
9,7278
9,12982
9,2175
9,4589
9,8664
9,12125
9,9263
9,13447
9,12500
9,15021
9,7867
9,9167
9,13657
9,8645
9,12438
9,11718
9,3689
9,12536
9,7722
9,15834
9,413
9,7817
9,13216
9,15530
9,3079
9,6563
9,13252
9,5307
9,15887
9,12702
9,7532
9,16833
9,4044
9,8890
9,13433
9,4279
9,13817
9,2840
9,6286
9,15025
9,9189
9,16585
9,1136
9,4609
9,2323
9,1629
9,14223
9,5914
9,17126
9,17185
9,1265
9,4266
9,12172
9,17071
9,12961
9,14853
9,4629
9,2083
9,11016
9,11926
9,6827
9,7452
9,14840
9,8549
9,14596
9,8751
9,4774
9,16904
9,9245
9,14641
9,298
9,7363
9,8849
9,6484
9,4113
9,5295
9,8294
9,14913
9,563
9,8755
9,3699
9,15662
9,12303
9,3285
9,3701
9,710
9,7641
9,8138
9,11980
9,14040
9,16172
9,5394
9,15803
9,4379
9,11122
9,6850
9,11403
9,9511
9,8189
9,6230
9,12240
9,5045
9,590
9,2989
9,16423
9,1467
9,9264
9,17204
9,9405
9,12809
9,15900
9,1143
9,9464
9,3029
9,3421
9,12469
9,7995
9,2495
9,2131
9,2157
9,4032
9,4271
9,13614
9,13208
9,10017
9,7744
9,12610
9,3192
9,6327
9,5788
9,5481
9,14229
9,16296
9,3790
9,5930
9,8716
9,6083
9,2569
9,6981
9,2188
9,7595
9,15457
9,5770
9,6980
9,10553
9,1795
9,6884
9,9827
9,9976
9,13870
9,3458
9,6581
9,10551
9,6945
9,7531
9,13341
9,12634
9,6778
9,5218
9,11841
9,16710
9,14226
9,3112
9,14645
9,5545
9,7875
9,14480
9,15522
9,11688
9,10182
9,12094
9,3729
9,10638
9,10476
9,16981
9,9769
9,16928
9,12129
9,15545
9,8236
9,9858
9,4159
9,12333
9,994
9,10579
9,7585
9,14945
9,16344
9,2553
9,5059
9,4383
9,3970
9,13753
9,9635
9,12953
9,12323
9,96
9,4119
9,6072
9,11870
9,2579
9,11389
9,13082
9,10058
9,12692
9,15833
9,12474
9,3702
9,4165
9,2092
9,12788
9,10512
9,4099
9,1
9,1181
9,14538
9,4104
9,12643
9,11801
9,12595
9,7470
9,15910
9,4941
9,14912
9,2648
9,4371
9,14508
9,9557
9,8231
9,139
9,2328
9,4308
9,8336
9,9657
9,11331
9,600
9,10524
9,2813
9,10950
9,325
9,7190
9,4958
9,13477
9,15417
9,6751
9,68
9,5674
9,8883
9,3786
9,4508
9,3440
9,2366
9,70
9,985
9,13016
9,1898
9,7090
9,1977
9,15183
9,1980
9,10913
9,3478
9,1055
9,16956
9,13980
9,3534
9,14542
9,13929
9,3981
9,3186
9,16229
9,7721
9,3225
9,2701
9,5486
9,12322
9,635
9,2997
9,17221
9,16144
9,11652
9,13394
9,5381
9,7221
9,5872
9,13608
9,16440
9,17150
9,10074
9,962
9,6759
9,3609
9,866
9,10425
9,12724
9,12001
9,5007
9,4248
9,16747
9,5829
9,14293
9,17022
9,9367
9,6129
9,5
9,12374
9,13397
9,11400
9,17357
9,7439
9,8746
9,1395
9,16201
9,14935
9,12250
9,9286
9,3631
9,6501
9,6444
9,5538
9,727
9,10939
9,16451
9,617
9,11236
9,7928
9,5262
9,8496
9,1072
9,13689
9,17294
9,16340
9,1335
9,16993
9,15821
9,3570
9,5965
9,3119
9,6911
9,15034
9,4429
9,320
9,531
9,17412
9,9913
9,776
9,8853
9,13444
9,861
9,17337
9,224
9,2349
9,9939
9,4129
9,15450
9,15922
9,8688
9,10490
9,8904
9,4066
9,6900
9,13671
9,7733
9,13356
9,493
9,5501
9,6237
9,9024
9,16045
9,3157
9,11250
9,9624
9,6188
9,9340
9,1416
9,8933
9,3783
9,13117
9,2845
9,87
9,14117
9,10203
9,7602
9,1491
9,14378
9,11395
9,16787
9,16723
9,11580
9,11847
9,1924
9,16174
9,11162
9,4777
9,1130
9,16541
9,15044
9,13410
9,8096
9,10928
9,8775
9,4078
9,12395
9,2713
9,7816
9,1048
9,4267
9,14581
9,10394
9,7866
9,16844
9,14385
9,13181
9,8765
9,10261
9,14369
9,5458
9,14027
9,6028
9,7844
9,12745
9,11423
9,7757
9,2040
9,12171
9,3561
9,9681
9,11770
9,1997
9,10793
9,7387
9,5553
9,9079
9,13741
9,8108
9,8053
9,11401
9,2468
9,517
9,3477
9,16639
9,314
9,13121
9,3342
9,4017
9,5121
9,10154
9,6939
9,11011
9,17436
9,3712
9,13553
9,8817
9,16973
9,10240
9,8868
9,5350
9,16008
9,11666
9,15986
9,14816
9,12205
9,59
9,6531
9,11651
9,750
9,5683
9,2726
9,7702
9,34
9,2072
9,11379
9,14822
9,11226
9,6727
9,4153
9,13644
9,14382
9,9929
9,14015
9,11932
9,9342
9,9388
9,16733
9,17213
9,16971
9,226
9,13264
9,17288
9,14979
9,8264
9,17158
9,729
9,10695
9,10778
9,2511
9,6678
9,2106
9,13570
9,6984
9,10018
9,9959
9,14949
9,17106
9,13171
9,3413
9,4009
9,6814
9,5533
9,16817
9,11853
9,5154
9,12007
9,8153
9,13459
9,9835
9,7873
9,7376
9,4238
9,7224
9,11437
9,12105
9,487
9,15215
9,7838
9,10110
9,10571
9,15151
9,10248
9,16350
9,3194
9,14188
9,7519
9,11604
9,12510
9,4951
9,4234
9,11657
9,1191
9,4955
9,16351
9,3169
9,9043
9,13166
9,10578
9,11094
9,9486
9,3679
9,16556
9,8150
9,9983
9,159
9,17157
9,13187
9,9824
9,2099
9,16630
9,5816
9,7449
9,13011
9,2975
9,333
9,17472
9,11177
9,6671
9,5496
9,7993
9,11200
9,14934
9,5899
9,8035
9,14159
9,14529
9,16871
9,236
9,10162
9,5302
9,15108
9,15720
9,7071
9,9941
9,14252
9,15998
9,14703
9,6099
9,8547
9,15282
9,9113
9,10924
9,8357
9,15148
9,15795
9,15866
9,8743
9,12583
9,9604
9,8271
9,2781
9,6737
9,7713
9,5867
9,16917
9,12343
9,4624
9,6244
9,15856
9,17039
9,15382
9,11240
9,12234
9,5020
9,7833
9,3846
9,14315
9,14686
9,1535
9,1421
9,10247
9,10984
9,725
9,11281
9,13466
9,8322
9,5094
9,1394
9,945
9,16555
9,8881
9,8644
9,14213
9,16448
9,13858
9,8097
9,10428
9,1243
9,2769
9,3979
9,14708
9,10658
9,9390
9,10369
9,6849
9,2477
9,12655
9,9258
9,16071
9,10641
9,16132
9,8052
9,3408
9,17076
9,8701
9,16608
9,1826
9,16834
9,7400
9,3304
9,10419
9,9612
9,7962
9,7503
9,14723
9,7860
9,2948
9,14058
9,7828
9,14739
9,7024
9,14424
9,15439
9,8434
9,8403
9,909
9,16354
9,7741
9,6825
9,16618
9,10708
9,6005
9,2796
9,15337
9,6171
9,16304
9,11160
9,7324
9,217
9,12348
9,11917
9,12589
9,1033
9,3214
9,3799
9,12912
9,15890
9,9048
9,1979
9,7556
9,12072
9,3048
9,6353
9,9625
9,2487
9,4170
9,7652
9,11397
9,15098
9,7205
9,13003
9,439
9,11508
9,7800
9,5836
9,836
9,15324
9,10212
9,16945
9,10632
9,14170
9,11007
9,7745
9,6695
9,10961
9,1523
9,16926
9,13807
9,10605
9,11480
9,9722
9,5739
9,4217
9,3490
9,2459
9,14390
9,17
9,8947
9,16523
9,9477
9,12308
9,17411
9,4674
9,3383
9,3502
9,17446
9,13428
9,4614
9,7650
9,9607
9,1289
9,10020
9,9302
9,7276
9,3705
9,11699
9,12036
9,14576
9,16975
9,15974
9,9090
9,12450
9,8074
9,15097
9,14413
9,13926
9,4892
9,5808
9,11772
9,13074
9,5278
9,7661
9,16418
9,15006
9,5932
9,13492
9,11246
9,16271
9,3265
9,3118
9,848
9,10484
9,14855
9,11141
9,6455
9,8555
9,6035
9,15022
9,11292
9,4353
9,11225
9,17273
9,16124
9,4096
9,1921
9,13222
9,4393
9,6332
9,3878
9,16187
9,14577
9,10124
9,11175
9,10262
9,7132
9,6077
9,14194
9,11995
9,3004
9,11781
9,4549
9,7748
9,11960
9,15995
9,10960
9,6070
9,13978
9,3903
9,11710
9,15272
9,8829
9,14449
9,7972
9,32
9,11715
9,14234
9,13163
9,767
9,14482
9,6274
9,10252
9,17358
9,2865
9,15693
9,6496
9,17456
9,3378
9,9942
9,278
9,12627
9,8464
9,4676
9,9346
9,11027
9,12396
9,13923
9,11036
9,7076
9,1884
9,2900
9,497
9,13863
9,7907
9,4037
9,12489
9,17235
9,7447
9,7359
9,16458
9,8080
9,11107
9,16348
9,2296
9,15017
9,17272
9,14326
9,6661
9,4678
9,9271
9,6115
9,11450
9,17317
9,15301
9,10550
9,4585
9,3968
9,1059
9,5130
9,12039
9,9541
9,1106
9,17220
9,3953
9,14328
9,12471
9,204
9,8194
9,16827
9,183
9,8785
9,8873
9,17400
9,8366
9,16170
9,9780
9,10559
9,11416
9,17261
9,8747
9,13161
9,13373
9,1371
9,8404
9,14445
9,5880
9,11064
9,9900
9,1463
9,12570
9,14399
9,3819
9,9642
9,2737
9,16043
9,8378
9,311
9,6818
9,14817
9,5510
9,13116
9,3466
9,16583
9,4975
9,13137
9,9985
9,8761
9,6192
9,1332
9,10083
9,4499
9,5340
9,13837
9,1104
9,9940
9,4164
9,302
9,16179
9,14101
9,16837
9,4859
9,10541
9,9466
9,1589
9,5892
9,14604
9,14381
9,5663
9,8807
9,7187
9,1781
9,2235
9,14847
9,10531
9,17196
9,2155
9,3688
9,12112
9,8385
9,5412
9,6300
9,13443
9,11918
9,8601
9,1008
9,424
9,7445
9,7766
9,14983
9,14959
9,892
9,13935
9,10575
9,897
9,11567
9,10633
9,3825
9,6514
9,17238
9,8301
9,12831
9,3273
9,8714
9,5692
9,13175
9,451
9,1093
9,11798
9,5536
9,6352
9,1448
9,7417
9,1730
9,11364
9,6229
9,7122
9,6925
9,3086
9,15477
9,13402
9,12079
9,9343
9,16494
9,15873
9,10892
9,9209
9,14007
9,3739
9,11174
9,13737
9,14004
9,4320
9,2926
9,16580
9,4849
9,14327
9,7053
9,17024
9,3393
9,15523
9,8223
9,15172
9,65
9,16776
9,7949
9,5442
9,12339
9,6201
9,11988
9,16724
9,13682
9,12124
9,17301
9,13642
9,13714
9,12014
9,12545
9,5760
9,2530
9,15726
9,16806
9,12327
9,6982
9,3782
9,10962
9,14191
9,5662
9,4771
9,7655
9,608
9,2298
9,15364
9,14279
9,12981
9,1684
9,16394
9,1208
9,5290
9,14861
9,8999
9,13633
9,12408
9,3001
9,6154
9,9547
9,7004
9,12823
9,752
9,66
9,8789
9,9133
9,4207
9,10707
9,5498
9,99
9,12141
9,2281
9,12367
9,11182
9,3764
9,12163
9,4525
9,14348
9,2460
9,11637
9,2892
9,9982
9,6398
9,1625
9,16617
9,8066
9,2850
9,3998
9,2202
9,12758
9,12717
9,6867
9,16152
9,12419
9,13478
9,4322
9,11827
9,282
9,2215
9,5444
9,9671
9,14684
9,7849
9,11342
9,7598
9,7971
9,7051
9,2944
9,5174
9,16964
9,11844
9,1226
9,14933
9,13809
9,16698
9,12297
9,14171
9,17009
9,4940
9,6338
9,5455
9,7923
9,10837
9,1038
9,1044
9,16863
9,12384
9,6063
9,4426
9,17096
9,8127
9,1384
9,11826
9,5284
9,6696
9,764
9,14162
9,10807
9,14716
9,9148
9,1387
9,15938
9,7580
9,3988
9,1313
9,6804
9,1543
9,7161
9,9825
9,15744
9,13582
9,12482
9,1959
9,3691
9,16620
9,6017
9,8615
9,15913
9,12164
9,1646
9,5599
9,13718
9,15003
9,16540
9,11714
9,16285
9,186
9,1365
9,4402
9,11344
9,5702
9,11550
9,2423
9,15854
9,12248
9,4212
9,7271
9,3345
9,10895
9,9670
9,11845
9,17453
9,12877
9,13560
9,591
9,11533
9,576
9,5789
9,1768
9,12799
9,4285
9,15395
9,3127
9,12756
9,13791
9,11938
9,53
9,15838
9,13847
9,3928
9,9363
9,8352
9,4797
9,3972
9,924
9,2616
9,7798
9,16158
9,1066
9,9329
9,1835
9,14062
9,1053
9,841
9,8563
9,15188
9,11471
9,1765
9,8373
9,14869
9,4258
9,15398
9,12337
9,17325
9,6730
9,12494
9,15503
9,10025
9,10818
9,2090
9,1960
9,15871
9,1895
9,7945
9,17222
9,10194
9,10953
9,15544
9,17078
9,3769
9,7044
9,16734
9,9859
9,12462
9,6724
9,14296
9,14427
9,6165
9,9351
9,9789
9,17214
9,7248
9,618
9,15013
9,12281
9,5127
9,17308
9,2384
9,345
9,16700
9,11316
9,7768
9,5998
9,9299
9,10108
9,9755
9,11199
9,15929
9,3121
9,5120
9,3199
9,3950
9,13393
9,2708
9,14003
9,13705
9,5949
9,4251
9,5000
9,2343
9,7399
9,8498
9,3610
9,14460
9,11275
9,4420
9,14780
9,8399
9,3496
9,10202
9,15815
9,8249
9,1081
9,10317
9,12907
9,16410
9,10411
9,13130
9,16113
9,7834
9,14090
9,2828
9,6894
9,9411
9,5931
9,9073
9,17378
9,8578
9,1553
9,16634
9,16646
9,6681
9,1643
9,3249
9,2542
9,8335
9,17173
9,770
9,16558
9,15874
9,14448
9,4783
9,6571
9,3124
9,1541
9,17181
9,3161
9,13247
9,7297
9,4658
9,8393
9,14545
9,5293
9,6209
9,9075
9,13315
9,8300
9,10684
9,13637
9,11242
9,8441
9,14583
9,2263
9,10464
9,5827
9,7599
9,2028
9,9512
9,8759
9,12387
9,16397
9,4373
9,15793
9,3454
9,1576
9,1737
9,2891
9,17479
9,2201
9,586
9,3645
9,3095
9,1830
9,9238
9,12828
9,3432
9,9217
9,9084
9,755
9,3626
9,15217
9,12740
9,3563
9,4723
9,3618
9,8983
9,4160
9,13103
9,4233
9,3984
9,14292
9,5206
9,1380
9,11495
9,643
9,7145
9,2264
9,12241
9,288
9,12880
9,6952
9,6458
9,2315
9,17091
9,5360
9,16265
9,6409
9,5291
9,4101
9,15311
9,12796
9,5542
9,2971
9,8043
9,7659
9,10120
9,4361
9,5841
9,1169
9,11947
9,13183
9,9086
9,4448
9,16838
9,12850
9,2491
9,3803
9,4467
9,1961
9,13416
9,16462
9,352
9,10126
9,11913
9,14794
9,14421
9,7288
9,11069
9,9260
9,14767
9,8455
9,15961
9,7508
9,5377
9,8437
9,13903
9,15847
9,1455
9,13781
9,3784
9,12459
9,229
9,5774
9,9759
9,9080
9,1584
9,6329
9,7152
9,14461
9,4828
9,7069
9,14672
9,2408
9,7428
9,2506
9,10249
9,14341
9,11103
9,4600
9,16053
9,6097
9,13036
9,15083
9,10830
9,477
9,4355
9,8739
9,4886
9,4636
9,8631
9,12216
9,16760
9,16382
9,14277
9,10064
9,6433
9,8450
9,1111
9,12609
9,84
9,14798
9,16388
9,13631
9,7394
9,5694
9,15469
9,2260
9,17148
9,19
9,6520
9,6261
9,2156
9,2802
9,15213
9,9837
9,8042
9,12238
9,7219
9,13045
9,1814
9,17430
9,5142
9,1686
9,6536
9,6007
9,17043
9,3207
9,8922
9,519
9,7340
9,6144
9,1272
9,1004
9,3353
9,6991
9,1569
9,13099
9,9422
9,8760
9,3980
9,6336
9,5052
9,7114
9,766
9,4171
9,13165
9,7603
9,10590
9,8046
9,6322
9,2305
9,3706
9,9651
9,11231
9,932
9,15792
9,17286
9,8621
9,13820
9,3624
9,3536
9,3418
9,12123
9,6664
9,1478
9,14528
9,697
9,2657
9,5765
9,10662
9,14457
9,3137
9,5835
9,10831
9,9562
9,4202
9,11195
9,5258
9,13456
9,13836
9,10492
9,9521
9,8125
9,12699
9,4993
9,5033
9,13039
9,11524
9,16599
9,12195
9,15609
9,3557
9,12029
9,6650
9,6173
9,5994
9,13014
9,14089
9,8134
9,1479
9,1546
9,7998
9,2377
9,16528
9,10415
9,2229
9,10840
9,6537
9,11501
9,16168
9,9124
9,9352
9,5777
9,16095
9,5415
9,3305
9,13301
9,12224
9,4825
9,17231
9,16240
9,7874
9,5682
9,9034
9,3538
9,4841
9,16595
9,3975
9,4019
9,4651
9,3742
9,13408
9,9869
9,9246
9,8149
9,16314
9,719
9,9071
9,4820
9,2724
9,5238
9,4787
9,7066
9,12926
9,2605
9,13069
9,4226
9,1035
9,670
9,4391
9,938
9,17356
9,9545
9,17448
9,9640
9,7082
9,368
9,5185
9,9702
9,11300
9,2951
9,15647
9,949
9,16453
9,5281
9,8522
9,3792
9,2248
9,16761
9,15242
9,8654
9,11060
9,2774
9,1695
9,10092
9,13894
9,8833
9,7794
9,8806
9,14701
9,17193
9,13915
9,8408
9,16771
9,13342
9,12573
9,9756
9,4573
9,10314
9,1473
9,8936
9,1215
9,15062
9,14472
9,9119
9,1685
9,7333
9,901
9,1825
9,15136
9,6937
9,7640
9,16759
9,7009
9,9920
9,14761
9,3260
9,3916
9,17114
9,11083
9,15323
9,1257
9,3527
9,3460
9,4869
9,4450
9,211
9,1077
9,10544
9,14857
9,4022
9,16084
9,17143
9,10554
9,3605
9,6282
9,12334
9,6349
9,3674
9,5014
9,9172
9,4089
9,6290
9,6712
9,14359
9,5351
9,5937
9,15959
9,14091
9,9786
9,12064
9,15574
9,15790
9,9407
9,8776
9,3617
9,2631
9,5646
9,14567
9,2204
9,10159
9,7566
9,11744
9,166
9,7752
9,15362
9,15252
9,12179
9,2546
9,13213
9,13513
9,15193
9,11131
9,4333
9,13464
9,9358
9,8022
9,8164
9,11728
9,12963
9,3078
9,13780
9,13932
9,14295
9,15556
9,6150
9,16430
9,8367
9,126
9,5889
9,7570
9,6526
9,8709
9,5990
9,17118
9,2295
9,6396
9,904
9,10692
9,2325
9,7254
9,2337
9,14094
9,277
9,17415
9,9440
9,10786
9,13777
9,7747
9,8676
9,14042
9,8362
9,11630
9,4304
9,3900
9,10263
9,11886
9,12601
9,10944
9,14227
9,1122
9,6948
9,2332
9,13460
9,9497
9,6858
9,14904
9,13535
9,6601
9,13152
9,1369
9,16277
9,3926
9,6156
9,14928
9,16028
9,347
9,9740
9,13162
9,13965
9,2113
9,90
9,9002
9,6239
9,8481
9,10442
9,15680
9,6674
9,15326
9,15965
9,11006
9,3713
9,3451
9,1300
9,5618
9,13327
9,9307
9,10364
9,3608
9,10688
9,1001
9,10735
9,6114
9,6950
9,16651
9,6354
9,7335
9,679
9,7409
9,5912
9,2421
9,5890
9,12244
9,13295
9,3592
9,815
9,15349
9,9145
9,4805
9,10024
9,6390
9,6789
9,6378
9,3182
9,12053
9,13659
9,3465
9,546
9,10824
9,15266
9,4068
9,3128
9,14023
9,814
9,12054
9,4690
9,1776
9,14543
9,17475
9,4131
9,5097
9,11761
9,1783
9,9248
9,10288
9,13053
9,12095
9,15070
9,10722
9,11575
9,800
9,17255
9,6660
9,8319
9,17058
9,15798
9,8182
9,1427
9,14036
9,17089
9,11347
9,1108
9,13510
9,293
9,16042
9,14067
9,8180
9,2966
9,1878
9,8745
9,7673
9,8266
9,16390
9,3650
9,12405
9,4052
9,11773
9,5791
9,6547
9,1113
9,6600
9,16437
9,2147
9,10855
9,15334
9,2331
9,12358
9,6309
9,1714
9,7935
9,9771
9,3321
9,7623
9,15019
9,2875
9,156
9,7230
9,17455
9,13033
9,10060
9,3546
9,9699
9,6086
9,7510
9,12118
9,708
9,7522
9,16579
9,11680
9,4432
9,1370
9,17287
9,7110
9,2998
9,12844
9,15085
9,4370
9,15164
9,1697
9,10644
9,5134
9,16820
9,11279
9,9744
9,11895
9,10306
9,5225
9,16865
9,12934
9,15916
9,7716
9,391
9,9471
9,10738
9,8960
9,8107
9,9766
9,14046
9,2793
9,3487
9,5611
9,13956
9,11574
9,12901
9,45
9,12347
9,1091
9,14105
9,1129
9,11717
9,14251
9,11497
9,3805
9,16665
9,6659
9,1876
9,14630
9,15695
9,8625
9,8619
9,5492
9,4976
9,3462
9,17280
9,8516
9,10877
9,8520
9,973
9,15068
9,12424
9,3400
9,16171
9,1998
9,7807
9,1611
9,6928
9,11815
9,2448
9,2172
9,12486
9,13916
9,3722
9,2107
9,5973
9,5879
9,4464
9,5634
9,16890
9,9375
9,14151
9,3202
9,7771
9,1254
9,3448
9,6794
9,15478
9,16305
9,16982
9,11357
9,2022
9,14838
9,10871
9,8812
9,5664
9,11314
9,3818
9,14763
9,565
9,13006
9,3551
9,6921
9,12947
9,7738
9,3606
9,3596
9,6831
9,1322
9,2826
9,16813
9,7168
9,10777
9,1144
9,7450
9,8160
9,12061
9,5584
9,964
9,6027
9,10520
9,14070
9,13668
9,8861
9,5401
9,12314
9,15405
9,15650
9,2246
9,12553
9,10725
9,16932
9,5850
9,16825
9,2532
9,14586
9,7434
9,12512
9,2478
9,15825
9,6415
9,7709
9,15157
9,6367
9,2517
9,7305
9,15839
9,5666
9,13250
9,2882
9,8968
9,9611
9,475
9,802
9,1074
9,11631
9,9741
9,2539
9,12192
9,4468
9,8593
9,14973
9,17210
9,12403
9,16983
9,16719
9,12938
9,7560
9,4630
9,14222
9,11026
9,3314
9,9794
9,15569
9,14565
9,115
9,8228
9,11538
9,13284
9,12812
9,216
9,14963
9,14268
9,6246
9,9447
9,14523
9,9018
9,9455
9,2010
9,11831
9,350
9,510
9,11438
9,11865
9,10513
9,748
9,14939
9,6633
9,10365
9,14909
9,4
9,2984
9,9539
9,15943
9,1904
9,13258
9,4901
9,4041
9,16268
9,6735
9,14680
9,5367
9,14951
9,13269
9,15057
9,12683
9,10770
9,9137
9,3973
9,16691
9,10603
9,2275
9,16952
9,9011
9,6066
9,11059
9,975
9,739
9,1147
9,9129
9,12133
9,1862
9,14494
9,3442
9,15526
9,75
9,11808
9,6139
9,93
9,5794
9,7451
9,10467
9,13060
9,6162
9,1956
9,1149
9,17374
9,14756
9,14205
9,7287
9,951
9,5223
9,1088
9,4292
9,7933
9,5410
9,1616
9,11519
9,5279
9,8172
9,10446
9,5087
9,14958
9,13532
9,1831
9,10790
9,14008
9,5499
9,13958
9,8712
9,6287
9,16256
9,6638
9,10647
9,4719
9,12543
9,3944
9,7618
9,5399
9,10845
9,7252
9,15066
9,4922
9,17419
9,11907
9,6252
9,1538
9,1640
9,10103
9,271
9,4646
9,4662
9,1409
9,7981
9,9992
9,13508
9,956
9,17469
9,1031
9,2480
9,2193
9,10037
9,8860
9,13262
9,2716
9,15385
9,3212
9,14766
9,11148
9,6029
9,509
9,15735
9,13432
9,14849
9,5747
9,9205
9,10514
9,1699
9,9017
9,10904
9,4856
9,4703
9,16482
9,11689
9,13348
9,7049
9,12521
9,3823
9,11140
9,3494
9,2629
9,14956
9,10580
9,7246
9,14558
9,12110
9,2134
9,8951
9,907
9,15679
9,2061
9,16751
9,16460
9,1085
9,5740
9,8767
9,12269
9,1404
9,281
9,3406
9,1107
9,16384
9,4928
9,10250
9,9559
9,15255
9,11660
9,8068
9,846
9,9713
9,10910
9,6989
9,3952
9,7960
9,5539
9,15335
9,9891
9,14465
9,607
9,711
9,6400
9,3174
9,12101
9,11413
9,13474
9,9228
9,12371
9,4521
9,4518
9,16469
9,7607
9,16258
9,3076
9,2537
9,564
9,4754
9,8717
9,11740
9,3858
9,1846
9,14776
9,13701
9,5064
9,3334
9,921
9,4194
9,10088
9,7286
9,5695
9,9323
9,14078
9,694
9,7226
9,14905
9,16002
9,2141
9,5714
9,1591
9,10694
9,6318
9,2709
9,3510
9,16897
9,190
9,17327
9,2451
9,5659
9,13396
9,8528
9,6412
9,3227
9,13715
9,1497
9,2171
9,11559
9,1064
9,9001
9,16486
9,16570
9,7277
9,1343
9,8443
9,357
9,6868
9,228
9,329
9,7385
9,322
9,16461
9,16854
9,11073
9,3908
9,9984
9,16136
9,9525
9,1882
9,10245
9,17138
9,5993
9,10140
9,9751
9,9360
9,14627
9,3354
9,9443
9,9723
9,10504
9,842
9,10617
9,6878
9,14190
9,10773
9,1185
9,6186
9,6917
9,9335
9,486
9,3493
9,4399
9,4124
9,12286
9,16096
9,14206
9,7568
9,8031
9,5875
9,13431
9,17244
9,16013
9,16058
9,238
9,15982
9,9284
9,2301
9,16860
9,16943
9,1726
9,7103
9,17033
9,13176
9,7138
9,14954
9,254
9,4959
9,3365
9,7063
9,5204
9,14351
9,220
9,16039
9,12134
9,14562
9,6054
9,9783
9,427
9,1661
9,10600
9,11846
9,8114
9,11708
9,9935
9,7191
9,1321
9,8234
9,4890
9,15256
9,15972
9,3485
9,2872
9,8348
9,14899
9,2036
9,12862
9,11449
9,2151
9,16855
9,14757
9,13355
9,10616
9,14049
9,7575
9,17403
9,16279
9,16779
9,15447
9,1508
9,3133
9,13302
9,9706
9,10742
9,15500
9,9439
9,1323
9,7502
9,3883
9,7820
9,15479
9,13345
9,3946
9,8411
9,15880
9,17269
9,8524
9,16604
9,12443
9,6024
9,1267
9,5947
9,12935
9,11879
9,4889
9,250
9,8511
9,10502
9,433
9,4158
9,9128
9,1112
9,5717
9,7901
9,4263
9,1037
9,7642
9,5946
9,2860
9,1636
9,17228
9,8649
9,7729
9,5593
9,11968
9,9513
9,2125
9,4142
9,10404
9,1326
9,17364
9,17347
9,5865
9,15639
9,10185
9,6844
9,2100
9,12034
9,10842
9,10051
9,4331
9,5169
9,6149
9,1026
9,10332
9,11916
9,8309
9,753
9,2555
9,3622
9,9764
9,12805
9,7717
9,8251
9,15551
9,10645
9,3573
9,2214
9,17176
9,5197
9,15631
9,13296
9,180
9,5071
9,14802
9,4943
9,17093
9,1582
9,14560
9,7758
9,12641
9,8996
9,840
9,2914
9,6622
9,436
9,6085
9,2807
9,12777
9,2108
9,715
9,10348
9,12915
9,3734
9,8034
9,9571
9,1857
9,234
9,3857
9,14704
9,6885
9,7584
9,7311
9,4030
9,13062
9,5612
9,9812
9,14113
9,4800
9,3923
9,6919
9,2489
9,7708
9,7919
9,1270
9,6651
9,5427
9,11811
9,15222
9,16442
9,16134
9,7487
9,7299
9,4982
9,4013
9,7805
9,786
9,8793
9,14775
9,6726
9,4554
9,12135
9,8850
9,10432
9,5240
9,2488
9,6453
9,12623
9,13191
9,6074
9,12354
9,13386
9,15487
9,14895
9,7346
9,2959
9,4080
9,13059
9,15801
9,16106
9,12618
9,5823
9,9989
9,6395
9,10487
9,16343
9,10573
9,13100
9,2236
9,2358
9,5436
9,575
9,11333
9,7070
9,17029
9,13623
9,14379
9,6499
9,12514
9,14911
9,10022
9,533
9,8848
9,6744
9,13846
9,2198
9,1853
9,7872
9,4208
9,7619
9,16529
9,1359
9,17441
9,9349
9,9662
9,9295
9,1418
9,11944
9,8790
9,1429
9,10545
9,2693
9,2152
9,3581
9,5210
9,1738
9,1799
9,15015
9,14611
9,6764
9,682
9,8014
9,6355
9,12449
9,4794
9,13005
9,16377
9,11703
9,3587
9,13617
9,2362
9,15171
9,5211
9,12959
9,2316
9,7119
9,15480
9,7106
9,1225
9,1251
9,8832
9,9703
9,1680
9,2088
9,341
9,221
9,3693
9,16828
9,7913
9,9947
9,9055
9,16947
9,8862
9,12944
9,1953
9,14917
9,13581
9,2232
9,12178
9,4834
9,9946
9,2788
9,15276
9,10509
9,9583
9,12480
9,4822
9,12748
9,10775
9,15241
9,16160
9,8211
9,11410
9,13350
9,12707
9,1045
9,5856
9,8017
9,12411
9,13411
9,4827
9,16823
9,5550
9,16491
9,13048
9,2943
9,2314
9,3602
9,12688
9,10611
9,8575
9,15336
9,3822
9,6798
9,11308
9,4221
9,10568
9,12779
9,4814
9,13423
9,5451
9,3656
9,9683
9,1614
9,14885
9,14283
9,6935
9,3771
9,9719
9,1408
9,6665
9,9203
9,4200
9,15665
9,912
9,2200
9,16512
9,1204
9,11648
9,13722
9,9543
9,7321
9,13690
9,11991
9,9781
9,6312
9,15036
9,3248
9,13650
9,4885
9,9328
9,6985
9,10259
9,6025
9,5202
9,11697
9,1601
9,9553
9,5125
9,9776
9,15935
9,4115
9,2441
9,3294
9,5748
9,2837
9,8938
9,12546
9,6634
9,15446
9,4479
9,7251
9,10523
9,2118
9,8891
9,2016
9,9815
9,2350
9,8238
9,4731
9,49
9,3396
9,13483
9,16199
9,17105
9,2400
9,6923
9,14093
9,3987
9,522
9,16149
9,2258
9,8612
9,15772
9,7461
9,6824
9,56
9,16485
9,1641
9,2834
9,4829
9,8146
9,2101
9,10639
9,11902
9,459
9,4049
9,5476
9,14677
9,15617
9,11062
9,6887
9,10955
9,1127
9,6374
9,12440
9,16683
9,6048
9,10214
9,4831
9,6429
9,7199
9,15145
9,13038
9,14131
9,5631
9,2163
9,1201
9,4627
9,6866
9,5105
9,12207
9,8872
9,7480
9,14130
9,5398
9,2699
9,4425
9,8663
9,7182
9,7395
9,7236
9,6566
9,1198
9,6089
9,14245
9,12128
9,12063
9,8689
9,11581
9,2812
9,5763
9,12914
9,11180
9,1214
9,15192
9,15302
9,16322
9,6468
9,3254
9,10329
9,5337
9,3427
9,323
9,16927
9,3234
9,3173
9,7523
9,6417
9,6342
9,10625
9,871
9,17305
9,5944
9,12845
9,8771
9,9207
9,1058
9,6877
9,9049
9,9613
9,16788
9,5043
9,12735
9,4183
9,9700
9,4919
9,2132
9,15043
9,15459
9,10598
9,14661
9,8061
9,11909
9,9802
9,3090
9,959
9,6346
9,301
9,386
9,6181
9,16299
9,11702
9,17482
9,10947
9,3834
9,17168
9,9864
9,15956
9,9865
9,11317
9,13206
9,14363
9,16191
9,14400
9,12754
9,2638
9,5859
9,8670
9,2354
9,16713
9,13028
9,256
9,4780
9,4587
9,8624
9,10057
9,11268
9,6116
9,5393
9,6609
9,16539
9,1511
9,8808
9,8209
9,7367
9,9142
9,11931
9,8532
9,13832
9,5594
9,16219
9,6008
9,7048
9,2416
9,2759
9,1092
9,14141
9,14647
9,11545
9,143
9,4504
9,2756
9,5214
9,4738
9,12460
9,8719
9,1424
9,16954
9,15930
9,14302
9,2089
9,4203
9,9676
9,7142
9,771
9,17064
9,6418
9,7927
9,9576
9,15731
9,8442
9,14737
9,3884
9,15787
9,2950
9,5252
9,8198
9,8284
9,1531
9,7272
9,14184
9,16763
9,8526
9,14546
9,1829
9,12640
9,16077
9,5709
9,11746
9,12878
9,15691
9,3092
9,25
9,366
9,5531
9,893
9,4475
9,16577
9,15962
9,8814
9,10387
9,4090
9,9300
9,8859
9,4781
9,12732
9,9324
9,8764
9,15993
10,11312
10,12533
10,2540
10,11508
10,14808
10,5074
10,9363
10,16573
10,7689
10,8633
10,2404
10,12435
10,134
10,14070
10,11334
10,3848
10,14356
10,1956
10,12178
10,1950
10,12284
10,13438
10,9573
10,14166
10,7642
10,8852
10,3265
10,574
10,8996
10,9238
10,4565
10,9944
10,2488
10,3427
10,9076
10,15215
10,10352
10,878
10,15216
10,5395
10,2581
10,4449
10,364
10,16266
10,2130
10,2133
10,15871
10,13745
10,10929
10,2560
10,6536
10,7972
10,1123
10,9155
10,8682
10,9204
10,8215
10,2025
10,12914
10,5510
10,9141
10,3397
10,9486
10,6379
10,13884
10,8210
10,11688
10,59
10,14994
10,17228
10,10465
10,7680
10,818
10,1332
10,4583
10,6229
10,13180
10,4564
10,13165
10,13799
10,9230
10,54
10,15190
10,15895
10,7247
10,6859
10,6015
10,2959
10,3788
10,14468
10,10795
10,1512
10,2671
10,14557
10,1609
10,8417
10,1852
10,14431
10,6101
10,10098
10,2340
10,5603
10,3180
10,2176
10,6801
10,5761
10,1380
10,4260
10,16682
10,6534
10,6155
10,15424
10,16218
10,14042
10,14981
10,4941
10,15983
10,16700
10,15416
10,6807
10,8340
10,12883
10,15066
10,4691
10,15053
10,3276
10,3239
10,14426
10,8627
10,15775
10,15574
10,11750
10,7304
10,13584
10,435
10,15467
10,8602
10,16621
10,9766
10,14273
10,1280
10,14458
10,12261
10,15685
10,3773
10,15240
10,9807
10,2451
10,5852
10,17061
10,6788
10,17252
10,12027
10,3869
10,1712
10,15094
10,5623
10,6000
10,596
10,9275
10,11774
10,13875
10,3004
10,10888
10,7076
10,17438
10,14582
10,8234
10,10683
10,8691
10,4012
10,4126
10,13554
10,15905
10,10914
10,16241
10,11466
10,15114
10,10772
10,13030
10,10094
10,9176
10,5363
10,9551
10,13726
10,4786
10,14545
10,13497
10,13803
10,15288
10,5784
10,1017
10,3437
10,3857
10,10476
10,3110
10,3785
10,14760
10,13074
10,15888
10,4003
10,12348
10,3422
10,3510
10,10556
10,5917
10,14098
10,13814
10,8915
10,4134
10,299
10,3469
10,7890
10,3381
10,11096
10,17170
10,9267
10,2595
10,7255
10,6731
10,5958
10,11387
10,17315
10,4698
10,10766
10,259
10,6573
10,6413
10,926
10,8662
10,1818
10,8924
10,14786
10,9194
10,5177
10,8082
10,3660
10,14647
10,14943
10,14978
10,6252
10,15441
10,6064
10,919
10,8093
10,15729
10,17238
10,8411
10,10494
10,12308
10,2232
10,8514
10,3455
10,3850
10,7725
10,1259
10,12460
10,5954
10,8386
10,10528
10,16348
10,7527
10,3946
10,8050
10,6993
10,14476
10,15137
10,10462
10,15102
10,15706
10,145
10,4981
10,8829
10,12433
10,6201
10,11155
10,103
10,8470
10,4658
10,6136
10,11381
10,5175
10,1384
10,7269
10,3494
10,13889
10,4271
10,12552
10,11678
10,7296
10,15473
10,12639
10,7704
10,9304
10,1994
10,14001
10,8197
10,14761
10,12147
10,16428
10,7514
10,7125
10,8025
10,5799
10,13064
10,7159
10,14152
10,2660
10,2330
10,7694
10,3690
10,9609
10,3819
10,386
10,13574
10,9379
10,10022
10,12255
10,10790
10,5265
10,295
10,1172
10,14236
10,6584
10,3044
10,14502
10,1613
10,16295
10,15160
10,1317
10,1422
10,5922
10,4371
10,17138
10,12547
10,13403
10,8446
10,16910
10,8936
10,5752
10,3005
10,14726
10,165
10,7049
10,2002
10,13999
10,8600
10,4646
10,1836
10,5827
10,6500
10,343
10,4322
10,6528
10,3737
10,15886
10,10492
10,3138
10,6755
10,13505
10,1776
10,6862
10,15735
10,11471
10,10573
10,9479
10,4624
10,13053
10,10403
10,14964
10,1616
10,5747
10,13805
10,15243
10,7731
10,822
10,13488
10,8329
10,9082
10,1241
10,3855
10,16565
10,9149
10,14526
10,14082
10,11429
10,8724
10,4452
10,3080
10,2207
10,9921
10,3578
10,17120
10,13043
10,16390
10,1941
10,17125
10,16039
10,13392
10,17276
10,3079
10,653
10,3380
10,10890
10,12025
10,8631
10,8655
10,16600
10,8104
10,3317
10,10602
10,10865
10,9574
10,3230
10,7282
10,8480
10,4792
10,15918
10,6604
10,13110
10,5910
10,210
10,1877
10,15877
10,11215
10,3304
10,9500
10,2607
10,4192
10,6998
10,16727
10,13586
10,4678
10,15302
10,4014
10,1989
10,6613
10,4875
10,7634
10,7244
10,9575
10,3166
10,6258
10,15274
10,12160
10,15487
10,13796
10,9682
10,2424
10,806
10,9809
10,4866
10,14083
10,4217
10,5641
10,14157
10,12429
10,15890
10,4096
10,15220
10,7719
10,3010
10,7867
10,6581
10,17078
10,16128
10,11939
10,4202
10,9572
10,16970
10,10138
10,15400
10,11620
10,8628
10,15431
10,10009
10,15756
10,10433
10,3234
10,6689
10,4851
10,14443
10,5039
10,15822
10,8466
10,11205
10,163
10,6729
10,15937
10,13749
10,5107
10,7015
10,2239
10,9843
10,701
10,5490
10,4598
10,4589
10,8615
10,13556
10,14537
10,11144
10,10816
10,14415
10,15977
10,17338
10,11330
10,14893
10,16932
10,6994
10,4585
10,16908
10,2930
10,15223
10,14102
10,9987
10,7566
10,1269
10,10204
10,5682
10,4654
10,15532
10,14326
10,4015
10,1528
10,11738
10,6933
10,460
10,12200
10,16132
10,10957
10,12553
10,15006
10,13672
10,604
10,5881
10,10226
10,10673
10,9063
10,9336
10,15879
10,14961
10,4099
10,7150
10,2288
10,6488
10,4659
10,10666
10,6232
10,2794
10,3108
10,16768
10,3926
10,5286
10,1647
10,15578
10,9603
10,2612
10,7674
10,5865
10,4213
10,17085
10,2960
10,4641
10,16484
10,3377
10,8998
10,10263
10,16233
10,2494
10,2566
10,10260
10,6855
10,620
10,11197
10,10768
10,407
10,12704
10,11921
10,585
10,14829
10,11399
10,9359
10,8308
10,12652
10,11884
10,1459
10,8965
10,14583
10,5731
10,8549
10,1484
10,4379
10,11736
10,16637
10,3968
10,2775
10,3827
10,15423
10,748
10,8303
10,14298
10,2570
10,10313
10,1657
10,11445
10,13402
10,16379
10,5333
10,6744
10,1125
10,15987
10,2021
10,2784
10,7471
10,8178
10,14286
10,7869
10,15916
10,1803
10,14936
10,7099
10,2090
10,8809
10,17343
10,2213
10,15843
10,16793
10,8565
10,1354
10,8492
10,12156
10,7187
10,5089
10,12405
10,16865
10,7238
10,5058
10,6459
10,11754
10,7736
10,673
10,37
10,5157
10,13696
10,17212
10,9525
10,11220
10,12841
10,11276
10,14301
10,13018
10,14181
10,16811
10,1646
10,17106
10,6883
10,5730
10,7579
10,16363
10,14737
10,15033
10,10271
10,11959
10,356
10,10913
10,16643
10,15585
10,14510
10,2932
10,8068
10,1786
10,13776
10,16699
10,941
10,13446
10,11521
10,5754
10,4586
10,9736
10,13649
10,13596
10,15280
10,375
10,6628
10,8613
10,5164
10,12594
10,1531
10,10638
10,11134
10,14856
10,773
10,16053
10,16759
10,7136
10,15562
10,8007
10,14364
10,8088
10,8927
10,11114
10,14601
10,9123
10,10008
10,8890
10,13748
10,1450
10,10735
10,515
10,15177
10,6568
10,10744
10,13111
10,10574
10,17147
10,5887
10,13024
10,4872
10,593
10,6316
10,763
10,7237
10,9613
10,15125
10,16930
10,16030
10,1719
10,8452
10,11889
10,905
10,9595
10,11212
10,3577
10,7480
10,13741
10,18
10,4849
10,11143
10,9094
10,700
10,566
10,11135
10,9306
10,4506
10,9350
10,11139
10,6612
10,3789
10,15349
10,17345
10,8500
10,13144
10,7382
10,2964
10,14788
10,1580
10,12124
10,10591
10,12768
10,16645
10,13608
10,3203
10,2572
10,9706
10,13382
10,11574
10,1178
10,5804
10,10342
10,280
10,2746
10,16612
10,7985
10,4029
10,15229
10,9963
10,6350
10,5829
10,16563
10,14944
10,3672
10,13482
10,11256
10,8096
10,16246
10,4177
10,222
10,4291
10,1752
10,13331
10,16443
10,8265
10,3144
10,4619
10,8186
10,5876
10,7840
10,294
10,5653
10,1608
10,3116
10,5482
10,4058
10,14968
10,8677
10,13181
10,3836
10,5566
10,13091
10,10420
10,8496
10,8659
10,551
10,7623
10,7312
10,485
10,1143
10,7146
10,10548
10,7039
10,494
10,9505
10,4686
10,5221
10,12675
10,11246
10,5907
10,12029
10,5101
10,139
10,16395
10,12036
10,16426
10,11893
10,1468
10,14930
10,1546
10,15291
10,5103
10,14688
10,5210
10,13109
10,13501
10,11718
10,5813
10,7814
10,4929
10,5159
10,2456
10,12731
10,16254
10,16140
10,5284
10,8295
10,990
10,2448
10,1906
10,2543
10,13371
10,9251
10,1437
10,4467
10,1630
10,569
10,11361
10,13517
10,10874
10,15256
10,2228
10,13054
10,7482
10,16316
10,1256
10,2898
10,2592
10,5488
10,13194
10,6854
10,6260
10,4469
10,13102
10,7796
10,2731
10,15642
10,5933
10,13297
10,2991
10,12218
10,1508
10,3846
10,11275
10,11635
10,4762
10,15561
10,11424
10,15156
10,268
10,14002
10,9332
10,14000
10,5867
10,11726
10,1965
10,3969
10,1208
10,15201
10,15817
10,9808
10,1901
10,2953
10,14703
10,4195
10,4394
10,4856
10,8256
10,7315
10,12080
10,2981
10,14534
10,7824
10,10426
10,14564
10,9719
10,5534
10,11443
10,8331
10,15675
10,14870
10,5943
10,13377
10,14392
10,83
10,14854
10,15329
10,1291
10,14844
10,7251
10,1421
10,4239
10,4045
10,2837
10,7784
10,15435
10,7131
10,6390
10,10367
10,10822
10,7153
10,11065
10,10165
10,3418
10,14274
10,17432
10,17044
10,13926
10,864
10,4832
10,1389
10,6248
10,10972
10,9353
10,7983
10,15210
10,13746
10,16938
10,7921
10,176
10,6779
10,2224
10,9493
10,7629
10,13987
10,13114
10,9210
10,11213
10,13931
10,3795
10,2403
10,6497
10,15859
10,1007
10,14112
10,11012
10,147
10,9297
10,9640
10,4807
10,8123
10,10821
10,8601
10,6707
10,7063
10,1307
10,5821
10,378
10,17202
10,2307
10,1409
10,24
10,3700
10,14132
10,8153
10,5065
10,13312
10,10060
10,8297
10,11957
10,8190
10,8725
10,10133
10,17132
10,9612
10,13832
10,11129
10,5156
10,313
10,5451
10,9483
10,16032
10,511
10,12705
10,17246
10,7102
10,3916
10,8905
10,15230
10,15518
10,6800
10,9953
10,6712
10,9040
10,12464
10,2631
10,14659
10,13633
10,8819
10,8036
10,11640
10,8859
10,6089
10,8895
10,81
10,16943
10,9273
10,15325
10,9327
10,5032
10,13001
10,14306
10,15276
10,3880
10,16459
10,11887
10,11176
10,13676
10,10473
10,10026
10,3120
10,3790
10,9694
10,12868
10,2979
10,495
10,4295
10,16423
10,9338
10,5292
10,4414
10,16843
10,16376
10,3838
10,15984
10,9671
10,5113
10,7581
10,2578
10,598
10,10357
10,13944
10,14159
10,12592
10,5014
10,12579
10,15303
10,9763
10,12104
10,11892
10,7651
10,10580
10,1273
10,4283
10,15643
10,15060
10,8252
10,14092
10,12385
10,15853
10,4212
10,8532
10,3915
10,10847
10,8150
10,16949
10,3630
10,6914
10,9765
10,7439
10,5319
10,5874
10,5234
10,13729
10,15544
10,14678
10,8560
10,17158
10,3692
10,592
10,4091
10,9467
10,4738
10,4161
10,5431
10,13324
10,14404
10,987
10,4967
10,14528
10,13362
10,262
10,12306
10,3135
10,10413
10,11669
10,13662
10,6495
10,2008
10,10055
10,12252
10,1193
10,15026
10,13350
10,2518
10,12781
10,204
10,15363
10,10516
10,7278
10,5270
10,785
10,14101
10,17486
10,752
10,14860
10,9391
10,9628
10,8017
10,10685
10,5517
10,7640
10,2843
10,16837
10,14300
10,16547
10,4774
10,8133
10,6852
10,5197
10,10791
10,8699
10,332
10,16371
10,14982
10,7360
10,12409
10,11392
10,5025
10,12912
10,5870
10,10805
10,13818
10,10760
10,6669
10,4302
10,1486
10,14992
10,805
10,5673
10,12351
10,5658
10,6881
10,13692
10,8975
10,16219
10,11792
10,4700
10,5558
10,13883
10,13364
10,9990
10,2042
10,8772
10,7586
10,2954
10,14097
10,15509
10,14428
10,6429
10,9170
10,10932
10,8216
10,4763
10,15730
10,8520
10,5544
10,14915
10,15056
10,1383
10,17020
10,9861
10,9407
10,10950
10,3502
10,9355
10,6703
10,11581
10,15011
10,1403
10,10387
10,12735
10,11865
10,7116
10,10061
10,9137
10,3067
10,8166
10,4408
10,2679
10,16026
10,3364
10,8984
10,16712
10,3698
10,10774
10,12785
10,13296
10,15662
10,7712
10,10056
10,5022
10,8243
10,1132
10,9930
10,1212
10,11647
10,12789
10,14417
10,14743
10,9427
10,7734
10,4542
10,13806
10,15248
10,6335
10,5040
10,2267
10,5109
10,6931
10,4638
10,6617
10,4567
10,10192
10,6750
10,13621
10,14401
10,10495
10,2371
10,9637
10,6780
10,284
10,4868
10,5135
10,10369
10,15073
10,13910
10,4026
10,13978
10,1397
10,7257
10,7537
10,16085
10,6587
10,11373
10,2187
10,11489
10,3979
10,703
10,6697
10,15626
10,6793
10,8328
10,6829
10,10157
10,12450
10,1640
10,4174
10,4496
10,8172
10,14096
10,14503
10,5054
10,5501
10,13797
10,14904
10,4939
10,17460
10,2058
10,4913
10,16501
10,2800
10,15314
10,2901
10,12984
10,13564
10,1651
10,8261
10,11238
10,3081
10,6769
10,8274
10,34
10,7830
10,15110
10,16047
10,3544
10,4021
10,7266
10,9188
10,6976
10,15031
10,6009
10,4596
10,13646
10,8112
10,803
10,3073
10,11260
10,11441
10,14634
10,15551
10,5335
10,7032
10,14806
10,3997
10,12424
10,15062
10,15679
10,2272
10,4902
10,15687
10,16928
10,12658
10,12640
10,10563
10,956
10,7735
10,4492
10,4993
10,12927
10,1476
10,907
10,1902
10,16187
10,4355
10,2708
10,9594
10,13888
10,12368
10,11690
10,17371
10,9686
10,6148
10,9472
10,12595
10,7046
10,4767
10,11460
10,16665
10,10813
10,2903
10,8612
10,13329
10,6105
10,5519
10,880
10,1497
10,14965
10,15221
10,5318
10,9065
10,9033
10,879
10,7862
10,6522
10,125
10,8429
10,13411
10,9980
10,13654
10,13467
10,17479
10,11409
10,8401
10,2982
10,1168
10,12102
10,6889
10,9565
10,4515
10,1101
10,1564
10,7301
10,542
10,3994
10,8310
10,5370
10,7663
10,5661
10,16094
10,14933
10,6227
10,5807
10,9535
10,11243
10,12834
10,4751
10,5710
10,16244
10,5853
10,16111
10,13262
10,367
10,17048
10,10991
10,13103
10,13475
10,12774
10,9331
10,2811
10,3440
10,7345
10,2643
10,4456
10,1890
10,682
10,16936
10,12361
10,16001
10,4894
10,14600
10,448
10,3824
10,7937
10,3046
10,3940
10,13353
10,1246
10,6591
10,12976
10,13300
10,9876
10,13460
10,12568
10,3991
10,1429
10,1364
10,5167
10,12697
10,16887
10,1653
10,5581
10,6298
10,15153
10,9641
10,4591
10,4443
10,16881
10,1346
10,17105
10,16799
10,15599
10,4775
10,12971
10,8484
10,16038
10,12277
10,11272
10,5952
10,3219
10,15810
10,2498
10,23
10,11693
10,3501
10,4401
10,12937
10,743
10,8582
10,3919
10,7965
10,5046
10,5088
10,4513
10,8047
10,9837
10,15425
10,11524
10,5995
10,17299
10,1160
10,11857
10,14866
10,13645
10,6541
10,3051
10,15529
10,14713
10,2439
10,4270
10,15604
10,2300
10,4336
10,13925
10,786
10,681
10,10682
10,14156
10,10143
10,800
10,480
10,16269
10,16238
10,16422
10,12888
10,4326
10,9134
10,660
10,11206
10,12978
10,3851
10,12403
10,7502
10,9665
10,6547
10,13819
10,6461
10,14903
10,16743
10,14345
10,2879
10,12956
10,7003
10,5306
10,1915
10,13226
10,5062
10,12554
10,17384
10,171
10,4664
10,8046
10,11744
10,14538
10,7638
10,1573
10,12754
10,8362
10,16275
10,16847
10,8980
10,1772
10,4985
10,117
10,11687
10,892
10,9234
10,14028
10,17060
10,11356
10,10373
10,12183
10,14682
10,13681
10,15098
10,13810
10,4605
10,9139
10,8966
10,5388
10,11059
10,14492
10,304
10,8359
10,5129
10,16998
10,11533
10,13169
10,9697
10,1799
10,7619
10,4360
10,897
10,4546
10,1276
10,166
10,13088
10,12028
10,10600
10,11695
10,1075
10,15628
10,16820
10,1401
10,15099
10,5323
10,2212
10,3523
10,5202
10,4828
10,8769
10,3315
10,3515
10,15725
10,3938
10,6315
10,10764
10,9293
10,14025
10,11442
10,14478
10,1760
10,11113
10,638
10,7198
10,404
10,248
10,84
10,5712
10,1636
10,7095
10,8517
10,10964
10,929
10,8081
10,5195
10,4827
10,6215
10,15136
10,11075
10,8961
10,10284
10,11965
10,3754
10,2524
10,7324
10,2802
10,548
10,3054
10,12408
10,7193
10,13029
10,11084
10,7029
10,6134
10,15522
10,17194
10,13583
10,16208
10,7241
10,3361
10,12828
10,14957
10,10164
10,4063
10,16790
10,11787
10,8098
10,13205
10,13116
10,8594
10,13386
10,69
10,7643
10,6456
10,1933
10,8556
10,11848
10,9998
10,15781
10,4988
10,9698
10,5516
10,377
10,6418
10,7872
10,16247
10,8326
10,17281
10,2537
10,2923
10,10994
10,15038
10,13566
10,13578
10,12339
10,13424
10,17026
10,3956
10,7578
10,15844
10,13512
10,5905
10,16227
10,6913
10,16927
10,15451
10,5010
10,1023
10,13951
10,3873
10,3592
10,7949
10,13720
10,14635
10,9592
10,4727
10,17307
10,14052
10,3479
10,8251
10,15948
10,4390
10,17116
10,12345
10,6821
10,1560
10,5300
10,2925
10,472
10,7071
10,8035
10,9420
10,7617
10,14770
10,10419
10,12842
10,4717
10,11210
10,5575
10,13125
10,12500
10,6180
10,2179
10,15089
10,2608
10,7650
10,16751
10,4204
10,5196
10,15638
10,11646
10,3561
10,175
10,15838
10,6161
10,9290
10,9638
10,6601
10,3569
10,13891
10,6094
10,5091
10,12099
10,14147
10,6746
10,7709
10,7902
10,6218
10,2470
10,11417
10,10139
10,4846
10,5862
10,13765
10,13627
10,16835
10,5790
10,720
10,6529
10,5960
10,8398
10,16040
10,8954
10,11989
10,9877
10,3753
10,5733
10,10119
10,14150
10,11369
10,1862
10,13730
10,811
10,10951
10,9700
10,14597
10,14235
10,10901
10,4086
10,15880
10,11500
10,14989
10,11009
10,11976
10,5282
10,10632
10,6908
10,12155
10,7790
10,7894
10,11201
10,3409
10,2825
10,12513
10,9598
10,3321
10,8162
10,4561
10,8573
10,8399
10,5634
10,14816
10,9880
10,2185
10,9782
10,16017
10,10826
10,9394
10,2723
10,3780
10,1534
10,8947
10,5124
10,5573
10,9461
10,9072
10,2929
10,1077
10,14643
10,10166
10,10299
10,6530
10,1294
10,12599
10,11165
10,5389
10,15034
10,7468
10,16355
10,17195
10,17406
10,10624
10,13519
10,3497
10,1136
10,12512
10,331
10,4884
10,3457
10,2676
10,8451
10,3541
10,15851
10,14758
10,7028
10,7702
10,15081
10,602
10,16237
10,10515
10,14113
10,738
10,9380
10,11140
10,12423
10,3142
10,8545
10,1507
10,1391
10,2633
10,16731
10,1498
10,17439
10,2009
10,2998
10,11170
10,11546
10,8400
10,15770
10,7744
10,9513
10,1846
10,2040
10,4788
10,16194
10,11454
10,16511
10,1011
10,2765
10,15834
10,9319
10,661
10,2504
10,4123
10,6792
10,16164
10,10757
10,14595
10,2854
10,1927
10,9788
10,8906
10,1968
10,16148
10,12964
10,3035
10,7161
10,9342
10,6046
10,3432
10,15351
10,4354
10,15350
10,12152
10,16410
10,13107
10,14810
10,5796
10,666
10,13950
10,5625
10,2845
10,10259
10,5468
10,618
10,1427
10,12249
10,9543
10,911
10,9965
10,2348
10,5760
10,13281
10,15545
10,1869
10,7394
10,15837
10,16402
10,6636
10,8592
10,13932
10,5042
10,13597
10,16217
10,6483
10,15583
10,1728
10,6844
10,12637
10,11562
10,8981
10,14320
10,14857
10,8141
10,14438
10,11154
10,10637
10,14838
10,9193
10,15402
10,9294
10,314
10,12662
10,5428
10,2928
10,5806
10,11613
10,12242
10,5495
10,4768
10,16796
10,9179
10,6349
10,8483
10,5396
10,597
10,8337
10,1255
10,5438
10,9057
10,3600
10,13164
10,10974
10,3382
10,5322
10,9069
10,13195
10,10337
10,14691
10,1479
10,4357
10,12087
10,16634
10,8143
10,10429
10,3609
10,1602
10,15811
10,11651
10,10698
10,16449
10,8676
10,1820
10,14575
10,3236
10,5934
10,7068
10,7765
10,15469
10,2762
10,5844
10,13822
10,3130
10,256
10,3211
10,6662
10,15726
10,5140
10,3537
10,10412
10,2828
10,2652
10,9207
10,5291
10,7079
10,15632
10,16250
10,6053
10,12641
10,1946
10,7456
10,12709
10,10189
10,1368
10,6362
10,16813
10,16856
10,16447
10,17348
10,3023
10,2407
10,7594
10,6809
10,9085
10,14632
10,3705
10,5842
10,16259
10,15889
10,12458
10,9440
10,4850
10,15134
10,6030
10,4956
10,17445
10,520
10,5830
10,6062
10,10399
10,1186
10,8249
10,16782
10,12685
10,9370
10,1600
10,9661
10,8876
10,12159
10,360
10,15600
10,1782
10,3444
10,7992
10,17155
10,4181
10,6403
10,4667
10,516
10,3186
10,17451
10,9298
10,2234
10,16091
10,14697
10,14214
10,3411
10,5005
10,16451
10,9742
10,6608
10,9175
10,7813
10,5470
10,4552
10,10717
10,12999
10,8410
10,3769
10,6271
10,6552
10,3249
10,11052
10,7350
10,9872
10,16281
10,16842
10,12224
10,7786
10,16149
10,17466
10,11116
10,16858
10,15265
10,709
10,291
10,14244
10,6626
10,1163
10,17317
10,2817
10,4903
10,10845
10,4671
10,3231
10,270
10,12589
10,4274
10,8645
10,6034
10,8159
10,5437
10,15042
10,234
10,11470
10,12737
10,1035
10,17101
10,10781
10,16720
10,4282
10,14081
10,16007
10,6167
10,10784
10,12843
10,12535
10,2690
10,16308
10,5264
10,16450
10,14473
10,14945
10,5723
10,10893
10,778
10,4735
10,14008
10,16337
10,16330
10,4905
10,7362
10,9023
10,2276
10,15457
10,9796
10,6371
10,6527
10,10323
10,4966
10,10737
10,10752
10,6408
10,6944
10,1022
10,12141
10,10854
10,5739
10,1944
10,13669
10,5121
10,9211
10,7185
10,3433
10,8287
10,5843
10,14053
10,2769
10,10343
10,9228
10,6545
10,735
10,15580
10,412
10,9357
10,2744
10,2119
10,8759
10,14924
10,15564
10,10798
10,14525
10,1603
10,7612
10,4834
10,695
10,14307
10,14272
10,997
10,4716
10,8244
10,2667
10,5013
10,3095
10,5976
10,17104
10,5642
10,275
10,10614
10,14578
10,3895
10,13339
10,3143
10,6997
10,1562
10,9476
10,3085
10,16387
10,16785
10,3532
10,12833
10,14012
10,6472
10,13835
10,6892
10,2482
10,8347
10,6195
10,5351
10,16702
10,4863
10,95
10,6696
10,14381
10,11131
10,14553
10,9126
10,984
10,10488
10,7434
10,14030
10,6777
10,16086
10,6337
10,9003
10,11258
10,6168
10,15622
10,4338
10,7190
10,13058
10,583
10,12559
10,9362
10,14815
10,12451
10,11389
10,15391
10,1925
10,11712
10,5815
10,447
10,8147
10,15194
10,2645
10,14886
10,13687
10,13310
10,17312
10,3568
10,12702
10,9208
10,8853
10,16121
10,999
10,2089
10,9015
10,3111
10,479
10,11474
10,16028
10,7596
10,13422
10,403
10,3862
10,1896
10,13287
10,9056
10,8562
10,11530
10,17225
10,6250
10,12207
10,15015
10,9311
10,1801
10,6893
10,16917
10,11202
10,1239
10,11338
10,17363
10,2884
10,8462
10,14280
10,6438
10,8732
10,4477
10,16369
10,4935
10,5545
10,10200
10,14596
10,15882
10,11791
10,2732
10,9996
10,10809
10,7499
10,9892
10,14917
10,12298
10,1843
10,9679
10,3213
10,13354
10,14384
10,14288
10,16317
10,14213
10,1021
10,8043
10,3691
10,11587
10,8801
10,8434
10,885
10,12478
10,16134
10,3139
10,533
10,16576
10,13338
10,1232
10,10425
10,6673
10,7935
10,9834
10,2785
10,3902
10,1436
10,16393
10,11561
10,1494
10,10662
10,6566
10,11344
10,12988
10,2026
10,11270
10,15252
10,15192
10,498
10,9644
10,195
10,1819
10,5427
10,13651
10,9785
10,2105
10,10940
10,16126
10,1601
10,278
10,8990
10,1015
10,5050
10,16127
10,2011
10,15339
10,5695
10,1356
10,5568
10,11253
10,11494
10,6983
10,13473
10,11523
10,6175
10,5082
10,5940
10,9196
10,9469
10,5019
10,12031
10,11905
10,9014
10,14328
10,7140
10,3033
10,12479
10,13255
10,8555
10,8609
10,16313
10,14222
10,11912
10,10389
10,6980
10,3557
10,10582
10,7051
10,13924
10,4352
10,13629
10,13173
10,2192
10,3522
10,6
10,3430
10,15597
10,4335
10,933
10,7319
10,7540
10,11169
10,8959
10,13375
10,14747
10,15989
10,15263
10,10802
10,14914
10,14005
10,8781
10,12588
10,14863
10,12542
10,16195
10,9718
10,915
10,14655
10,2292
10,14594
10,5376
10,12853
10,10080
10,8596
10,7114
10,2322
10,4062
10,14547
10,12245
10,15758
10,7621
10,10824
10,15612
10,4898
10,1628
10,15911
10,5379
10,529
10,3710
10,1285
10,3897
10,11297
10,6740
10,14561
10,1706
10,4218
10,4154
10,2432
10,14399
10,13003
10,7706
10,16093
10,6113
10,6661
10,9140
10,3504
10,1887
10,4482
10,56
10,12041
10,13414
10,7229
10,11107
10,16293
10,7246
10,4607
10,6577
10,16648
10,4132
10,15181
10,15023
10,14416
10,482
10,13795
10,10652
10,1061
10,6977
10,707
10,12716
10,9986
10,3706
10,9973
10,6287
10,6895
10,17069
10,14871
10,7234
10,2362
10,16257
10,4577
10,15784
10,11001
10,17042
10,14859
10,7688
10,10904
10,11419
10,12150
10,946
10,14161
10,1947
10,9668
10,11184
10,12626
10,14043
10,286
10,11357
10,10835
10,3417
10,7717
10,6884
10,6327
10,8389
10,8506
10,13057
10,6114
10,3174
10,11981
10,2582
10,5559
10,3603
10,17221
10,13719
10,361
10,5004
10,6393
10,3387
10,1559
10,13196
10,17427
10,16909
10,12038
10,8909
10,2745
10,16223
10,10460
10,12134
10,15013
10,10293
10,12891
10,8267
10,15994
10,8653
10,15199
10,17409
10,4587
10,9919
10,12809
10,10818
10,14833
10,3187
10,6115
10,1213
10,10536
10,8171
10,15620
10,9268
10,9272
10,1013
10,10595
10,6319
10,9961
10,10120
10,13483
10,10903
10,7726
10,17447
10,14029
10,306
10,2894
10,12415
10,9867
10,11931
10,15353
10,6512
10,7192
10,6714
10,14539
10,12561
10,13073
10,14261
10,15951
10,11287
10,841
10,3172
10,11430
10,15841
10,8923
10,15927
10,8760
10,6435
10,7582
10,4407
10,12616
10,17010
10,9018
10,3340
10,8899
10,3021
10,623
10,13327
10,16322
10,12755
10,7799
10,15120
10,1207
10,4568
10,17339
10,7289
10,13157
10,17152
10,7569
10,12060
10,7771
10,15237
10,6307
10,1238
10,3861
10,16974
10,19
10,3923
10,13966
10,13436
10,3664
10,3549
10,14826
10,58
10,3237
10,229
10,12109
10,323
10,7472
10,15195
10,10380
10,14746
10,5290
10,3892
10,15327
10,27
10,15524
10,7217
10,6440
10,9491
10,10106
10,2046
10,3744
10,11339
10,11564
10,3439
10,11076
10,14846
10,15055
10,11061
10,14664
10,16066
10,5987
10,2924
10,11653
10,568
10,11641
10,16772
10,12963
10,4017
10,13026
10,8898
10,6336
10,3741
10,13757
10,12350
10,5687
10,10158
10,13407
10,15057
10,4949
10,12118
10,6171
10,14315
10,12885
10,13174
10,9330
10,13049
10,1856
10,1831
10,8018
10,2841
10,981
10,4385
10,2308
10,14680
10,4722
10,8020
10,15760
10,16659
10,15793
10,5044
10,2875
10,9534
10,2604
10,4992
10,4083
10,9384
10,7958
10,9750
10,13171
10,13197
10,14176
10,13334
10,8435
10,15446
10,7447
10,10942
10,16871
10,279
10,1157
10,1655
10,8802
10,2383
10,8765
10,8546
10,7755
10,10214
10,12359
10,12650
10,4252
10,1076
10,2987
10,3490
10,17169
10,8151
10,3720
10,14386
10,14839
10,6766
10,6445
10,9526
10,14057
10,197
10,33
10,7915
10,3258
10,11023
10,813
10,14896
10,12475
10,12858
10,13780
10,11036
10,13489
10,1036
10,1599
10,16746
10,17379
10,5144
10,2569
10,15324
10,16416
10,4588
10,10660
10,9095
10,14942
10,12264
10,6683
10,2615
10,7705
10,14923
10,13258
10,9497
10,8956
10,3576
10,9924
10,4328
10,14323
10,15982
10,14391
10,9624
10,9708
10,11351
10,9237
10,9653
10,16626
10,4147
10,3495
10,5694
10,11949
10,17193
10,11073
10,13894
10,4072
10,15778
10,7023
10,6763
10,15876
10,462
10,11869
10,4241
10,3442
10,10837
10,10370
10,14380
10,12514
10,15174
10,15959
10,7988
10,15254
10,6025
10,16162
10,13794
10,10909
10,13767
10,4061
10,17319
10,6871
10,11490
10,6203
10,15397
10,14536
10,1296
10,13555
10,13982
10,1206
10,1005
10,17008
10,1622
10,1310
10,7998
10,6797
10,16788
10,10241
10,11425
10,2118
10,426
10,3063
10,17231
10,6872
10,14494
10,16291
10,14646
10,8523
10,12860
10,6121
10,16744
10,15746
10,7077
10,12614
10,13367
10,16817
10,15633
10,10927
10,1131
10,4314
10,16666
10,8784
10,5902
10,7954
10,2798
10,4258
10,8313
10,11609
10,13768
10,8475
10,2778
10,7367
10,12417
10,10464
10,6432
10,945
10,6002
10,3513
10,15452
10,2273
10,8716
10,9690
10,9245
10,16190
10,12746
10,6864
10,13245
10,17287
10,13451
10,10908
10,2291
10,13824
10,8306
10,16822
10,3335
10,13898
10,8629
10,13841
10,7685
10,11519
10,5997
10,9964
10,11978
10,2384
10,7681
10,7529
10,16417
10,2478
10,4901
10,10535
10,1838
10,17045
10,2626
10,4128
10,14738
10,13550
10,2547
10,9099
10,11572
10,5429
10,14251
10,16840
10,11827
10,4481
10,6317
10,16131
10,16584
10,16271
10,15534
10,1551
10,9822
10,14020
10,7742
10,14990
10,3804
10,13815
10,9956
10,6762
10,6176
10,8949
10,7535
10,10878
10,3366
10,13896
10,6325
10,1240
10,716
10,16188
10,10820
10,1413
10,10828
10,5403
10,7506
10,3904
10,2331
10,9835
10,5531
10,13592
10,9507
10,2913
10,16658
10,13305
10,14999
10,16214
10,14791
10,2551
10,16514
10,13640
10,8376
10,16146
10,16412
10,14059
10,2122
10,428
10,14423
10,6873
10,6909
10,17077
10,14044
10,9468
10,12390
10,13127
10,10699
10,15887
10,10096
10,2801
10,6088
10,3086
10,5737
10,15639
10,11715
10,9767
10,15101
10,16868
10,4996
10,3783
10,1916
10,6575
10,7603
10,8059
10,12529
10,3608
10,7177
10,6055
10,12564
10,2084
10,17015
10,6596
10,11648
10,6630
10,7595
10,2208
10,5523
10,4430
10,9074
10,6869
10,6280
10,757
10,260
10,1056
10,12527
10,6672
10,13229
10,13032
10,1898
10,6600
10,3514
10,17336
10,2286
10,14223
10,10371
10,3136
10,9169
10,3907
10,6243
10,9184
10,16598
10,6206
10,8280
10,15611
10,8812
10,14708
10,16625
10,6926
10,6991
10,2245
10,4444
10,6812
10,4411
10,13595
10,13178
10,7420
10,8242
10,12625
10,2907
10,3372
10,13219
10,2062
10,16356
10,15494
10,11709
10,8338
10,8658
10,16375
10,9375
10,11505
10,5859
10,15949
10,5639
10,11739
10,17441
10,8212
10,2614
10,8146
10,2869
10,12335
10,12192
10,4182
10,13635
10,13224
10,3352
10,11988
10,12890
10,11066
10,7635
10,14780
10,7323
10,12406
10,3484
10,3375
10,3278
10,15906
10,13781
10,12638
10,783
10,5932
11,12265
11,7631
11,1827
11,14219
11,12106
11,13500
11,5087
11,1721
11,15490
11,4325
11,5844
11,6131
11,3150
11,16774
11,15378
11,9428
11,170
11,15987
11,9175
11,9569
11,5342
11,16008
11,11219
11,4715
11,10178
11,15833
11,6122
11,13392
11,9845
11,4398
11,14814
11,4433
11,5500
11,4141
11,5477
11,1001
11,6163
11,15478
11,9933
11,12886
11,12569
11,7015
11,5950
11,660
11,16983
11,10031
11,15191
11,6358
11,12720
11,5843
11,14849
11,8445
11,3493
11,11912
11,1621
11,9267
11,14429
11,471
11,10304
11,7553
11,9817
11,5127
11,14455
11,7445
11,675
11,9506
11,1066
11,1996
11,4254
11,15962
11,3153
11,14795
11,14031
11,380
11,13703
11,2206
11,7203
11,2053
11,1051
11,14725
11,1185
11,4342
11,1177
11,2367
11,3584
11,10506
11,12239
11,8505
11,13606
11,8149
11,8554
11,17478
11,157
11,8252
11,4787
11,13126
11,10426
11,6693
11,2297
11,13253
11,15395
11,13019
11,4567
11,10688
11,8800
11,5125
11,1206
11,14487
11,5249
11,8779
11,14468
11,7791
11,14289
11,10521
11,7184
11,15871
11,16723
11,1244
11,3911
11,7739
11,4642
11,9115
11,9348
11,8994
11,482
11,9448
11,12033
11,5964
11,16035
11,2727
11,2412
11,14102
11,14248
11,647
11,2083
11,9877
11,2941
11,4279
11,11293
11,2402
11,16845
11,4334
11,12608
11,3845
11,11002
11,5448
11,14922
11,13308
11,7205
11,5024
11,13719
11,767
11,4376
11,17464
11,2144
11,185
11,4166
11,10228
11,3269
11,2050
11,14971
11,10995
11,600
11,1788
11,5861
11,15722
11,9451
11,7700
11,12811
11,921
11,16759
11,15388
11,17462
11,806
11,73
11,3574
11,8892
11,1865
11,14198
11,4546
11,7255
11,5100
11,8215
11,8153
11,2277
11,12370
11,3618
11,5211
11,10377
11,6673
11,15550
11,6125
11,1027
11,6149
11,14051
11,11962
11,5626
11,13034
11,9616
11,1545
11,5585
11,1630
11,8492
11,9940
11,15575
11,1264
11,9532
11,8455
11,2952
11,15273
11,2009
11,4934
11,7942
11,5756
11,12524
11,4652
11,12354
11,7840
11,7906
11,2007
11,12256
11,12548
11,7112
11,6631
11,4297
11,3595
11,12584
11,16993
11,15321
11,11494
11,12599
11,1209
11,1115
11,16422
11,2877
11,13594
11,10635
11,6166
11,4041
11,4602
11,8672
11,3715
11,2808
11,5543
11,16951
11,7385
11,13788
11,1798
11,6672
11,1829
11,12581
11,9636
11,8942
11,6463
11,2028
11,8181
11,5330
11,16485
11,3165
11,5507
11,14957
11,11809
11,2827
11,7243
11,10696
11,14952
11,1476
11,7398
11,15329
11,14751
11,12609
11,2036
11,11996
11,1917
11,1038
11,8332
11,15796
11,2416
11,7532
11,2730
11,3690
11,4417
11,7944
11,3668
11,17088
11,8239
11,7228
11,10421
11,7147
11,5101
11,7656
11,910
11,6501
11,15093
11,9588
11,12253
11,2540
11,13826
11,9077
11,1392
11,10596
11,12481
11,4858
11,9014
11,803
11,3274
11,4547
11,16582
11,1889
11,6124
11,3924
11,9170
11,12417
11,4686
11,5510
11,9359
11,15439
11,14334
11,4870
11,7537
11,13029
11,6374
11,14301
11,10471
11,14801
11,4688
11,12858
11,13363
11,12656
11,9087
11,2744
11,14675
11,16848
11,864
11,9484
11,1813
11,13900
11,6886
11,15527
11,15125
11,12424
11,9875
11,15190
11,16953
11,16204
11,992
11,10332
11,13196
11,3183
11,6928
11,17043
11,5292
11,8022
11,7475
11,858
11,532
11,7463
11,8263
11,11249
11,5774
11,15999
11,4696
11,13060
11,12983
11,6328
11,9
11,3932
11,13028
11,12989
11,6874
11,44
11,14505
11,46
11,8114
11,12318
11,12617
11,12756
11,13525
11,1677
11,11776
11,43
11,2346
11,11082
11,10886
11,12269
11,1382
11,4558
11,12869
11,4835
11,8600
11,1265
11,11261
11,6511
11,10093
11,16858
11,5640
11,10207
11,8636
11,5648
11,10944
11,13556
11,9212
11,6508
11,2468
11,10612
11,4474
11,5366
11,14079
11,4986
11,9243
11,3388
11,314
11,10473
11,4532
11,8412
11,14909
11,13896
11,10613
11,690
11,16635
11,13548
11,11142
11,6613
11,2157
11,16127
11,9119
11,117
11,4188
11,11610
11,16854
11,5807
11,652
11,16237
11,15449
11,9582
11,12874
11,13185
11,10405
11,7621
11,11471
11,17380
11,7685
11,11141
11,3972
11,6179
11,17211
11,13023
11,4871
11,15816
11,16526
11,13891
11,9708
11,15697
11,8401
11,3393
11,1203
11,11196
11,11330
11,15375
11,13832
11,15768
11,12381
11,11430
11,6332
11,6963
11,13957
11,16680
11,14072
11,6448
11,12034
11,5199
11,11514
11,4145
11,7389
11,4155
11,8583
11,9458
11,9725
11,11395
11,2961
11,14966
11,11177
11,657
11,10652
11,2508
11,3098
11,5226
11,3610
11,13147
11,6687
11,8398
11,7274
11,4021
11,4273
11,3484
11,15351
11,13874
11,9879
11,10250
11,2548
11,3641
11,9796
11,16601
11,424
11,6712
11,15976
11,16994
11,13066
11,300
11,10141
11,607
11,15877
11,3684
11,16870
11,11687
11,1500
11,7778
11,10244
11,6736
11,13686
11,3864
11,6043
11,15613
11,209
11,12576
11,4162
11,2560
11,1490
11,10583
11,10050
11,14247
11,15815
11,12107
11,8442
11,12654
11,8459
11,14166
11,14052
11,5351
11,4140
11,2071
11,112
11,9771
11,8592
11,1964
11,5908
11,5231
11,17409
11,8361
11,76
11,4208
11,3720
11,9576
11,139
11,11723
11,13135
11,5775
11,11191
11,16401
11,1179
11,1159
11,4070
11,13025
11,9093
11,7362
11,14799
11,10757
11,10128
11,7643
11,4216
11,4004
11,9074
11,12947
11,15474
11,12679
11,3647
11,4346
11,4722
11,16023
11,13669
11,13730
11,8928
11,13609
11,12054
11,16221
11,14956
11,843
11,8864
11,4897
11,15948
11,12978
11,11448
11,3710
11,7211
11,3086
11,440
11,5497
11,6478
11,9961
11,3861
11,13210
11,2807
11,16490
11,12703
11,10165
11,9699
11,4281
11,12691
11,7756
11,3366
11,9732
11,6986
11,4772
11,15985
11,2122
11,15954
11,6310
11,13753
11,17403
11,16052
11,2538
11,9292
11,3435
11,17177
11,7096
11,4436
11,4404
11,753
11,6903
11,13929
11,6309
11,12427
11,13650
11,9345
11,3179
11,12899
11,5321
11,16714
11,9186
11,6424
11,9233
11,4486
11,14120
11,13184
11,3197
11,13006
11,10708
11,11567
11,11480
11,10389
11,16220
11,11650
11,11756
11,12155
11,6583
11,2396
11,928
11,11931
11,9540
11,8092
11,14838
11,17188
11,10346
11,2809
11,14912
11,10999
11,15776
11,14459
11,6922
11,9251
11,8948
11,16084
11,5356
11,7661
11,3851
11,16969
11,16816
11,7902
11,14168
11,4055
11,11829
11,11896
11,15870
11,6779
11,8150
11,7033
11,13329
11,12660
11,2378
11,11936
11,14111
11,902
11,5924
11,9263
11,2631
11,11915
11,16963
11,4421
11,3316
11,10703
11,7936
11,7916
11,14991
11,3679
11,8774
11,8816
11,7901
11,8993
11,7829
11,15723
11,15540
11,3798
11,7648
11,16408
11,15568
11,12736
11,7400
11,3721
11,17068
11,8030
11,5229
11,12232
11,5552
11,3286
11,11585
11,5546
11,14780
11,9201
11,3882
11,17344
11,12163
11,645
11,14018
11,2550
11,4169
11,10634
11,16022
11,3745
11,14827
11,10915
11,16280
11,17074
11,5449
11,3791
11,681
11,8930
11,6844
11,9780
11,890
11,13925
11,4428
11,4648
11,9419
11,16641
11,16934
11,13350
11,12562
11,14681
11,14874
11,7735
11,183
11,9500
11,4018
11,16181
11,7145
11,16518
11,4408
11,7766
11,10322
11,308
11,13516
11,13733
11,16117
11,1514
11,16012
11,4943
11,6996
11,10491
11,7918
11,16047
11,12770
11,14270
11,17019
11,11657
11,3045
11,16409
11,1294
11,8387
11,1919
11,4785
11,3849
11,6465
11,15023
11,13911
11,7937
11,14321
11,13131
11,979
11,12623
11,14864
11,3747
11,501
11,14327
11,13471
11,879
11,5148
11,8274
11,2848
11,13856
11,2529
11,3954
11,9178
11,10257
11,1343
11,13704
11,16368
11,14465
11,7890
11,665
11,14407
11,178
11,2852
11,5244
11,3738
11,15827
11,5429
11,13231
11,17224
11,14853
11,2109
11,12905
11,15914
11,11155
11,8954
11,152
11,13106
11,12095
11,6318
11,5378
11,679
11,10911
11,8249
11,8689
11,12357
11,4617
11,8722
11,4714
11,2996
11,3438
11,3432
11,15213
11,10963
11,17118
11,10229
11,5305
11,5240
11,7848
11,11260
11,10728
11,16000
11,2379
11,12641
11,10917
11,3888
11,10095
11,16898
11,10601
11,3681
11,12907
11,9613
11,4670
11,14947
11,14422
11,216
11,7479
11,13992
11,10379
11,10591
11,17121
11,2634
11,11158
11,13590
11,11043
11,11504
11,14650
11,11218
11,12211
11,5849
11,8981
11,15269
11,5439
11,7412
11,16841
11,1030
11,8584
11,5293
11,5990
11,10400
11,1636
11,10411
11,5733
11,3985
11,17381
11,6588
11,825
11,2582
11,6297
11,6225
11,9230
11,9337
11,11847
11,16203
11,13383
11,1434
11,6018
11,16900
11,4043
11,7606
11,7155
11,155
11,10441
11,4820
11,8121
11,10359
11,11577
11,15765
11,2829
11,13816
11,1642
11,12671
11,10107
11,1975
11,7596
11,5413
11,12904
11,5465
11,10812
11,9461
11,9891
11,11342
11,5681
11,10996
11,5785
11,4973
11,9675
11,8940
11,1906
11,2284
11,2780
11,16614
11,15020
11,5577
11,2325
11,16606
11,6623
11,16857
11,9974
11,13409
11,13327
11,3365
11,571
11,11908
11,6734
11,3731
11,74
11,3463
11,609
11,6348
11,859
11,13428
11,17178
11,14631
11,2535
11,8299
11,3390
11,13140
11,9146
11,6259
11,15267
11,621
11,9463
11,16732
11,1692
11,7525
11,12792
11,7866
11,5597
11,434
11,6766
11,10490
11,17103
11,3043
11,8614
11,1547
11,3606
11,819
11,3501
11,16271
11,15698
11,11601
11,4527
11,3975
11,4638
11,11551
11,8213
11,15022
11,2937
11,16509
11,7435
11,1449
11,11623
11,17018
11,13621
11,12929
11,2046
11,56
11,2647
11,6275
11,5459
11,478
11,8171
11,16771
11,14652
11,3371
11,8843
11,4933
11,3364
11,5609
11,7223
11,16529
11,4824
11,13224
11,15107
11,14607
11,11169
11,13549
11,12776
11,443
11,7770
11,3546
11,14586
11,11423
11,11861
11,2958
11,7943
11,11207
11,13819
11,2174
11,11022
11,11918
11,1787
11,266
11,9769
11,12270
11,9274
11,6980
11,14210
11,4576
11,2717
11,16826
11,16683
11,12408
11,12254
11,7857
11,13631
11,5001
11,9284
11,10233
11,11018
11,274
11,3391
11,11834
11,4881
11,2765
11,527
11,7292
11,8335
11,12473
11,11700
11,6646
11,16598
11,326
11,12615
11,16990
11,8172
11,17077
11,13305
11,13533
11,12854
11,9684
11,9032
11,16145
11,193
11,10993
11,15090
11,16160
11,8019
11,11424
11,12571
11,7213
11,7663
11,16416
11,16674
11,14418
11,9739
11,3020
11,10928
11,2684
11,8704
11,15802
11,12605
11,11013
11,4247
11,7614
11,4201
11,2344
11,5663
11,371
11,13912
11,10796
11,9548
11,15931
11,14172
11,16569
11,11926
11,129
11,1729
11,8732
11,14083
11,4205
11,5281
11,5857
11,765
11,17105
11,1067
11,15990
11,3426
11,949
11,9744
11,6405
11,12590
11,12414
11,8229
11,10413
11,14368
11,8755
11,162
11,1196
11,10621
11,15154
11,9459
11,16450
11,9778
11,1752
11,15505
11,15925
11,14593
11,9666
11,12185
11,5969
11,321
11,5237
11,15739
11,4689
11,10288
11,6151
11,154
11,1705
11,1878
11,7189
11,4037
11,10271
11,13739
11,14218
11,15334
11,12694
11,1376
11,8824
11,16293
11,12153
11,9388
11,15350
11,3120
11,476
11,2556
11,885
11,4187
11,7979
11,12958
11,1868
11,16175
11,2704
11,4119
11,11063
11,6367
11,3656
11,10066
11,7440
11,4912
11,5697
11,7789
11,15204
11,7977
11,14341
11,1593
11,1337
11,15343
11,16304
11,2797
11,2362
11,11453
11,9218
11,17448
11,9893
11,11318
11,7287
11,13351
11,17078
11,14205
11,9811
11,11068
11,6236
11,7049
11,4551
11,12387
11,9443
11,7290
11,16473
11,1271
11,2271
11,14610
11,13539
11,7806
11,1526
11,10515
11,7538
11,9996
11,1862
11,1934
11,9526
11,1738
11,17302
11,4764
11,16837
11,14049
11,17107
11,12870
11,4601
11,16062
11,10788
11,16772
11,15487
11,10397
11,11376
11,6260
11,3156
11,8015
11,12894
11,10749
11,8045
11,4190
11,1684
11,12560
11,4609
11,16865
11,6869
11,6838
11,6895
11,3677
11,15762
11,3840
11,6299
11,14511
11,8189
11,2401
11,10008
11,8160
11,1908
11,8394
11,844
11,5117
11,15455
11,15248
11,15728
11,10463
11,4501
11,13087
11,13841
11,11719
11,17090
11,4581
11,17327
11,11147
11,14380
11,4916
11,8314
11,13263
11,15570
11,12644
11,11692
11,1394
11,4126
11,8513
11,1605
11,3827
11,12126
11,9530
11,7365
11,1776
11,15820
11,8139
11,4734
11,15525
11,14565
11,6431
11,5833
11,11212
11,5917
11,15077
11,14057
11,13477
11,4865
11,7842
11,16405
11,3857
11,5005
11,6738
11,11053
11,14030
11,12470
11,6896
11,13212
11,2099
11,11779
11,299
11,10386
11,14340
11,14890
11,7718
11,1698
11,2601
11,6889
11,13656
11,12640
11,5405
11,4458
11,13276
11,6520
11,16242
11,12557
11,9187
11,7143
11,5354
11,5045
11,11262
11,3878
11,17357
11,7254
11,2018
11,16212
11,3730
11,3885
11,11716
11,136
11,8287
11,2714
11,9984
11,8286
11,8524
11,13075
11,4533
11,3635
11,11505
11,14211
11,10669
11,16260
11,7115
11,2881
11,2173
11,11643
11,3280
11,13390
11,2888
11,3855
11,8338
11,13186
11,11056
11,1442
11,9379
11,15531
11,2981
11,16811
11,15296
11,8374
11,9322
11,8343
11,5944
11,13904
11,14537
11,7877
11,16889
11,868
11,11073
11,5418
11,2285
11,8707
11,4770
11,13515
11,10883
11,16905
11,619
11,14636
11,13278
11,11843
11,4212
11,9321
11,12193
11,10109
11,932
11,10520
11,10328
11,9951
11,10277
11,9598
11,12614
11,408
11,10018
11,2209
11,7322
11,16996
11,13094
11,2288
11,11390
11,3506
11,6184
11,10798
11,15649
11,7691
11,9758
11,4645
11,9316
11,6380
11,16011
11,1759
11,6372
11,16214
11,286
11,7683
11,533
11,14887
11,3428
11,16989
11,6548
11,8594
11,2929
11,4448
11,5355
11,3406
11,17257
11,2850
11,5948
11,10889
11,10599
11,15873
11,7174
11,16685
11,16558
11,15622
11,6609
11,11134
11,13002
11,3950
11,16093
11,5575
11,4152
11,12515
11,11822
11,6618
11,2812
11,5973
11,16897
11,7030
11,1840
11,4102
11,957
11,11454
11,1060
11,12908
11,4164
11,8289
11,6778
11,6010
11,8269
11,3074
11,14534
11,7754
11,9764
11,11385
11,10774
11,17252
11,12619
11,15063
11,8736
11,16658
11,14421
11,2291
11,3718
11,12767
11,14691
11,6276
11,15653
11,4739
11,1931
11,1811
11,2968
11,2790
11,17349
11,14600
11,13519
11,6234
11,11439
11,3139
11,14224
11,5662
11,16455
11,12924
11,7069
11,5058
11,6368
11,10614
11,14644
11,13154
11,13144
11,10579
11,16404
11,3122
11,16863
11,10825
11,11481
11,4226
11,12291
11,15168
11,6757
11,13375
11,4038
11,662
11,4422
11,13993
11,579
11,4058
11,1266
11,6692
11,2314
11,11115
11,9555
11,16470
11,427
11,13551
11,17014
11,14517
11,11251
11,16472
11,14082
11,10282
11,5332
11,4822
11,6783
11,13814
11,11704
11,298
11,10262
11,10387
11,6295
11,16322
11,13295
11,10361
11,6159
11,912
11,16417
11,4377
11,17328
11,7050
11,11080
11,8173
11,11258
11,29
11,8236
11,16017
11,4969
11,7966
11,1954
11,9529
11,13956
11,17371
11,742
11,17312
11,16481
11,17020
11,6624
11,9512
11,16475
11,15073
11,6182
11,10835
11,687
11,16478
11,7471
11,9343
11,11889
11,8919
11,465
11,5470
11,15901
11,4196
11,4792
11,911
11,7805
11,1863
11,11313
11,15821
11,2650
11,11478
11,7136
11,4927
11,10382
11,14580
11,962
11,13834
11,13840
11,11274
11,2138
11,1696
11,3445
11,6428
11,16436
11,11168
11,6268
11,6447
11,14118
11,5949
11,10355
11,4728
11,17268
11,7820
11,15360
11,2627
11,13430
11,13359
11,5162
11,10131
11,3410
11,2664
11,12540
11,7740
11,10909
11,12672
11,14021
11,9850
11,10753
11,8097
11,122
11,5434
11,9384
11,14859
11,9839
11,9857
11,8276
11,12169
11,7821
11,7633
11,7613
11,7929
11,5593
11,9314
11,7788
11,6377
11,2055
11,6721
11,9474
11,5225
11,2101
11,10577
11,956
11,9802
11,12422
11,9807
11,3589
11,16158
11,2738
11,6320
11,14000
11,814
11,1486
11,13664
11,9199
11,15051
11,1511
11,9670
11,16709
11,17326
11,15743
11,16903
11,2826
11,6200
11,15922
11,2756
11,4795
11,627
11,9646
11,12191
11,15576
11,5085
11,16815
11,833
11,13724
11,5634
11,8082
11,815
11,12018
11,651
11,6682
11,14393
11,15936
11,14231
11,6114
11,3233
11,14014
11,15019
11,16174
11,14364
11,9664
11,10380
11,5867
11,11722
11,13243
11,4246
11,4836
11,1582
11,175
11,13073
11,7321
11,3346
11,1803
11,186
11,16716
11,8688
11,3879
11,3151
11,6917
11,7473
11,3705
11,13836
11,15282
11,2900
11,11431
11,5423
11,16432
11,2320
11,5041
11,3732
11,4918
11,14272
11,4566
11,4732
11,5360
11,1323
11,1913
11,10626
11,2380
11,5580
11,15551
11,1935
11,12851
11,12771
11,7432
11,1929
11,6491
11,4789
11,2483
11,13805
11,15795
11,14812
11,2353
11,8090
11,6399
11,6622
11,10256
11,16228
11,3832
11,17106
11,7497
11,13314
11,3424
11,7249
11,4469
11,1224
11,15140
11,14356
11,10157
11,15266
11,7149
11,3335
11,3897
11,12356
11,6732
11,5532
11,15470
11,14075
11,10167
11,11476
11,11695
11,14948
11,10106
11,3227
11,14797
11,10949
11,1702
11,10351
11,14723
11,14093
11,7289
11,3420
11,7226
11,3321
11,9229
11,9510
11,1986
11,1708
11,15646
11,16224
11,1190
11,6812
11,2296
11,9724
11,2373
11,6674
11,12732
11,4213
11,1489
11,14704
11,12990
11,16371
11,16348
11,11129
11,4185
11,6759
11,4315
11,17098
11,4992
11,8013
11,2660
11,16559
11,2514
11,11224
11,15874
11,9177
11,3159
11,7814
11,3858
11,270
11,2236
11,8127
11,10800
11,7765
11,6229
11,17089
11,3650
11,7978
11,7346
11,15533
11,13129
11,11061
11,10782
11,12506
11,12008
11,4556
11,11930
11,14035
11,8026
11,6492
11,14462
11,8073
11,1809
11,984
11,11062
11,15554
11,8693
11,14720
11,10687
11,86
11,17390
11,6524
11,7900
11,17223
11,6702
11,15928
11,6898
11,5195
11,4959
11,15335
11,221
11,9844
11,5636
11,15059
11,9446
11,9697
11,6774
11,5701
11,14688
11,1270
11,3278
11,5503
11,14074
11,10129
11,9285
11,5067
11,10429
11,1246
11,696
11,3529
11,6892
11,13735
11,3266
11,11787
11,3291
11,2201
11,7610
11,1725
11,10292
11,5142
11,8035
11,12674
11,1178
11,457
11,12923
11,6655
11,5054
11,6775
11,17458
11,15017
11,13391
11,7871
11,4842
11,3123
11,16822
11,9364
11,16308
11,13335
11,15711
11,15270
11,10777
11,12981
11,12450
11,8154
11,14310
11,5010
11,1607
11,2921
11,7782
11,1279
11,6680
11,10232
11,65
11,16844
11,9181
11,13039
11,7696
11,5787
11,9595
11,16883
11,10326
11,7373
11,5276
11,10085
11,12900
11,2625
11,3904
11,1277
11,17306
11,16727
11,13729
11,17133
11,1426
11,14988
11,16431
11,7376
11,4229
11,11358
11,503
11,6749
11,3252
11,5243
11,3659
11,1322
11,9625
11,259
11,8368
11,3629
11,13195
11,16190
11,9937
11,4324
11,1069
11,3331
11,14854
11,324
11,10988
11,15237
11,12393
11,6267
11,1944
11,10888
11,15208
11,11460
11,11785
11,16065
11,5961
11,5712
11,14366
11,14271
11,5443
11,2769
11,2897
11,7428
11,6802
11,17029
11,5323
11,14259
11,10826
11,11531
11,7774
11,9859
11,13362
11,8705
11,14985
11,94
11,9672
11,315
11,16154
11,7579
11,977
11,16537
11,3287
11,16187
11,12050
11,4695
11,4596
11,15039
11,3728
11,11180
11,14816
11,7426
11,4993
11,3249
11,13115
11,7084
11,903
11,8258
11,11933
11,1301
11,11276
11,7803
11,14541
11,5104
11,6206
11,917
11,14842
11,10989
11,6201
11,1104
11,2734
11,12603
11,6401
11,17214
11,7617
11,8998
11,15952
11,16609
11,7581
11,2678
11,11436
11,14638
11,3305
11,4472
11,16107
11,11234
11,11300
11,7116
11,11443
11,13045
11,14628
11,14345
11,17162
11,16
11,9106
11,8904
11,14779
11,3409
11,4939
11,6014
11,6788
11,16939
11,10035
11,2984
11,6854
11,6126
11,12097
11,8498
11,106
11,10181
11,9673
11,15146
11,12537
11,5247
11,12264
11,11701
11,13239
11,11586
11,17476
11,14941
11,9272
11,13986
11,11133
11,1452
11,14342
11,9573
11,14651
11,13870
11,8256
11,7393
11,11089
11,2523
11,13382
11,12082
11,5835
11,5806
11,9715
11,4363
11,11408
11,12317
11,10905
11,15387
11,6850
11,10830
11,269
11,9283
11,2293
11,16464
11,7404
11,6507
11,12128
11,8593
11,12243
11,2162
11,4286
11,16355
11,3829
11,17042
11,13366
11,444
11,836
11,1540
11,13523
11,13973
11,6513
11,2843
11,1412
11,246
11,17290
11,7749
11,5265
11,275
11,3583
11,9896
11,13809
11,470
11,2001
11,4064
11,8765
11,16906
11,9943
11,9815
11,15725
11,363
11,15572
11,12781
11,10369
11,10756
11,4694
11,17433
11,12319
11,11689
11,4292
11,699
11,12822
11,16164
11,2273
11,11104
11,6489
11,51
11,2421
11,2519
11,15250
11,2759
11,1289
11,7043
11,13787
11,11724
11,12993
11,4910
11,9528
11,9129
11,6621
11,10013
11,9481
11,1836
11,1275
11,13883
11,12795
11,14458
11,3290
11,173
11,7374
11,82
11,7903
11,14283
11,16575
11,16734
11,2927
11,16932
11,11166
11,14490
11,345
11,10691
11,11198
11,15417
11,8132
11,9668
11,1397
11,12469
11,9698
11,4588
11,11662
11,1523
11,9711
11,10897
11,10080
11,12102
11,15199
11,13244
11,15778
11,15588
11,5513
11,5499
11,13082
11,2950
11,7437
11,11264
11,3597
11,11578
11,10940
11,4875
11,12094
11,13639
11,3275
11,6826
11,4476
11,16318
11,516
11,3199
11,12827
11,10693
11,16336
11,8281
11,13145
11,133
11,2496
11,7584
11,1123
11,10237
11,11165
11,17289
11,13068
11,8944
11,2895
11,16281
11,4640
11,8983
11,3833
11,6031
11,4012
11,8011
11,15244
11,11871
11,11741
11,11743
11,14264
11,12697
11,3372
11,2479
11,11281
11,4658
11,557
11,11997
11,4791
11,1478
11,13405
11,4170
11,2492
11,4221
11,5222
11,17406
11,6263
11,15185
11,6356
11,11605
11,11675
11,16927
11,96
11,6694
11,8771
11,15867
11,3640
11,10350
11,12384
11,9061
11,8931
11,11864
11,12174
11,16681
11,6074
11,16760
11,3561
11,4010
11,14056
11,7809
11,11221
11,4724
11,16232
11,5642
11,16234
11,13859
11,9421
11,13810
11,12380
11,9279
11,786
11,11676
11,13996
11,8205
11,4978
11,7574
11,11319
11,6407
11,12389
11,7286
11,521
11,13625
11,14532
11,16713
11,9921
11,16633
11,17456
11,1596
11,10103
11,5616
11,10286
11,5021
11,8350
11,14965
11,2608
11,3537
11,5595
11,6455
11,5196
11,5145
11,12852
11,15565
11,16640
11,9273
11,17412
11,8747
11,12845
11,12123
11,5488
11,8108
11,12362
11,13531
11,7277
11,14204
11,3205
11,793
11,6391
11,12212
11,14826
11,16346
11,16520
11,4885
11,6561
11,4757
11,969
11,7672
11,8557
11,5273
11,16440
11,6319
11,14175
11,10010
11,9818
11,15315
11,10376
11,8574
11,16270
11,4778
11,4830
11,7353
11,6686
11,13339
11,8870
11,6104
11,15405
11,5044
11,11489
11,9130
11,15626
11,9070
11,13309
11,6272
11,9667
11,12491
11,4737
11,15926
11,1633
11,11654
11,16553
11,2332
11,3559
11,11849
11,13146
11,5221
11,1359
11,12167
11,2093
11,5624
11,190
11,11640
11,15713
11,11220
11,11706
11,16859
11,10549
11,15225
11,14410
11,14978
11,3676
11,13258
11,3328
11,7126
11,13693
11,16588
11,10454
11,5792
11,6515
11,14038
11,7983
11,15217
11,2322
11,1810
11,15703
11,8240
11,13785
11,5460
11,16362
11,12236
11,11316
11,15423
11,6191
11,5830
11,10592
11,7175
11,6856
11,4367
11,16261
11,1448
11,6081
11,3579
11,14535
11,10673
11,341
11,9079
11,12059
11,6684
11,2834
11,12866
11,5989
11,2892
11,10150
11,14457
11,11394
11,505
11,4712
11,7117
11,14244
11,14138
11,17152
11,9600
11,1295
11,4195
11,5002
11,3949
11,6961
11,14419
11,8654
11,2152
11,12472
11,5361
11,5832
11,3952
11,16552
11,16110
11,9551
11,6283
11,13658
11,9375
11,3622
11,11562
11,10595
11,8649
11,17013
11,11604
11,1142
11,3553
11,8007
11,5987
11,2490
11,12538
11,3226
11,15386
11,4710
11,5759
11,757
11,14914
11,5554
11,10241
11,15214
11,16581
11,16585
11,5783
11,11047
11,16329
11,87
11,4667
11,8541
11,12268
11,13830
11,2395
11,2835
11,14880
11,12455
11,9843
11,8784
11,6809
11,5472
11,1626
11,8118
11,2118
11,13887
11,16505
11,14518
11,1097
11,5209
11,6987
11,13432
11,493
11,6573
11,8319
11,7758
11,11636
11,6250
11,10139
11,15187
11,1349
11,8116
11,1492
11,1651
11,12358
11,12403
11,12957
11,8691
11,15044
11,1777
11,8872
11,5680
11,9949
11,14099
11,4036
11,8728
11,3299
11,17287
11,17120
11,2640
11,16700
11,7399
11,11965
11,15291
11,3784
11,13688
11,9793
11,3944
11,12304
11,5716
11,14753
11,9495
11,15749
11,16121
11,4046
11,12013
11,1755
11,8129
11,12847
11,5452
11,5392
11,14492
11,17099
11,7546
11,6589
11,11173
11,16825
11,1385
11,7018
11,12559
11,7625
11,3555
11,13378
11,5888
11,4204
11,11777
11,15009
11,334
11,6724
11,12723
11,16251
11,1691
11,16753
11,8697
11,6030
11,17012
11,2932
11,7265
11,10568
11,9089
11,3502
11,11589
11,9800
11,14182
11,7895
11,8639
11,9784
11,13812
11,1355
11,3962
11,8201
11,7852
11,10399
11,5349
11,9434
11,6457
11,2943
11,8516
11,930
11,16708
11,9232
11,12139
11,11747
11,2872
11,9206
11,2386
11,1498
11,3191
11,7020
11,15349
11,688
11,14493
11,8609
11,6470
11,416
11,1079
11,11947
11,11855
11,12888
11,7218
11,13852
11,2084
11,377
11,2820
11,8136
11,13330
11,16894
11,10810
11,3228
11,4410
11,10215
11,2972
11,10420
11,15955
11,17353
11,9635
11,17052
11,4917
11,1436
11,4462
11,8178
11,13600
11,13200
11,9064
11,15497
11,338
11,11806
11,3010
11,16364
11,5161
11,11357
11,2646
11,188
11,15654
11,15495
11,7186
11,13188
11,16910
11,10622
11,7819
11,10655
11,12727
11,13071
11,2233
11,17207
11,3910
11,7319
11,13133
11,10513
11,14781
11,28
11,3315
11,15450
11,7736
11,9648
11,12322
11,6120
11,11533
11,16607
11,15014
11,12146
11,11559
11,672
11,9012
11,1609
11,13379
11,9701
11,2617
11,13090
11,17322
11,8365
11,13423
11,5057
11,2375
11,9103
11,4356
11,16244
11,3919
11,10363
11,7987
11,5517
11,590
11,7909
11,6473
11,5048
11,9999
11,10710
11,15641
11,3080
11,3433
11,13807
11,9904
11,3607
11,2289
11,15780
11,11252
11,12148
11,12772
11,1086
11,4504
11,16618
11,7282
11,4258
11,11513
11,3867
11,4983
11,10291
11,14687
11,7304
11,3923
11,10868
11,13506
11,6966
11,12973
11,11092
11,49
11,10538
11,2334
11,3397
11,4330
11,11848
11,1192
11,3653
11,7011
11,23
11,14365
11,17427
11,15032
11,13173
11,15979
11,7167
11,11603
11,13616
11,6747
11,15390
11,789
11,6921
11,3480
11,9813
11,11140
11,1170
11,12371
11,48
11,14611
11,16958
11,8633
11,5531
11,3272
11,15745
11,15988
11,14656
11,8996
11,8545
11,16736
11,11999
11,8122
11,13865
11,5304
11,9323
11,6167
11,11468
11,8271
11,2056
11,13684
11,9168
11,17213
11,8405
11,10045
11,15710
11,16790
11,2260
11,7182
11,14981
11,6831
11,3439
11,10965
11,5764
11,4013
11,14238
11,8390
11,14133
11,14062
11,14697
11,12872
11,5407
11,3004
11,9806
11,3046
11,5181
11,14324
11,11365
11,10641
11,15617
11,5147
11,4259
11,419
11,4264
11,1029
11,16013
11,8573
11,9073
11,5083
11,1312
11,6433
11,9827
11,9980
11,1709
11,3769
11,12523
11,13988
11,2611
11,11345
11,1464
11,14476
11,7278
11,5605
11,6764
11,16363
11,10918
11,5795
11,15866
11,6806
11,1515
11,15886
11,5296
11,3965
11,242
11,13517
11,4359
11,3126
11,313
11,4449
11,13108
11,5866
11,8238
11,3361
11,15308
11,5464
11,12196
11,3490
11,17471
11,3411
11,15132
11,5938
11,10485
11,2922
11,15719
11,3518
11,2558
11,11797
11,10294
11,8488
11,12080
11,7647
11,7338
11,8379
11,11537
11,8686
11,16226
11,12237
11,862
11,17031
11,958
11,1885
11,4399
11,13779
11,13394
11,5300
11,5946
11,15581
11,1395
11,11846
11,10624
11,1332
11,3175
11,12933
11,11378
11,11172
11,12961
11,1347
11,14165
11,9785
11,5345
11,13622
11,10453
11,13417
11,11228
11,16523
11,3452
11,16467
11,3633
11,12404
11,2104
11,14188
11,17382
11,16895
11,14263
11,11862
11,11308
11,16199
11,2578
11,498
11,6143
11,10997
11,3971
11,5035
11,6461
11,8938
11,12127
11,17060
11,6614
11,15823
11,3797
11,6450
11,16517
11,4812
11,10558
11,15203
11,16037
11,3762
11,7865
11,13313
11,13020
11,9202
11,93
11,12446
11,5538
11,4339
11,14932
11,3476
11,1379
11,8903
11,7985
11,17221
11,8684
11,10021
11,3608
11,14152
11,6991
11,254
11,3407
11,3125
11,4287
11,7008
11,4183
11,13587
11,4531
11,13766
11,3682
11,11819
11,123
11,13269
11,5286
11,16789
11,4930
11,1898
11,10970
11,14274
11,14402
11,14707
11,16730
11,13139
11,11237
11,10772
11,16972
11,385
11,13255
11,4802
11,12759
11,330
11,15771
11,452
11,7853
11,8658
11,12693
11,5271
11,15339
11,3693
11,1035
11,9281
11,210
11,2064
11,1891
11,2707
11,9669
11,10631
11,15346
11,7310
11,3538
11,2899
11,14243
11,14970
11,5234
11,13691
11,13634
11,374
11,15364
11,7066
11,8907
11,14863
11,1769
11,12459
11,11379
11,5337
11,4804
11,7059
11,9308
11,9400
11,3533
11,631
11,9278
11,942
11,10600
11,12069
11,3405
11,12527
11,81
11,4838
11,4587
11,7533
11,8890
11,15399
11,15665
11,13855
11,9920
11,6108
11,4380
11,11179
11,17425
11,10243
11,6677
11,11786
11,5671
11,3091
11,2645
11,1578
11,16420
11,15809
11,3591
11,3320
11,1655
11,16433
11,12701
11,7433
11,9371
11,8763
11,4771
11,14690
11,13740
11,14599
11,9380
11,13889
11,9628
11,10049
11,1002
11,8304
11,16307
11,13964
11,11149
12,11470
12,5932
12,15164
12,17321
12,9438
12,14223
12,2240
12,14044
12,14756
12,14429
12,4925
12,2885
12,1462
12,10348
12,3428
12,15587
12,9931
12,2346
12,5782
12,5640
12,11457
12,8749
12,9683
12,15574
12,12171
12,14722
12,14851
12,16205
12,16383
12,3442
12,11536
12,7939
12,17027
12,11022
12,16469
12,6611
12,1665
12,9975
12,14349
12,16071
12,1561
12,2311
12,4760
12,13634
12,7849
12,4414
12,5965
12,16542
12,4601
12,4823
12,852
12,13347
12,14597
12,16221
12,10172
12,7920
12,6438
12,171
12,1849
12,1233
12,8818
12,11492
12,13456
12,17244
12,3559
12,8639
12,13310
12,15695
12,2715
12,9739
12,5785
12,15470
12,11629
12,7057
12,12510
12,3931
12,9000
12,4039
12,7988
12,2057
12,12714
12,8430
12,9081
12,11751
12,9004
12,13735
12,6587
12,3679
12,16177
12,7781
12,1631
12,5491
12,5374
12,10936
12,10438
12,673
12,16206
12,6530
12,5101
12,15328
12,6161
12,10939
12,7844
12,11301
12,9561
12,16253
12,10672
12,1920
12,12979
12,12010
12,9846
12,12435
12,1016
12,16085
12,7882
12,17467
12,12387
12,577
12,6533
12,12615
12,2144
12,13982
12,12928
12,15819
12,6882
12,4837
12,8474
12,13988
12,515
12,14155
12,8313
12,15202
12,14367
12,5211
12,7490
12,9159
12,8586
12,15994
12,4049
12,10509
12,7299
12,17296
12,17204
12,4966
12,17453
12,14754
12,2728
12,6932
12,6681
12,7796
12,1599
12,433
12,16730
12,16987
12,2404
12,1062
12,13835
12,17226
12,16486
12,4436
12,2245
12,4209
12,7287
12,3246
12,3928
12,10134
12,1575
12,1736
12,14405
12,4238
12,12462
12,4751
12,8427
12,1875
12,12912
12,16468
12,11994
12,4002
12,1779
12,10044
12,5306
12,4893
12,13780
12,10574
12,9370
12,4989
12,8216
12,13860
12,10561
12,11647
12,63
12,10707
12,4220
12,1572
12,15639
12,3467
12,1577
12,4186
12,668
12,15797
12,15907
12,7760
12,5746
12,11364
12,7382
12,703
12,14300
12,10851
12,8909
12,3923
12,2688
12,3216
12,2484
12,12740
12,4752
12,2412
12,17069
12,14750
12,12540
12,10607
12,3267
12,4482
12,12680
12,427
12,8327
12,9687
12,7660
12,7820
12,11259
12,14110
12,3498
12,3033
12,9873
12,6589
12,15873
12,10990
12,7663
12,5610
12,1747
12,2646
12,8551
12,5952
12,5624
12,14696
12,3614
12,12558
12,4469
12,13168
12,8520
12,16634
12,14755
12,5108
12,4588
12,9431
12,3786
12,10254
12,4521
12,7199
12,8018
12,569
12,15985
12,15527
12,6899
12,9061
12,14796
12,15887
12,16815
12,8209
12,8454
12,16311
12,191
12,7645
12,9645
12,8867
12,14442
12,5459
12,3259
12,4824
12,12556
12,10361
12,7511
12,4882
12,8302
12,2664
12,4848
12,7069
12,10880
12,15885
12,2097
12,9281
12,8992
12,17079
12,12230
12,12274
12,9638
12,12763
12,9025
12,5269
12,1845
12,2393
12,10893
12,3452
12,3110
12,8270
12,16329
12,10744
12,7605
12,14811
12,7163
12,17245
12,17457
12,3349
12,1473
12,10918
12,10342
12,7028
12,8999
12,16641
12,16218
12,16094
12,615
12,3111
12,1402
12,3149
12,6175
12,10671
12,2023
12,11622
12,12621
12,15182
12,296
12,8378
12,8195
12,2329
12,9673
12,183
12,10074
12,10295
12,10096
12,81
12,14573
12,11053
12,254
12,8312
12,7125
12,9522
12,15013
12,17312
12,1395
12,13927
12,14021
12,3223
12,16978
12,3924
12,11271
12,2322
12,16236
12,14115
12,7930
12,14578
12,16965
12,9031
12,10732
12,5222
12,9609
12,6426
12,12208
12,10813
12,6577
12,16632
12,17294
12,5510
12,9516
12,7445
12,7728
12,17203
12,10463
12,11618
12,86
12,15184
12,4540
12,16733
12,14537
12,2281
12,4332
12,12885
12,2136
12,3739
12,12591
12,8938
12,9396
12,156
12,6248
12,5294
12,14342
12,16443
12,11028
12,593
12,5091
12,3188
12,12662
12,5299
12,4408
12,5866
12,5173
12,15212
12,2508
12,6138
12,14279
12,5009
12,6201
12,15067
12,6067
12,6268
12,5710
12,12513
12,3707
12,133
12,1265
12,12113
12,3982
12,16204
12,11224
12,8692
12,9240
12,4584
12,4179
12,16870
12,10058
12,1517
12,9732
12,11003
12,4154
12,5558
12,14952
12,14959
12,16604
12,7218
12,4550
12,9752
12,16901
12,16651
12,3987
12,13815
12,16992
12,12467
12,11511
12,7308
12,5927
12,322
12,13665
12,4627
12,6601
12,258
12,3364
12,6705
12,5621
12,10631
12,14428
12,5658
12,1522
12,4739
12,948
12,10461
12,2947
12,294
12,13560
12,641
12,5620
12,15488
12,5316
12,16517
12,12164
12,13674
12,2760
12,10655
12,12112
12,9888
12,12229
12,13066
12,1922
12,7708
12,9606
12,12349
12,669
12,7730
12,1719
12,8431
12,7933
12,1278
12,397
12,13449
12,11986
12,17324
12,5744
12,7011
12,6772
12,16645
12,2502
12,2062
12,9423
12,4965
12,12013
12,4643
12,16114
12,6822
12,62
12,12136
12,6762
12,10379
12,5874
12,11217
12,6157
12,11075
12,15921
12,7326
12,616
12,15661
12,9998
12,11560
12,10885
12,16649
12,9955
12,6769
12,13155
12,6272
12,250
12,9922
12,4462
12,5718
12,12880
12,8494
12,16275
12,14387
12,3150
12,16813
12,4107
12,1117
12,9550
12,11474
12,2608
12,4803
12,12402
12,6982
12,6237
12,8886
12,10717
12,15803
12,15256
12,1725
12,16647
12,16880
12,9349
12,13589
12,7010
12,13836
12,10239
12,4800
12,699
12,13675
12,2730
12,13854
12,6605
12,6241
12,15800
12,16625
12,16016
12,7330
12,4679
12,16699
12,10502
12,3376
12,4362
12,5359
12,17200
12,6655
12,1797
12,456
12,2904
12,13121
12,1940
12,11472
12,11347
12,14121
12,341
12,15445
12,1029
12,5504
12,16171
12,3072
12,14863
12,10188
12,13216
12,4696
12,3202
12,9071
12,12881
12,11149
12,4485
12,14360
12,7788
12,9436
12,15394
12,15785
12,6607
12,11517
12,4467
12,4062
12,6215
12,13138
12,11143
12,714
12,7997
12,884
12,10299
12,2107
12,14317
12,13576
12,9983
12,17107
12,2423
12,11929
12,2984
12,5341
12,5391
12,11812
12,11272
12,3264
12,13739
12,8127
12,16142
12,9393
12,7458
12,12951
12,13388
12,4420
12,5178
12,1440
12,14301
12,5506
12,16055
12,9894
12,1367
12,197
12,92
12,10169
12,17023
12,11734
12,14166
12,9063
12,14837
12,11372
12,781
12,2716
12,4693
12,16259
12,13608
12,11585
12,13408
12,16587
12,16164
12,4613
12,11765
12,13362
12,10100
12,2790
12,5317
12,17451
12,2409
12,7870
12,14117
12,7033
12,1281
12,8565
12,12434
12,1833
12,5840
12,9574
12,5808
12,880
12,6367
12,6503
12,3459
12,13380
12,16640
12,9753
12,13551
12,13938
12,7737
12,10017
12,11521
12,10510
12,13404
12,11499
12,7878
12,7809
12,9657
12,4239
12,3514
12,6147
12,16853
12,5219
12,12002
12,2584
12,1102
12,9532
12,8723
12,2074
12,15927
12,17243
12,5675
12,5021
12,1466
12,14498
12,16000
12,6777
12,7060
12,10754
12,13869
12,4626
12,4723
12,17375
12,7704
12,279
12,11089
12,5976
12,12362
12,3842
12,16354
12,5190
12,7036
12,2761
12,152
12,13198
12,12337
12,13904
12,13392
12,1537
12,5298
12,15872
12,4255
12,818
12,16774
12,3600
12,3523
12,10592
12,8647
12,12571
12,8592
12,1939
12,2543
12,2702
12,13828
12,16646
12,7924
12,2514
12,10846
12,1380
12,5473
12,4282
12,16581
12,10649
12,16043
12,278
12,12554
12,15098
12,32
12,16148
12,3152
12,6009
12,8780
12,10997
12,6916
12,6475
12,15434
12,2580
12,1098
12,3194
12,12450
12,4269
12,7390
12,6735
12,435
12,4250
12,4001
12,13319
12,9032
12,2056
12,14982
12,3653
12,15515
12,15544
12,15321
12,14341
12,4159
12,14517
12,11612
12,15972
12,15318
12,6217
12,8589
12,4256
12,4764
12,15511
12,12419
12,3495
12,10206
12,10492
12,505
12,13549
12,4717
12,13874
12,14397
12,591
12,5440
12,7456
12,13793
12,10349
12,13515
12,10751
12,3060
12,6850
12,13542
12,17120
12,7901
12,11284
12,6937
12,7923
12,8807
12,2012
12,13651
12,13339
12,1958
12,672
12,6229
12,10434
12,14459
12,12466
12,9368
12,9850
12,9457
12,5401
12,13781
12,8666
12,16609
12,5034
12,6415
12,8591
12,16441
12,344
12,6318
12,16976
12,11447
12,2510
12,8248
12,14532
12,15865
12,10538
12,12359
12,6520
12,4320
12,11792
12,1014
12,8376
12,10590
12,15941
12,12038
12,3981
12,16832
12,12448
12,4994
12,10572
12,8783
12,10932
12,3195
12,2408
12,4677
12,14002
12,11181
12,8677
12,1363
12,8208
12,342
12,11951
12,474
12,6866
12,15286
12,9570
12,12642
12,10831
12,1251
12,12047
12,8538
12,6034
12,13332
12,17374
12,12174
12,640
12,8974
12,9289
12,13579
12,4586
12,5973
12,9448
12,12248
12,7021
12,6851
12,5393
12,2180
12,14426
12,14939
12,7202
12,7053
12,8198
12,15732
12,11487
12,5700
12,12958
12,4735
12,7019
12,4715
12,10578
12,2525
12,11848
12,8812
12,10741
12,3715
12,16616
12,17209
12,3023
12,12638
12,8445
12,3882
12,16864
12,5501
12,6922
12,15105
12,14777
12,2034
12,6689
12,3500
12,16498
12,3096
12,12796
12,14099
12,5618
12,7950
12,11553
12,2305
12,4162
12,12375
12,12180
12,5934
12,16317
12,11231
12,8950
12,1300
12,14296
12,8528
12,6476
12,12080
12,12087
12,3610
12,1252
12,7585
12,6517
12,3369
12,15590
12,9903
12,125
12,1758
12,14701
12,1847
12,15863
12,15880
12,7353
12,12033
12,13460
12,14276
12,16585
12,4394
12,8439
12,4131
12,7152
12,9114
12,4474
12,16793
12,5896
12,731
12,11288
12,15334
12,16042
12,657
12,3076
12,3348
12,83
12,3286
12,9627
12,11479
12,13295
12,14743
12,11991
12,2424
12,3699
12,6004
12,3311
12,10887
12,1096
12,452
12,9830
12,12609
12,9548
12,12649
12,1184
12,14346
12,8606
12,13567
12,4922
12,15344
12,3538
12,5078
12,1039
12,4585
12,8834
12,9488
12,11442
12,9481
12,8135
12,16488
12,16126
12,1686
12,16362
12,4262
12,2523
12,10487
12,13857
12,12329
12,3218
12,3996
12,8748
12,11662
12,10534
12,3574
12,1372
12,7089
12,16522
12,11179
12,10462
12,13495
12,17271
12,15736
12,6639
12,14807
12,8459
12,11292
12,1166
12,8890
12,14208
12,8726
12,4851
12,8712
12,3144
12,4756
12,11454
12,14187
12,9074
12,5714
12,12827
12,4554
12,3028
12,11758
12,10844
12,7261
12,6532
12,14006
12,15500
12,13753
12,528
12,1302
12,17075
12,15642
12,16465
12,6154
12,697
12,170
12,12242
12,15057
12,13136
12,8933
12,8368
12,9231
12,2909
12,14985
12,2355
12,9659
12,3143
12,7047
12,14070
12,7719
12,2601
12,15569
12,8365
12,10750
12,6376
12,7982
12,8375
12,3489
12,11270
12,8077
12,17265
12,13812
12,3133
12,8241
12,16308
12,8577
12,7123
12,5967
12,11745
12,17273
12,15228
12,6003
12,3409
12,10419
12,12215
12,12923
12,1124
12,12641
12,3669
12,15902
12,3346
12,5608
12,6388
12,16255
12,4934
12,14335
12,11334
12,12367
12,4649
12,8964
12,15485
12,15802
12,7494
12,4759
12,7250
12,8516
12,756
12,15392
12,1329
12,13937
12,14686
12,4615
12,3484
12,4579
12,1647
12,10731
12,5571
12,13486
12,887
12,6040
12,11684
12,15981
12,6026
12,11522
12,9806
12,5570
12,14787
12,3665
12,12664
12,9108
12,8928
12,5402
12,13448
12,8523
12,13301
12,17181
12,13167
12,6424
12,11667
12,15080
12,12364
12,3764
12,14884
12,12471
12,3481
12,13159
12,7231
12,7807
12,8809
12,13262
12,15061
12,2105
12,14272
12,13239
12,17090
12,7498
12,1513
12,4247
12,10659
12,13678
12,11532
12,10068
12,3039
12,8493
12,12910
12,1903
12,5014
12,5354
12,2005
12,11726
12,13832
12,16278
12,5368
12,10805
12,3013
12,10644
12,11482
12,13801
12,10825
12,3674
12,15507
12,3140
12,8904
12,8321
12,11409
12,8579
12,12578
12,15251
12,7466
12,9224
12,15954
12,271
12,3575
12,3193
12,15597
12,928
12,15807
12,3571
12,12114
12,4189
12,3906
12,10340
12,9177
12,35
12,11299
12,11496
12,619
12,10164
12,10872
12,8534
12,12830
12,9643
12,3953
12,2203
12,13485
12,15547
12,2574
12,3720
12,9860
12,13173
12,9932
12,3324
12,7215
12,5201
12,3155
12,6385
12,3010
12,6137
12,8616
12,7342
12,3702
12,11718
12,15680
12,11854
12,1738
12,10300
12,7294
12,8046
12,17450
12,4041
12,7005
12,6519
12,2558
12,14389
12,777
12,2080
12,12104
12,3512
12,15193
12,11577
12,792
12,14449
12,8490
12,16574
12,11085
12,4417
12,2658
12,8902
12,13647
12,10131
12,7757
12,2176
12,1949
12,6590
12,2129
12,16504
12,7795
12,1502
12,1763
12,15430
12,5730
12,10268
12,4504
12,14269
12,15611
12,14029
12,16491
12,1127
12,11253
12,2002
12,11061
12,15618
12,5913
12,4659
12,12747
12,3408
12,15679
12,13985
12,16053
12,16340
12,9099
12,6292
12,10226
12,1501
12,4519
12,7553
12,7112
12,12018
12,3236
12,5767
12,1213
12,8981
12,6037
12,16771
12,3534
12,15662
12,11402
12,292
12,15609
12,9993
12,5728
12,8304
12,16359
12,13308
12,2809
12,11855
12,11065
12,7526
12,80
12,5850
12,4499
12,7515
12,13610
12,4377
12,6341
12,8962
12,3455
12,7201
12,6911
12,13741
12,9296
12,3317
12,13285
12,7420
12,13800
12,16505
12,9607
12,14916
12,16363
12,14463
12,5125
12,17433
12,16245
12,13163
12,11542
12,12444
12,4291
12,220
12,9102
12,9401
12,12186
12,10309
12,7155
12,5541
12,6537
12,9848
12,15473
12,17005
12,5539
12,16908
12,545
12,14631
12,17475
12,12325
12,15890
12,60
12,12836
12,13893
12,3825
12,573
12,8704
12,14643
12,9218
12,9106
12,3541
12,6947
12,11565
12,8940
12,6934
12,11527
12,3172
12,3858
12,11445
12,3811
12,15050
12,469
12,8112
12,1041
12,13315
12,4426
12,4415
12,3050
12,15006
12,38
12,4637
12,65
12,8975
12,12993
12,2337
12,13226
12,6854
12,7198
12,3423
12,4421
12,4016
12,1331
12,6801
12,12592
12,621
12,8399
12,10497
12,1641
12,11660
12,8716
12,6504
12,17031
12,5379
12,3385
12,14937
12,7358
12,11308
12,13114
12,3518
12,15160
12,14170
12,6166
12,2897
12,2942
12,13294
12,9362
12,10334
12,7296
12,11772
12,3769
12,1796
12,9892
12,13180
12,8599
12,9409
12,1674
12,14543
12,3586
12,9707
12,14058
12,16962
12,5164
12,17308
12,3526
12,9934
12,13270
12,3607
12,15425
12,14408
12,8485
12,9489
12,13912
12,16213
12,13430
12,2800
12,5430
12,4975
12,10695
12,15839
12,2785
12,14992
12,6620
12,8314
12,15593
12,12698
12,15629
12,1132
12,4629
12,9146
12,7354
12,922
12,13540
12,13488
12,14151
12,16550
12,11261
12,16064
12,14571
12,10892
12,9041
12,13218
12,3231
12,14374
12,16606
12,8710
12,13414
12,10316
12,830
12,11484
12,17392
12,3689
12,726
12,13772
12,8206
12,12472
12,4644
12,4866
12,17008
12,3292
12,9798
12,1509
12,12092
12,5412
12,8217
12,16375
12,7622
12,4704
12,11018
12,14299
12,5455
12,12677
12,47
12,752
12,4249
12,4905
12,14970
12,1298
12,4273
12,15441
12,5642
12,15159
12,8830
12,10215
12,9309
12,8391
12,9698
12,9610
12,15194
12,6461
12,13170
12,8675
12,13865
12,13483
12,9777
12,16725
12,12598
12,906
12,4120
12,2284
12,9794
12,16459
12,5586
12,4227
12,14953
12,15014
12,13945
12,7573
12,6042
12,7938
12,12517
12,10775
12,12361
12,15603
12,1094
12,6366
12,363
12,9836
12,15708
12,16995
12,8860
12,5224
12,7764
12,13110
12,3397
12,16132
12,6124
12,15588
12,7928
12,4177
12,10790
12,7189
12,13366
12,482
12,4099
12,4030
12,5984
12,3372
12,13435
12,17183
12,8165
12,14251
12,9477
12,17117
12,6193
12,10238
12,8213
12,6748
12,1528
12,6115
12,14607
12,12483
12,2055
12,7076
12,13520
12,6673
12,1553
12,7876
12,10495
12,9460
12,6666
12,8525
12,13229
12,7389
12,15423
12,7945
12,10529
12,14412
12,17113
12,1327
12,14379
12,13445
12,6159
12,7917
12,3663
12,11750
12,16826
12,7145
12,7810
12,7222
12,1116
12,6941
12,7111
12,7205
12,4597
12,16860
12,5318
12,3911
12,17157
12,1793
12,9265
12,1831
12,9757
12,6609
12,1837
12,9772
12,7784
12,15748
12,2280
12,4702
12,10961
12,12858
12,5284
12,11374
12,1932
12,9960
12,12945
12,499
12,5409
12,14046
12,2568
12,5947
12,10834
12,2808
12,10345
12,466
12,8740
12,11938
12,1169
12,11438
12,7580
12,1224
12,11343
12,2600
12,2866
12,16838
12,8437
12,8414
12,16386
12,7209
12,6529
12,14797
12,14013
12,1789
12,9792
12,8536
12,12930
12,17163
12,7677
12,14138
12,5751
12,1223
12,9064
12,8729
12,16284
12,4990
12,14107
12,14277
12,17194
12,16237
12,10757
12,15551
12,3697
12,3320
12,3796
12,9612
12,10962
12,15386
12,10973
12,7422
12,14225
12,2546
12,13990
12,16669
12,15874
12,4025
12,14355
12,7644
12,11548
12,5068
12,16807
12,14197
12,16682
12,3993
12,16545
12,4895
12,8636
12,4194
12,839
12,14064
12,16945
12,9826
12,2291
12,5196
12,10934
12,7570
12,15237
12,5923
12,6053
12,15356
12,16675
12,870
12,9446
12,10703
12,17135
12,5094
12,886
12,14733
12,13001
12,5095
12,8069
12,16513
12,16552
12,10423
12,16731
12,11514
12,13791
12,6434
12,7599
12,16175
12,14635
12,13112
12,11211
12,10621
12,10363
12,7213
12,17106
12,7620
12,15533
12,16805
12,9216
12,3145
12,13818
12,4454
12,13575
12,1951
12,9456
12,14903
12,14990
12,8757
12,9464
12,1054
12,5530
12,5185
12,7995
12,6308
12,14083
12,8614
12,7911
12,3496
12,4438
12,11456
12,17328
12,14761
12,285
12,2540
12,5704
12,6943
12,11614
12,1409
12,13364
12,745
12,9453
12,11738
12,1376
12,17275
12,12178
12,12218
12,8996
12,6836
12,16279
12,11458
12,9322
12,2703
12,1243
12,14052
12,17156
12,5485
12,11425
12,10728
12,14506
12,13381
12,5581
12,10753
12,4762
12,7226
12,8047
12,11789
12,9253
12,12888
12,11359
12,356
12,14747
12,11931
12,15999
12,4916
12,12320
12,5694
12,2445
12,12675
12,7427
12,1378
12,15567
12,8762
12,4686
12,5029
12,4539
12,7206
12,6225
12,10245
12,10749
12,686
12,1744
12,9616
12,12452
12,10204
12,4326
12,9442
12,14988
12,8580
12,13183
12,1436
12,15829
12,7586
12,386
12,8064
12,7869
12,5593
12,7987
12,7460
12,11956
12,17482
12,14893
12,14174
12,13028
12,5055
12,13510
12,15482
12,174
12,2473
12,1888
12,14327
12,16092
12,2744
12,7170
12,14453
12,12045
12,3381
12,5030
12,6329
12,1408
12,2028
12,10312
12,8330
12,9023
12,9594
12,5089
12,1326
12,6442
12,1884
12,12420
12,10265
12,1720
12,7582
12,5822
12,15815
12,2344
12,401
12,10622
12,13783
12,2054
12,12992
12,3904
12,15020
12,8147
12,6395
12,16786
12,9158
12,12997
12,15409
12,13235
12,11677
12,3830
12,1396
12,17142
12,1672
12,10197
12,8232
12,5475
12,7056
12,8683
12,5262
12,15620
12,12056
12,1388
12,4429
12,16653
12,14488
12,17096
12,8132
12,10464
12,4147
12,12475
12,15454
12,16797
12,14233
12,10823
12,9920
12,10388
12,8939
12,13473
12,11058
12,5879
12,52
12,17268
12,7315
12,13337
12,7497
12,16909
12,15244
12,11891
12,15255
12,11175
12,9006
12,14825
12,111
12,10248
12,7499
12,3127
12,5037
12,5492
12,1894
12,12348
12,7249
12,11314
12,3952
12,12095
12,2729
12,251
12,6883
12,3285
12,4175
12,4844
12,14386
12,4526
12,11886
12,2266
12,4140
12,16152
12,5090
12,10496
12,4876
12,8381
12,16270
12,12972
12,3740
12,4933
12,12427
12,3087
12,7350
12,9515
12,16387
12,15703
12,16718
12,10912
12,2229
12,16160
12,10471
12,16318
12,11791
12,6693
12,4920
12,12451
12,1040
12,3327
12,7617
12,7601
12,329
12,13686
12,12169
12,11042
12,7887
12,9747
12,4594
12,13703
12,12667
12,3667
12,5285
12,1628
12,14288
12,8552
12,7597
12,7032
12,16384
12,14803
12,9036
12,4161
12,2333
12,8906
12,10535
12,3191
12,6816
12,12281
12,13968
12,2829
12,13335
12,779
12,5319
12,3476
12,13633
12,6984
12,623
12,13250
12,11433
12,8824
12,440
12,8451
12,14716
12,4941
12,14568
12,4445
12,15079
12,11582
12,4682
12,13965
12,17385
12,11984
12,4195
12,4009
12,17087
12,1293
12,12564
12,6331
12,10344
12,15263
12,8970
12,12542
12,15380
12,2179
12,1987
12,9787
12,15866
12,5707
12,11640
12,5381
12,9275
12,12477
12,13500
12,8285
12,15296
12,9952
12,11851
12,4315
12,6450
12,16209
12,13850
12,7298
12,6196
12,9348
12,7396
12,6285
12,11744
12,8097
12,11360
12,14534
12,5669
12,2888
12,7884
12,8458
12,1740
12,4306
12,10076
12,15218
12,11696
12,14144
12,6991
12,5599
12,5875
12,1095
12,14794
12,11928
12,13948
12,10766
12,5818
12,8394
12,16713
12,7280
12,378
12,17317
12,6379
12,4392
12,17160
12,104
12,9039
12,17278
12,8811
12,6018
12,8500
12,11766
12,10698
12,13944
12,670
12,10788
12,9990
12,9250
12,9976
12,3043
12,12032
12,3839
12,15227
12,13257
12,9529
12,10527
12,2534
12,737
12,10450
12,12130
12,9765
12,15471
12,5519
12,13375
12,9824
12,4658
12,16565
12,11074
12,10843
12,4667
12,538
12,7550
12,11544
12,454
12,4617
12,8963
12,1417
12,10246
12,11936
12,14324
12,16923
12,359
12,11317
12,12049
12,10858
12,17052
12,14707
12,16963
12,12197
12,894
12,13881
12,15179
12,3544
12,1382
12,13184
12,1580
12,12514
12,12308
12,14915
12,13770
12,12589
12,9327
12,3581
12,11062
12,1286
12,5778
12,937
12,3595
12,13743
12,14282
12,16084
12,645
12,4901
12,16030
12,5966
12,11864
12,661
12,9523
12,108
12,13993
12,8696
12,4668
12,15959
12,9440
12,7099
12,10049
12,7735
12,1841
12,4745
12,2630
12,8806
12,16537
12,10521
12,12084
12,9241
12,15090
12,6576
12,2549
12,1680
12,1813
12,1905
12,12066
12,13372
12,1446
12,16397
12,3718
12,132
12,8979
12,15250
12,2628
12,15109
12,12655
12,15630
12,8846
12,3661
12,1080
12,4750
12,6219
12,4235
12,2020
12,3604
12,16457
12,2505
12,8671
12,2848
12,15498
12,13774
12,16754
12,14539
12,8947
12,10177
12,5372
12,2258
12,13217
12,5838
12,10404
12,15486
12,4632
12,15542
12,11040
12,4481
12,6767
12,5432
12,5842
12,14366
12,7196
12,16742
12,11957
12,4774
12,4885
12,11151
12,1904
12,5890
12,16847
12,16369
12,1994
12,6833
12,13297
12,2722
12,9018
12,7154
12,10662
12,8001
12,4877
12,1876
12,2530
12,4086
12,9430
12,11646
12,17067
12,3234
12,9942
12,2001
12,2616
12,15552
12,7707
12,13572
12,13672
12,15646
12,14522
12,15127
12,6508
12,13702
12,15252
12,6782
12,8204
12,11680
12,8010
12,4353
12,3760
12,1036
12,10020
12,7775
12,3374
12,12608
12,10259
12,6952
12,15780
12,13690
12,6569
12,6678
12,825
12,14072
12,8240
12,15707
12,14749
12,13443
12,11760
12,14310
12,6845
12,14981
12,8141
12,2524
12,9217
12,2117
12,7566
12,12314
12,14149
12,301
12,14489
12,5332
12,6417
12,9549
12,8440
12,7085
12,8828
12,4822
12,12617
12,15247
12,3078
12,8252
12,4513
12,5859
12,1168
12,6232
12,6968
12,4710
12,12733
12,16063
12,24
12,6226
12,3305
12,13374
12,8932
12,11324
12,4960
12,13679
12,10575
12,10798
12,16657
12,8148
12,16423
12,16706
12,9131
12,510
12,15320
12,7853
12,8405
12,14567
12,1968
12,16379
12,3419
12,3062
12,11589
12,15282
12,3000
12,14944
12,13316
12,603
12,13299
12,1604
12,16500
12,11000
12,1510
12,2413
12,9524
12,5205
12,664
12,6760
12,2139
12,8819
12,12158
12,5662
12,169
12,11115
12,7743
12,12800
12,905
12,15934
12,16072
12,1693
12,13841
12,10832
12,6156
12,5134
12,8923
12,7921
12,9385
12,12307
12,1047
12,236
12,14545
12,9047
12,2690
12,17175
12,6606
12,8628
12,17242
12,1032
12,9135
12,12719
12,8916
12,12659
12,1142
12,15289
12,7020
12,4051
12,2358
12,1749
12,12344
12,3221
12,6261
12,11811
12,11254
12,15820
12,3651
12,9482
12,1765
12,8282
12,13263
12,16198
12,4653
12,13997
12,11371
12,6723
12,3907
12,498
12,5138
12,11741
12,2507
12,16809
12,7052
12,9573
12,16895
12,14304
12,10646
12,11330
12,11753
12,10633
12,13684
12,6273
12,13756
12,1971
12,3108
12,10970
12,6011
12,17017
12,11436
12,13092
12,5556
12,3418
12,11426
12,1815
12,10263
12,14053
12,15027
12,13838
12,15033
12,12690
12,15856
12,15371
12,7048
12,13356
12,6321
12,3228
12,16672
12,6556
12,14763
12,964
12,10761
12,13760
12,1597
12,7072
12,7414
12,5936
12,12206
12,9426
12,4371
12,15584
12,15862
12,16058
12,4040
12,4520
12,15741
12,7537
12,3997
12,10218
12,2961
12,10142
12,6203
12,1590
12,12593
12,2228
12,3805
12,12059
12,10225
12,1423
12,2995
12,6853
12,13255
12,808
12,9203
12,2726
12,10261
12,16475
12,15037
12,954
12,13274
12,5397
12,7118
12,11216
12,11862
12,9704
12,1536
12,7129
12,4763
12,2134
12,11465
12,10381
12,5177
12,2907
12,4746
12,5386
12,10541
12,14320
12,3784
12,1589
12,14932
12,4431
12,13784
12,2171
12,14414
12,13478
12,6526
12,15828
12,10734
12,7776
12,6059
12,5457
12,3666
12,4472
12,2371
12,12774
12,7885
12,5561
12,11927
12,5017
12,4863
12,12289
12,10387
12,17212
12,6418
12,270
12,16432
12,7371
12,4511
12,15673
12,6288
12,15536
12,7914
12,8123
12,17102
12,17108
12,1571
12,16184
12,13992
12,4423
12,13152
12,4968
12,9862
12,4939
12,16121
12,9536
12,2470
12,7612
12,10377
12,9133
12,17346
12,13164
12,3588
12,13005
12,4200
12,2195
12,919
12,15816
12,17466
12,14441
12,586
12,13666
12,10252
12,10444
12,13855
12,14391
12,13747
12,6335
12,5046
12,4323
12,10426
12,3273
12,3245
12,705
12,8175
12,8053
12,12491
12,5005
12,10436
12,4714
12,17109
12,3863
12,3873
12,5580
12,13286
12,11229
12,14717
12,12831
12,12645
12,1369
12,8693
12,16749
12,11919
12,13928
12,6322
12,11569
12,13839
12,16529
12,12318
12,3084
12,11153
12,5370
12,13492
12,10332
12,6310
12,9761
12,16935
12,1226
12,8409
12,4447
12,9997
12,702
12,11302
12,15512
12,10052
12,1333
12,2770
12,8202
12,13725
12,6271
12,14805
12,14683
12,16961
12,4410
12,11417
12,8271
12,14059
12,2250
12,3562
12,11563
12,13722
12,5110
12,14781
12,13719
12,6807
12,4254
12,14328
12,15200
12,10083
12,3148
12,2648
12,10440
12,13045
12,5727
12,9389
12,15359
12,3362
12,16740
12,1232
12,9714
12,7989
12,8021
12,7968
12,7388
12,12269
12,6640
12,17336
12,9557
12,14363
12,15472
12,12957
12,13621
12,11020
12,826
12,15783
12,11407
12,16373
12,12922
12,14001
12,17443
12,2264
12,14101
12,2541
12,9963
12,12715
12,9451
12,7106
12,8626
12,14194
12,12105
12,16287
12,9271
12,17270
12,7352
12,6582
12,1515
12,606
12,10771
12,5179
12,2150
12,14066
12,4397
12,16936
12,4609
12,12700
12,3053
12,12100
12,1696
12,12424
12,11838
12,3901
12,14314
12,10976
12,6975
12,15306
12,1209
12,1511
12,7282
12,2102
12,10355
12,14437
12,2821
12,13451
12,3508
12,13824
12,14156
12,15786
12,15826
12,3088
12,9835
12,1629
12,17473
12,16670
12,16268
12,16872
12,9807
12,11952
12,15330
12,15462
12,13290
12,1104
12,11910
12,4564
12,357
12,3938
12,5192
12,10384
12,15190
12,4364
12,9109
12,9583
12,6863
12,10612
12,2883
12,11626
12,15848
12,14942
12,6527
12,13057
12,12991
12,12347
12,7103
12,13925
12,3584
12,1834
12,10537
12,1791
12,2819
12,17185
12,6433
12,14390
12,7329
12,5228
12,313
12,6842
12,5757
12,7771
12,9571
12,6084
12,3288
12,1564
12,6316
12,14878
12,7522
12,2204
12,3556
12,7411
12,4119
12,8476
12,12535
12,12376
12,12388
12,12728
12,14334
12,17112
12,14283
12,14308
12,9166
12,2029
12,6758
12,4675
12,15563
12,11242
12,6043
12,4969
12,7197
12,9104
12,7132
12,10089
12,11747
12,13887
12,14641
12,1157
12,13910
12,13162
12,8119
12,13534
12,16196
12,17104
12,13222
12,9324
12,1919
12,15259
12,4165
12,6150
12,14102
12,15899
12,3034
12,4330
12,17368
12,1557
12,15021
12,14235
12,8343
12,13021
12,8709
12,1068
12,6679
12,6756
12,16642
12,10445
12,17405
12,746
12,8562
12,8453
12,6460
12,6263
12,2177
12,2243
12,5255
12,5579
12,14612
12,14615
12,2026
12,1576
12,5276
12,14476
12,10253
12,4841
12,10591
12,2537
12,15436
12,4694
12,13248
12,579
12,3908
12,2331
12,7403
12,3525
12,4734
12,14343
12,284
12,1619
12,7110
12,9413
12,8424
12,16368
12,3132
12,1051
12,2783
12,15101
12,8176
12,12731
12,13417
12,2367
12,10559
12,8808
12,12502
12,417
12,3198
12,5958
12,7185
12,5058
12,6360
12,14759
12,14572
12,1506
12,11202
12,6344
12,6631
12,16703
12,3165
12,2394
12,10431
12,10888
12,16662
12,13440
12,5848
12,3966
12,12799
12,12975
12,14348
12,5493
12,150
12,14354
12,6332
12,15144
12,2958
12,10959
12,3898
12,14031
12,9968
12,11163
12,2341
12,5247
12,16556
12,11174
12,5844
12,7094
12,7153
12,12091
12,1642
12,6954
12,5573
12,2572
12,9545
12,8229
12,16697
12,16541
12,3831
12,16848
12,9819
12,7203
12,3073
12,7727
12,6499
12,11027
12,4781
12,6211
12,13149
12,15301
12,9237
12,9255
12,10296
12,1721
12,2094
12,12189
12,3166
12,8210
12,7999
12,11615
12,7724
12,16176
12,15484
12,3961
12,6141
12,13732
12,8627
12,4551
12,4532
12,4891
12,8306
12,11853
12,420
12,15905
12,2919
12,14584
12,15833
12,10234
12,3891
12,13350
12,3761
12,2282
12,2275
12,13748
12,900
12,12352
12,13911
12,6319
12,15411
12,16033
12,17231
12,3972
12,15314
12,3733
12,8718
12,7437
12,4543
12,2448
12,907
12,6749
12,16447
12,7235
12,6856
12,10467
12,11867
12,3658
12,7528
12,10432
12,14603
12,14097
12,167
12,2911
12,8484
12,688
12,16770
12,5733
12,5216
12,1088
12,1783
12,1431
12,6355
12,13461
12,10399
12,14024
12,799
12,15287
12,13941
12,12255
12,1320
12,3178
12,6359
12,10682
12,6588
12,3694
12,8145
12,13192
12,13730
12,13282
12,13418
12,9956
12,16526
12,3083
12,6776
12,8177
12,2512
12,13390
12,5860
12,1861
12,4897
12,11087
12,16948
12,9134
12,13617
13,13645
13,12783
13,267
13,4846
13,16878
13,15213
13,14230
13,3478
13,12334
13,15422
13,2308
13,9265
13,16123
13,16644
13,1803
13,12256
13,6836
13,1164
13,11308
13,9935
13,5467
13,7754
13,4112
13,1129
13,6143
13,2873
13,12481
13,14024
13,16493
13,16779
13,7593
13,13325
13,14261
13,8168
13,5786
13,9127
13,3239
13,11486
13,13075
13,3139
13,3326
13,494
13,12743
13,15148
13,1873
13,3988
13,9787
13,11419
13,4609
13,5208
13,14159
13,16382
13,15612
13,13915
13,17044
13,7653
13,10241
13,1809
13,4731
13,5865
13,12423
13,6829
13,15769
13,15949
13,13044
13,3373
13,12934
13,1169
13,1882
13,5473
13,5564
13,10566
13,2754
13,11079
13,16700
13,1092
13,11543
13,14290
13,1624
13,14605
13,630
13,6383
13,15503
13,3479
13,12065
13,17423
13,7058
13,14009
13,11640
13,7921
13,8623
13,13885
13,7622
13,14025
13,15865
13,3660
13,7619
13,3653
13,12106
13,13564
13,4623
13,10054
13,11625
13,13934
13,5515
13,15495
13,4943
13,15816
13,3233
13,12512
13,12110
13,14264
13,1018
13,11466
13,5502
13,1466
13,5291
13,15076
13,17340
13,628
13,3502
13,17113
13,8524
13,4430
13,15338
13,6584
13,6385
13,17180
13,10139
13,8090
13,4761
13,14492
13,14121
13,13379
13,6923
13,16023
13,11559
13,537
13,7225
13,16056
13,999
13,9340
13,188
13,14352
13,15205
13,17427
13,8433
13,631
13,1141
13,3035
13,1857
13,411
13,4900
13,13393
13,981
13,5431
13,9937
13,5947
13,15756
13,3906
13,4775
13,9781
13,3460
13,269
13,5287
13,14048
13,16785
13,6650
13,1909
13,14998
13,1561
13,12437
13,4730
13,13348
13,16683
13,8467
13,2464
13,4190
13,12777
13,11356
13,14802
13,5031
13,6360
13,7477
13,3390
13,2234
13,5036
13,15847
13,5675
13,1757
13,3364
13,3461
13,6678
13,10018
13,15645
13,16967
13,12668
13,2081
13,15212
13,13412
13,10636
13,635
13,1146
13,10597
13,7464
13,16495
13,1899
13,6768
13,2525
13,12448
13,6931
13,14506
13,11534
13,10364
13,1830
13,11644
13,7032
13,7844
13,7684
13,8230
13,6097
13,11616
13,16643
13,8399
13,4877
13,7850
13,14866
13,4956
13,9991
13,9129
13,4280
13,117
13,15200
13,7828
13,4196
13,5055
13,1422
13,2028
13,1095
13,3082
13,17052
13,16026
13,8418
13,9075
13,13374
13,16675
13,9569
13,15531
13,6540
13,14958
13,184
13,5432
13,9444
13,14306
13,5162
13,7693
13,2817
13,7113
13,4100
13,12251
13,10085
13,1281
13,4566
13,7054
13,4377
13,9543
13,2554
13,6354
13,2040
13,16813
13,10030
13,13665
13,2241
13,337
13,13272
13,8298
13,4913
13,13528
13,2718
13,11970
13,16049
13,6571
13,10332
13,5796
13,10251
13,11856
13,9542
13,12398
13,1843
13,5343
13,16731
13,9000
13,13329
13,14195
13,8020
13,15115
13,16266
13,16838
13,9897
13,3367
13,8247
13,15723
13,5722
13,7786
13,11608
13,10460
13,16204
13,13921
13,2765
13,4403
13,2063
13,8208
13,16652
13,199
13,8690
13,11985
13,10753
13,9562
13,14512
13,11750
13,15171
13,9165
13,17170
13,15435
13,5946
13,14626
13,16677
13,8541
13,10170
13,3867
13,16497
13,12133
13,578
13,375
13,2398
13,12070
13,9087
13,6536
13,13507
13,5635
13,15048
13,6018
13,11656
13,465
13,4213
13,6557
13,9294
13,12195
13,12932
13,12884
13,11412
13,608
13,3015
13,2584
13,6962
13,555
13,3489
13,1039
13,12052
13,16239
13,488
13,15634
13,15886
13,2859
13,11548
13,3465
13,1981
13,13297
13,56
13,7789
13,15042
13,5741
13,11246
13,11639
13,12809
13,17328
13,7905
13,9918
13,202
13,416
13,3525
13,15711
13,84
13,10349
13,9811
13,9616
13,1778
13,11102
13,16291
13,11284
13,6035
13,17377
13,12369
13,2603
13,17207
13,8637
13,16891
13,7981
13,16309
13,975
13,10062
13,6267
13,7650
13,5669
13,16008
13,2461
13,3376
13,12061
13,16179
13,14
13,16413
13,16992
13,5433
13,1002
13,7251
13,9109
13,499
13,3225
13,607
13,16543
13,6320
13,7246
13,29
13,14061
13,2251
13,14787
13,9306
13,3980
13,15720
13,14990
13,1073
13,9076
13,13916
13,5995
13,10602
13,4472
13,5854
13,4675
13,2635
13,8060
13,6566
13,7200
13,16809
13,14628
13,11617
13,10192
13,14023
13,8636
13,5500
13,2743
13,17292
13,4999
13,2237
13,11685
13,2121
13,6628
13,4400
13,12212
13,4824
13,9710
13,12503
13,1950
13,6011
13,14039
13,6651
13,15927
13,13026
13,13240
13,17199
13,12269
13,6409
13,9367
13,6211
13,6257
13,17209
13,8231
13,8321
13,14821
13,16098
13,15066
13,2971
13,12575
13,11754
13,9582
13,6181
13,10161
13,13918
13,2044
13,439
13,1402
13,1449
13,3444
13,2436
13,9234
13,16422
13,13146
13,8262
13,9271
13,15324
13,9749
13,4804
13,2448
13,11638
13,12402
13,10946
13,12231
13,5122
13,436
13,6944
13,2300
13,15433
13,11678
13,15648
13,3609
13,8156
13,5670
13,826
13,6140
13,11701
13,8899
13,4132
13,14778
13,13994
13,9551
13,16511
13,17011
13,15556
13,4957
13,3751
13,9859
13,16687
13,17435
13,14708
13,322
13,15077
13,4888
13,15797
13,4902
13,10800
13,11013
13,10466
13,16534
13,12927
13,14211
13,11087
13,8926
13,16831
13,11405
13,16875
13,11112
13,9699
13,5421
13,107
13,12172
13,12790
13,16210
13,15497
13,10703
13,10159
13,8330
13,4155
13,13347
13,10609
13,11581
13,501
13,3040
13,1147
13,13034
13,10021
13,2114
13,10416
13,10893
13,7081
13,12474
13,1052
13,12606
13,6273
13,1117
13,8274
13,13681
13,2130
13,3300
13,14652
13,9213
13,13426
13,783
13,9766
13,15937
13,15234
13,37
13,7283
13,6545
13,13853
13,8670
13,7577
13,9207
13,7022
13,6375
13,12571
13,6728
13,14552
13,16767
13,4052
13,3060
13,15616
13,9017
13,10830
13,15078
13,14082
13,6196
13,3234
13,10020
13,852
13,11057
13,8978
13,14325
13,5444
13,13308
13,5842
13,4160
13,13266
13,6336
13,9434
13,10555
13,6948
13,7611
13,12286
13,248
13,12731
13,14206
13,644
13,5080
13,7201
13,16739
13,12647
13,11583
13,3834
13,9501
13,11868
13,2660
13,4066
13,7732
13,9945
13,10405
13,9338
13,9464
13,10804
13,7367
13,5459
13,16552
13,7727
13,6126
13,3401
13,16545
13,12084
13,16532
13,8603
13,7413
13,2856
13,4708
13,11544
13,13746
13,12895
13,16620
13,6062
13,16057
13,11953
13,9976
13,3607
13,15242
13,4814
13,14148
13,8462
13,16925
13,14584
13,12296
13,1730
13,13897
13,10107
13,6925
13,474
13,8354
13,980
13,5728
13,1925
13,7020
13,13440
13,15572
13,5986
13,11203
13,5102
13,13944
13,8798
13,3831
13,3551
13,13666
13,10945
13,4830
13,15792
13,8988
13,4003
13,12756
13,10590
13,2042
13,10409
13,10956
13,13306
13,5174
13,1579
13,11475
13,11924
13,17351
13,8722
13,12504
13,8576
13,937
13,7669
13,3183
13,13328
13,1328
13,14446
13,6066
13,14333
13,10356
13,8027
13,11351
13,8594
13,4734
13,16351
13,3828
13,1193
13,5449
13,12067
13,9681
13,4331
13,15429
13,11748
13,6146
13,9534
13,13209
13,10283
13,16
13,12350
13,11282
13,1633
13,6314
13,12025
13,10017
13,45
13,6660
13,359
13,9827
13,7678
13,16127
13,9979
13,16187
13,7102
13,12139
13,10847
13,12445
13,1214
13,6676
13,4976
13,16958
13,4669
13,4
13,6452
13,10160
13,16738
13,14445
13,5632
13,729
13,6744
13,12868
13,6701
13,3572
13,7463
13,7223
13,3527
13,5348
13,13717
13,521
13,4785
13,5755
13,11949
13,5568
13,14417
13,2485
13,17414
13,9131
13,8038
13,16306
13,8117
13,4033
13,9550
13,1603
13,6396
13,15461
13,16805
13,4447
13,2630
13,16419
13,6326
13,16262
13,17090
13,15819
13,3215
13,14102
13,13095
13,4308
13,2195
13,8509
13,3413
13,17157
13,14052
13,10694
13,12829
13,7489
13,3670
13,10949
13,5302
13,16510
13,17240
13,865
13,11235
13,6938
13,11671
13,9753
13,16479
13,3014
13,13890
13,13871
13,17347
13,7047
13,5533
13,1700
13,8566
13,8281
13,13069
13,10560
13,4178
13,515
13,7677
13,12215
13,17098
13,10742
13,8723
13,9641
13,11520
13,948
13,8965
13,5708
13,12159
13,564
13,6151
13,2699
13,4934
13,7076
13,16531
13,6404
13,3589
13,7244
13,14631
13,3624
13,17319
13,5561
13,1341
13,1066
13,3412
13,2244
13,707
13,16292
13,16840
13,14672
13,5664
13,8547
13,13762
13,7302
13,1565
13,10143
13,603
13,4739
13,14320
13,11202
13,16191
13,9716
13,4935
13,711
13,7859
13,4660
13,2275
13,11710
13,4103
13,12581
13,15683
13,16828
13,2284
13,14315
13,7228
13,3741
13,14236
13,14358
13,16740
13,3954
13,10215
13,283
13,3047
13,1445
13,1326
13,3274
13,16735
13,9056
13,16950
13,5125
13,2495
13,15519
13,8051
13,7170
13,14833
13,2397
13,15007
13,14679
13,7802
13,4833
13,1342
13,12495
13,16231
13,15192
13,1851
13,5434
13,4652
13,11698
13,5056
13,1327
13,13194
13,15013
13,6234
13,4256
13,16232
13,9004
13,2470
13,10680
13,7564
13,10522
13,2161
13,6697
13,9517
13,9597
13,192
13,13103
13,12985
13,5127
13,13150
13,15364
13,9372
13,14857
13,9023
13,13805
13,5660
13,6272
13,9544
13,13190
13,16988
13,7153
13,2258
13,2265
13,14803
13,2784
13,6167
13,851
13,13138
13,9789
13,11253
13,8316
13,1947
13,4431
13,4955
13,8307
13,3406
13,4819
13,3817
13,8640
13,9806
13,7376
13,8737
13,11714
13,16484
13,825
13,16783
13,2370
13,2054
13,9608
13,15810
13,8880
13,11723
13,856
13,3085
13,2898
13,3983
13,12635
13,12178
13,5294
13,11569
13,6949
13,10954
13,9912
13,4366
13,2949
13,11223
13,12337
13,4156
13,5216
13,5574
13,14582
13,10594
13,8781
13,8740
13,13084
13,10669
13,5681
13,15963
13,13148
13,5529
13,4077
13,1121
13,5721
13,13091
13,3261
13,15729
13,557
13,16100
13,73
13,7404
13,15285
13,11343
13,2486
13,2043
13,10745
13,11179
13,16343
13,3296
13,2649
13,5841
13,12301
13,9241
13,8469
13,13090
13,17218
13,867
13,1152
13,2878
13,9254
13,9035
13,4321
13,11229
13,7869
13,3160
13,10488
13,14686
13,13891
13,8968
13,10467
13,2617
13,13930
13,14346
13,8370
13,15576
13,9251
13,3255
13,13704
13,15677
13,14355
13,5130
13,5470
13,315
13,9559
13,13342
13,14836
13,7098
13,3175
13,4324
13,13684
13,7357
13,6953
13,15700
13,15583
13,14750
13,6204
13,14728
13,14746
13,16112
13,2429
13,6485
13,14086
13,3750
13,14681
13,9772
13,2472
13,17306
13,211
13,8476
13,15730
13,1400
13,5124
13,9161
13,10693
13,13542
13,6101
13,907
13,34
13,11636
13,8294
13,10084
13,8402
13,6110
13,17441
13,1347
13,3603
13,7685
13,5047
13,13065
13,4150
13,5095
13,4415
13,12655
13,7314
13,16750
13,1691
13,17252
13,120
13,13846
13,61
13,10442
13,8559
13,2421
13,14717
13,13597
13,8069
13,2576
13,3122
13,13660
13,15664
13,7939
13,9417
13,360
13,13558
13,4659
13,1951
13,10027
13,11700
13,5353
13,9471
13,1944
13,2861
13,3267
13,664
13,10719
13,16441
13,6021
13,16030
13,11524
13,9304
13,16357
13,848
13,13603
13,3341
13,12870
13,2438
13,1396
13,16887
13,5776
13,16903
13,13094
13,15753
13,1787
13,10239
13,10581
13,15549
13,7728
13,15636
13,150
13,2180
13,14814
13,958
13,4396
13,1371
13,8042
13,797
13,3901
13,5628
13,12901
13,16830
13,17220
13,901
13,12372
13,361
13,14440
13,12911
13,13067
13,2503
13,12894
13,9654
13,2658
13,16202
13,4340
13,12211
13,7276
13,15312
13,2573
13,4508
13,70
13,16168
13,13463
13,16608
13,5079
13,16922
13,16101
13,12470
13,1497
13,2665
13,13337
13,9316
13,1884
13,7443
13,6868
13,9576
13,8036
13,6508
13,12779
13,7652
13,8310
13,9317
13,4538
13,11848
13,3790
13,4497
13,10613
13,7610
13,12739
13,4086
13,2004
13,13411
13,9951
13,3200
13,5778
13,15904
13,3526
13,9992
13,732
13,12533
13,17355
13,16998
13,8046
13,8419
13,9776
13,2381
13,11752
13,7956
13,625
13,10576
13,9531
13,7271
13,5334
13,5666
13,3541
13,3070
13,2299
13,9606
13,13223
13,2906
13,13608
13,7679
13,4284
13,13720
13,17321
13,15335
13,5306
13,7046
13,14377
13,3505
13,1886
13,10521
13,15646
13,414
13,15265
13,15814
13,8204
13,16253
13,15394
13,14323
13,7207
13,1835
13,16502
13,12755
13,6330
13,5907
13,7309
13,6488
13,11061
13,10281
13,5377
13,1069
13,4214
13,8795
13,9819
13,16449
13,12450
13,9395
13,11579
13,7893
13,9780
13,9823
13,8092
13,6533
13,3634
13,7151
13,2714
13,854
13,10670
13,171
13,9128
13,13870
13,7180
13,7043
13,16153
13,9974
13,13200
13,6213
13,1443
13,10731
13,14257
13,14180
13,2839
13,8031
13,11089
13,20
13,9276
13,1764
13,14947
13,15249
13,6854
13,14457
13,12902
13,7242
13,8929
13,12295
13,17403
13,11619
13,3380
13,14645
13,16674
13,1676
13,14329
13,14950
13,12941
13,12661
13,15926
13,1818
13,432
13,3611
13,12548
13,11480
13,12229
13,7142
13,6451
13,3127
13,4551
13,12438
13,13768
13,6453
13,7920
13,5226
13,8828
13,11153
13,6673
13,1359
13,6791
13,11822
13,6579
13,4208
13,16565
13,519
13,14618
13,14544
13,14458
13,6002
13,6081
13,12289
13,3238
13,11392
13,4812
13,9678
13,12169
13,4653
13,3550
13,10376
13,6477
13,1864
13,7290
13,893
13,9111
13,222
13,254
13,1255
13,4780
13,14783
13,14143
13,2771
13,17004
13,10675
13,14361
13,5091
13,10970
13,3066
13,704
13,3735
13,1727
13,6952
13,9737
13,6755
13,12188
13,1136
13,12311
13,16855
13,16692
13,11395
13,10930
13,10644
13,13086
13,10617
13,2682
13,7950
13,17246
13,17122
13,8165
13,10844
13,17268
13,14915
13,17230
13,23
13,15
13,5412
13,3552
13,97
13,4896
13,3895
13,13481
13,8343
13,15857
13,4145
13,12136
13,6528
13,3821
13,5128
13,12418
13,3968
13,4890
13,9954
13,2210
13,2337
13,12673
13,2309
13,16451
13,11926
13,14227
13,3280
13,8403
13,15103
13,4390
13,10862
13,7270
13,2586
13,4035
13,6182
13,6415
13,804
13,13433
13,8459
13,8805
13,15873
13,6413
13,3111
13,15625
13,3258
13,11370
13,1795
13,12109
13,6782
13,15474
13,549
13,11272
13,3228
13,17139
13,8770
13,5014
13,11518
13,131
13,613
13,15946
13,5837
13,10600
13,11281
13,15483
13,14617
13,9239
13,5064
13,16401
13,207
13,5851
13,4154
13,5445
13,11556
13,7191
13,9192
13,55
13,675
13,12446
13,4544
13,8700
13,15279
13,16602
13,3419
13,6763
13,1442
13,8456
13,8471
13,2984
13,11263
13,10443
13,3728
13,3697
13,12506
13,8535
13,12543
13,13807
13,3305
13,3900
13,15122
13,11852
13,271
13,3628
13,12882
13,6405
13,12320
13,1735
13,1576
13,6956
13,9769
13,5818
13,14830
13,326
13,16355
13,5474
13,15501
13,11138
13,2616
13,10685
13,9659
13,10939
13,15538
13,2853
13,9305
13,9605
13,15033
13,3503
13,14585
13,3475
13,3713
13,7002
13,4861
13,13950
13,370
13,16708
13,3486
13,3018
13,2133
13,5391
13,15922
13,298
13,15380
13,6069
13,12187
13,3734
13,1357
13,16349
13,11895
13,16244
13,6158
13,6479
13,13455
13,7423
13,12763
13,13884
13,17273
13,526
13,15658
13,5372
13,10495
13,2779
13,7555
13,12753
13,2216
13,13739
13,12619
13,2888
13,16656
13,16318
13,8445
13,13060
13,17179
13,13192
13,4821
13,10444
13,9536
13,13634
13,1031
13,6232
13,5998
13,6827
13,600
13,12331
13,10662
13,13522
13,3237
13,12851
13,16558
13,12822
13,14766
13,1591
13,9322
13,794
13,7066
13,1120
13,3
13,15881
13,1620
13,1434
13,7405
13,13526
13,658
13,6604
13,5317
13,6977
13,218
13,2445
13,16460
13,2980
13,16730
13,2609
13,9497
13,4671
13,1745
13,11317
13,17202
13,6696
13,16286
13,3686
13,12556
13,2674
13,16216
13,11818
13,4782
13,2808
13,11244
13,4989
13,7492
13,6785
13,11212
13,7739
13,8312
13,11345
13,10979
13,7734
13,8101
13,5093
13,7073
13,16729
13,6662
13,11425
13,4997
13,8005
13,9005
13,11327
13,7350
13,10144
13,3985
13,4784
13,14069
13,6298
13,5736
13,13434
13,10378
13,4689
13,1373
13,17294
13,14177
13,4449
13,8478
13,10202
13,2813
13,2786
13,15155
13,5852
13,14219
13,15961
13,12834
13,10037
13,1918
13,2078
13,10502
13,15952
13,16096
13,7926
13,6610
13,11416
13,2483
13,166
13,2653
13,15378
13,5205
13,9570
13,4763
13,13402
13,2661
13,7159
13,11576
13,1204
13,4334
13,8464
13,2614
13,6924
13,8751
13,793
13,5619
13,16962
13,12079
13,12687
13,12665
13,15411
13,8251
13,5751
13,1761
13,14057
13,15978
13,377
13,16458
13,11307
13,15341
13,10855
13,7408
13,7149
13,4640
13,4866
13,228
13,9160
13,10004
13,2120
13,16080
13,10735
13,9331
13,6166
13,12630
13,6422
13,17422
13,167
13,4662
13,2055
13,12429
13,5298
13,10543
13,12051
13,1713
13,6828
13,351
13,11415
13,9701
13,944
13,1790
13,7483
13,14694
13,1467
13,7868
13,11525
13,3914
13,10011
13,8500
13,10228
13,1518
13,9970
13,6595
13,4082
13,11755
13,2382
13,6391
13,5113
13,11935
13,16678
13,1687
13,9223
13,6808
13,7349
13,5816
13,14105
13,14942
13,10567
13,14376
13,6725
13,15653
13,9988
13,4839
13,15546
13,3742
13,3459
13,9169
13,7703
13,13744
13,13970
13,4916
13,16387
13,12422
13,7356
13,8128
13,14068
13,2075
13,3173
13,14542
13,4676
13,1102
13,9081
13,10965
13,13679
13,1163
13,5173
13,921
13,6122
13,2109
13,7812
13,1722
13,3640
13,6425
13,9696
13,1652
13,2052
13,16981
13,4856
13,6113
13,3547
13,8735
13,15319
13,7937
13,8555
13,2233
13,12508
13,14397
13,4507
13,834
13,11119
13,2330
13,14688
13,800
13,12066
13,423
13,2166
13,713
13,8924
13,2991
13,12549
13,6567
13,12923
13,2625
13,6416
13,3304
13,8952
13,194
13,6044
13,16088
13,11339
13,15289
13,5647
13,3270
13,10498
13,15725
13,1531
13,10976
13,6942
13,5213
13,8713
13,3181
13,11904
13,9197
13,2001
13,8694
13,9478
13,9135
13,6575
13,6967
13,11042
13,5498
13,8319
13,3683
13,10516
13,11676
13,4474
13,1297
13,16130
13,13157
13,12237
13,11437
13,9547
13,11546
13,8956
13,233
13,4466
13,2215
13,13355
13,11314
13,3944
13,687
13,2761
13,16185
13,3517
13,6702
13,15277
13,14797
13,395
13,5267
13,2632
13,17144
13,10183
13,15765
13,12420
13,11643
13,12859
13,9893
13,8246
13,3030
13,10915
13,13705
13,3756
13,5702
13,5784
13,14650
13,6001
13,11692
13,16707
13,4500
13,6311
13,8762
13,146
13,6655
13,8011
13,9928
13,9033
13,10290
13,14571
13,14409
13,11820
13,7484
13,13962
13,13855
13,3810
13,9668
13,14707
13,6753
13,1517
13,7140
13,16979
13,9929
13,14045
13,17249
13,16370
13,8021
13,8147
13,2144
13,17370
13,5491
13,15506
13,5264
13,14357
13,15890
13,884
13,15762
13,12
13,16241
13,14003
13,13693
13,5752
13,8376
13,10458
13,12978
13,10093
13,334
13,8684
13,299
13,3453
13,9341
13,5303
13,9054
13,15652
13,6079
13,2061
13,339
13,13082
13,7375
13,16697
13,15781
13,15680
13,3938
13,5289
13,11192
13,12276
13,7017
13,9875
13,3684
13,10797
13,11106
13,10267
13,13208
13,6482
13,1538
13,5000
13,13323
13,5750
13,9722
13,16939
13,5899
13,11591
13,13850
13,12146
13,727
13,17146
13,13936
13,2712
13,5330
13,13442
13,1291
13,5593
13,15096
13,12912
13,15999
13,17206
13,8645
13,14387
13,16051
13,246
13,4867
13,13937
13,14319
13,14892
13,9662
13,353
13,3903
13,13176
13,6356
13,12725
13,14019
13,2818
13,2118
13,7323
13,13835
13,15967
13,4027
13,8441
13,16932
13,12552
13,11934
13,13766
13,8938
13,15000
13,2781
13,1219
13,12524
13,15241
13,6992
13,14575
13,17214
13,12011
13,14826
13,12676
13,4838
13,8498
13,7212
13,15158
13,17412
13,8485
13,11243
13,2675
13,9500
13,3814
13,13858
13,5517
13,6911
13,13368
13,5469
13,9740
13,1549
13,17243
13,10203
13,3583
13,9183
13,10469
13,14632
13,13508
13,16337
13,4873
13,13333
13,15268
13,6853
13,13490
13,16113
13,2376
13,5902
13,8631
13,15839
13,13088
13,8379
13,7038
13,6439
13,10348
13,3858
13,14742
13,15588
13,2578
13,16562
13,13052
13,463
13,15807
13,7144
13,7783
13,17158
13,14529
13,10493
13,4008
13,7181
13,9136
13,1294
13,17241
13,14334
13,7414
13,14647
13,16551
13,9788
13,651
13,9909
13,4272
13,8992
13,6625
13,15035
13,3375
13,13825
13,5405
13,8996
13,2292
13,14969
13,4848
13,1542
13,14162
13,11554
13,7166
13,7681
13,10629
13,9156
13,10968
13,10921
13,15254
13,6437
13,11870
13,8954
13,9931
13,9147
13,10289
13,11427
13,380
13,6105
13,575
13,12775
13,13546
13,16584
13,8780
13,11299
13,2677
13,567
13,7322
13,3962
13,5262
13,11092
13,6681
13,4137
13,1010
13,11005
13,14574
13,10455
13,11046
13,6826
13,1926
13,1270
13,16117
13,15537
13,9394
13,6457
13,12473
13,15837
13,11436
13,16490
13,15748
13,3953
13,2000
13,5876
13,11222
13,12519
13,14136
13,9854
13,11469
13,15144
13,3201
13,8942
13,10199
13,2571
13,5720
13,5340
13,5152
13,6195
13,4025
13,9797
13,16326
13,11039
13,15198
13,922
13,13811
13,3150
13,16159
13,1008
13,16188
13,9933
13,10960
13,9188
13,4179
13,8985
13,2569
13,6811
13,3593
13,3978
13,1534
13,12609
13,13248
13,14975
13,13569
13,7294
13,3404
13,10129
13,15357
13,12324
13,610
13,5040
13,7767
13,14880
13,444
13,13954
13,8653
13,10780
13,5100
13,10334
13,15621
13,5556
13,15951
13,7429
13,5501
13,16669
13,9437
13,15913
13,17239
13,17168
13,2527
13,12305
13,176
13,1552
13,6882
13,11210
13,13757
13,1351
13,4182
13,11450
13,7332
13,7843
13,16638
13,10157
13,12800
13,8300
13,17434
13,2060
13,2208
13,11694
13,16442
13,14012
13,4537
13,8663
13,10815
13,3784
13,12399
13,677
13,3148
13,13398
13,7991
13,16574
13,3745
13,13673
13,5590
13,2580
13,15783
13,16713
13,12029
13,3320
13,11762
13,3310
13,11216
13,7989
13,12766
13,15412
13,15208
13,17123
13,10730
13,1605
13,4783
13,10223
13,10688
13,5853
13,886
13,15274
13,16174
13,15695
13,157
13,1125
13,4261
13,15993
13,3152
13,10031
13,3155
13,15130
13,4120
13,4942
13,4895
13,6045
13,9130
13,11912
13,8705
13,6512
13,8414
13,3755
13,15571
13,13793
13,17408
13,3126
13,3281
13,8505
13,9090
13,6666
13,12220
13,13607
13,13701
13,3714
13,6046
13,2606
13,842
13,14514
13,16381
13,11952
13,5992
13,7345
13,7427
13,4053
13,5136
13,15694
13,11461
13,730
13,15745
13,6573
13,16258
13,11315
13,4788
13,16517
13,12092
13,13305
13,6727
13,8226
13,14799
13,3249
13,10010
13,3396
13,1949
13,2124
13,11889
13,10794
13,15774
13,5408
13,4393
13,2600
13,12016
13,1482
13,7366
13,12770
13,16804
13,746
13,16251
13,5440
13,5104
13,7721
13,3669
13,11249
13,16146
13,7233
13,5139
13,14760
13,9799
13,2737
13,1475
13,10445
13,9086
13,5716
13,3466
13,7486
13,12683
13,2369
13,531
13,3864
13,4259
13,7265
13,5687
13,7515
13,2710
13,8767
13,13598
13,8381
13,4040
13,13574
13,8769
13,2662
13,16084
13,6790
13,6560
13,8214
13,4790
13,4209
13,14835
13,1308
13,12930
13,4152
13,14776
13,12990
13,3240
13,498
13,7840
13,2597
13,4490
13,12135
13,2825
13,14381
13,9514
13,3092
13,963
13,9840
13,6398
13,16553
13,8493
13,14507
13,5511
13,5569
13,12397
13,8510
13,17460
13,8951
13,538
13,12427
13,11780
13,6003
13,8681
13,16749
13,12938
13,7211
13,11791
13,6043
13,17430
13,8016
13,1179
13,1423
13,3103
13,6180
13,8369
13,15293
13,15979
13,7179
13,9018
13,9898
13,14220
13,16083
13,16150
13,3761
13,383
13,4744
13,6946
13,2324
13,763
13,12771
13,9998
13,1628
13,4395
13,13816
13,3437
13,5111
13,15650
13,9850
13,16145
13,13578
13,11115
13,10541
13,12118
13,4349
13,13694
13,4828
13,1162
13,12153
13,1452
13,14074
13,14080
13,16994
13,11205
13,15654
13,15487
13,1640
13,3937
13,11232
13,6994
13,6207
13,1111
13,8058
13,3813
13,4364
13,17130
13,11879
13,10447
13,1986
13,8622
13,10952
13,3499
13,16751
13,15477
13,9742
13,6008
13,155
13,5581
13,3195
13,11571
13,9621
13,10605
13,6885
13,16946
13,5524
13,17264
13,13650
13,9633
13,3911
13,4904
13,3594
13,7913
13,5495
13,13800
13,7118
13,12644
13,15850
13,10898
13,1656
13,573
13,8946
13,12027
13,2739
13,12717
13,11476
13,4953
13,10402
13,5872
13,14127
13,11068
13,11572
13,1340
13,15813
13,8551
13,15870
13,3577
13,4374
13,8742
13,2188
13,2011
13,2931
13,7903
13,7051
13,6243
13,3732
13,15722
13,9644
13,4843
13,4632
13,1253
13,16938
13,8518
13,14699
13,12692
13,1354
13,16544
13,4315
13,3976
13,6114
13,1684
13,10834
13,12845
13,717
13,7111
13,13479
13,17039
13,14825
13,6397
13,11946
13,2051
13,4829
13,1816
13,2583
13,12910
13,9560
13,5318
13,9002
13,7299
13,7494
13,13839
13,7226
13,13978
13,2520
13,1014
13,69
13,5760
13,13547
13,8365
13,2766
13,1939
13,8554
13,3863
13,2353
13,15224
13,272
13,5557
13,4217
13,4557
13,803
13,6055
13,12273
13,6971
13,12002
13,1690
13,16363
13,6327
13,4382
13,4932
13,9786
13,5184
13,1055
13,7848
13,3213
13,12994
13,3654
13,4350
13,755
13,5389
13,9240
13,4735
13,422
13,5447
13,15992
13,11598
13,10272
13,3806
13,12757
13,14917
13,16524
13,13283
13,12015
13,6968
13,4506
13,2894
13,7825
13,9117
13,16371
13,5143
13,6226
13,9382
13,11896
13,9775
13,15259
13,3038
13,145
13,1004
13,7811
13,13780
13,6127
13,17379
13,16120
13,9900
13,2437
13,101
13,6556
13,2672
13,9907
13,7220
13,6608
13,4345
13,17405
13,8356
13,4583
13,4045
13,5933
13,7132
13,4791
13,7898
13,10189
13,11794
13,5782
13,14098
13,1186
13,5475
13,5828
13,5753
13,4597
13,2587
13,11900
13,17431
13,5266
13,16856
13,11400
13,16027
13,3973
13,16845
13,12976
13,11323
13,14480
13,4639
13,8657
13,3843
13,4260
13,4076
13,15494
13,12426
13,12206
13,14565
13,9638
13,15457
13,195
13,3560
13,1681
13,13199
13,11440
13,6880
13,10029
13,16303
13,3562
13,13392
13,15955
13,11433
13,9906
13,1495
13,15202
13,8807
13,7257
13,16560
13,14128
13,8072
13,14422
13,4180
13,8248
13,17452
13,5276
13,9869
13,3468
13,15272
13,4174
13,9625
13,9719
13,3882
13,16063
13,15040
13,9817
13,2082
13,13129
13,4947
13,14997
13,6463
13,6840
13,2911
13,8792
13,16356
13,6394
13,3932
13,12424
13,2794
13,1210
13,9620
13,8820
13,2441
13,6175
13,7647
13,5188
13,17429
13,1113
13,1411
13,4567
13,17478
13,3325
13,9657
13,14540
13,8336
13,15507
13,8517
13,8565
13,2276
13,2023
13,14912
13,6715
13,16175
13,3558
13,12518
13,15892
13,14410
13,716
13,5789
13,12315
13,10049
13,15491
13,3176
13,14905
13,5892
13,4793
13,1575
13,10993
13,14920
13,10711
13,4502
13,13958
13,16948
13,15038
13,17373
13,102
13,125
13,17034
13,8451
13,3942
13,14550
13,4818
13,11607
13,5002
13,4289
13,2777
13,8523
13,7169
13,11350
13,2610
13,12539
13,13366
13,2168
13,3378
13,7546
13,1335
13,16923
13,10220
13,9677
13,484
13,1131
13,16445
13,6876
13,4553
13,13882
13,15977
13,2213
13,17051
13,385
13,122
13,3235
13,17395
13,14900
13,6609
13,7386
13,5337
13,5908
13,12833
13,10537
13,16144
13,12599
13,7803
13,9964
13,12498
13,7625
13,8538
13,12033
13,686
13,10938
13,15685
13,8664
13,15587
13,2274
13,16991
13,10673
13,4546
13,1604
13,6450
13,8771
13,6496
13,4432
13,859
13,1550
13,3368
13,1630
13,1997
13,14518
13,8081
13,3856
13,5654
13,7527
13,11566
13,4617
13,11012
13,13212
13,8621
13,1026
13,10142
13,5382
13,4505
13,7442
13,11245
13,1170
13,104
13,12491
13,12769
13,16072
13,5464
13,15637
13,13350
13,13339
13,1524
13,4801
13,10849
13,6859
13,3284
13,10607
13,16617
13,4802
13,9321
13,574
13,7045
13,3229
13,12363
13,15895
13,11301
13,17455
13,15065
13,9336
13,3098
13,8167
13,5119
13,6762
13,2643
13,7689
13,15502
13,3700
13,9311
13,4122
13,13601
13,15942
13,3084
13,4363
13,15779
13,4215
13,8784
13,3272
13,11686
13,6107
13,17099
13,13911
13,2379
13,10974
13,12997
13,11947
13,12041
13,7067
13,1063
13,1755
13,2502
13,14991
13,16037
13,12690
13,15017
13,7262
13,13271
13,292
13,13714
13,12452
13,17086
13,6586
13,4246
13,1540
13,13352
13,13614
13,116
13,7136
13,7209
13,14017
13,9495
13,13927
13,932
13,13960
13,6386
13,12057
13,12174
13,12877
13,11990
13,12190
13,15545
13,2870
13,6963
13,7582
13,15390
13,3187
13,2960
13,2979
13,5550
13,6916
13,3665
13,6371
13,10927
13,1177
13,7763
13,14655
13,6038
13,15218
13,10823
13,3677
13,11800
13,14166
13,5724
13,15416
13,12344
13,4205
13,393
13,3549
13,11025
13,6123
13,1078
13,7791
13,12871
13,5822
13,8990
13,9096
13,14185
13,7123
13,10475
13,13303
13,12258
13,15735
13,13777
13,9107
13,4541
13,15518
13,8986
13,2492
13,1494
13,17120
13,14383
13,10645
13,15550
13,3472
13,1348
13,10716
13,6466
13,16290
13,3314
13,4668
13,8358
13,5135
13,11287
13,8364
13,86
13,16571
13,2988
13,10805
13,14173
13,11173
13,6904
13,11473
13,17115
13,14743
13,3788
13,1892
13,14313
13,9440
13,2157
13,2002
13,7227
13,6835
13,9027
13,4252
13,2033
13,16850
13,14680
13,9210
13,10592
13,6541
13,9232
13,8406
13,8861
13,15511
13,15897
13,14725
13,939
13,10371
13,12416
13,4869
13,12400
13,15214
13,1781
13,4656
13,12723
13,2542
13,11705
13,15105
13,3068
13,6120
13,11708
13,2295
13,8009
13,9575
13,7618
13,5611
13,3919
13,2317
13,8895
13,14118
13,2769
13,4024
13,15579
13,8080
13,13552
13,7866
13,14545
13,7642
13,15287
13,3011
13,12593
14,4028
14,605
14,5609
14,17088
14,15228
14,8308
14,10000
14,7387
14,6627
14,9855
14,8462
14,6235
14,4480
14,14874
14,13554
14,3425
14,12231
14,3722
14,11834
14,1092
14,15569
14,7455
14,3821
14,14792
14,7756
14,16980
14,14564
14,15918
14,3248
14,8931
14,12254
14,14970
14,359
14,7328
14,1324
14,11743
14,7482
14,10066
14,12303
14,13003
14,2113
14,17325
14,6701
14,2264
14,10006
14,14097
14,4744
14,10791
14,12389
14,16098
14,16895
14,9375
14,4315
14,2860
14,3170
14,4621
14,14463
14,963
14,12264
14,10690
14,14093
14,1736
14,4794
14,863
14,2088
14,6624
14,6978
14,14732
14,10969
14,8020
14,1551
14,11645
14,17193
14,17333
14,10550
14,3168
14,10170
14,16018
14,10422
14,3633
14,616
14,2353
14,13273
14,17230
14,161
14,8305
14,16254
14,9469
14,4521
14,7060
14,16341
14,14965
14,1755
14,10026
14,8680
14,9569
14,9139
14,8655
14,5836
14,3833
14,9257
14,3855
14,2238
14,2683
14,5773
14,10879
14,16213
14,7738
14,11799
14,15671
14,9655
14,11839
14,14876
14,6858
14,8841
14,11150
14,3366
14,3864
14,6626
14,4281
14,9478
14,8322
14,13858
14,2247
14,7045
14,13332
14,3317
14,7816
14,13809
14,907
14,723
14,15443
14,8479
14,6411
14,3979
14,11594
14,2020
14,15508
14,3110
14,4133
14,5182
14,12480
14,10850
14,10856
14,6487
14,4815
14,15609
14,16445
14,5272
14,11698
14,9558
14,3567
14,1469
14,3889
14,4066
14,14680
14,431
14,7119
14,7739
14,3992
14,14537
14,16729
14,11425
14,1760
14,7752
14,15378
14,3043
14,2672
14,5004
14,13510
14,4427
14,3784
14,3474
14,14371
14,15042
14,5723
14,15237
14,7555
14,10369
14,10939
14,8530
14,6288
14,5996
14,13632
14,3184
14,5826
14,16632
14,8397
14,15842
14,16520
14,10084
14,5548
14,2775
14,4594
14,8490
14,7940
14,13442
14,8638
14,10621
14,2800
14,7674
14,17449
14,15038
14,14145
14,14596
14,77
14,3225
14,3412
14,5195
14,11567
14,15368
14,15680
14,2267
14,5891
14,321
14,2278
14,8863
14,5
14,6731
14,10463
14,17238
14,15324
14,3391
14,5946
14,255
14,9256
14,13131
14,8642
14,14511
14,11111
14,1030
14,4699
14,16937
14,7760
14,9536
14,68
14,16179
14,11689
14,12934
14,306
14,9607
14,10667
14,64
14,14979
14,1642
14,12404
14,6405
14,2340
14,4150
14,2410
14,15303
14,403
14,10240
14,13308
14,4962
14,4987
14,7895
14,13221
14,2852
14,16716
14,3742
14,6821
14,10233
14,10773
14,9826
14,5350
14,9445
14,16568
14,3898
14,15768
14,15345
14,11602
14,2259
14,8883
14,4644
14,4520
14,8942
14,1931
14,11116
14,5866
14,2748
14,5750
14,202
14,11147
14,13300
14,4180
14,2129
14,14805
14,2415
14,7801
14,17156
14,3121
14,15722
14,7197
14,17383
14,16071
14,9702
14,3956
14,5244
14,251
14,1075
14,1506
14,4131
14,9540
14,11398
14,2466
14,7915
14,8784
14,3713
14,16016
14,11694
14,232
14,2263
14,2769
14,2502
14,13855
14,10762
14,3228
14,641
14,895
14,448
14,9782
14,13879
14,12324
14,10928
14,8851
14,9303
14,13019
14,14152
14,4799
14,8154
14,16644
14,3135
14,13673
14,8741
14,9289
14,15196
14,2450
14,7590
14,10212
14,15771
14,15095
14,135
14,7573
14,13792
14,10848
14,15549
14,3963
14,13357
14,15823
14,3782
14,14203
14,10570
14,7301
14,1307
14,16585
14,10086
14,17207
14,3203
14,14671
14,9396
14,14102
14,12720
14,2851
14,16763
14,13383
14,11957
14,833
14,13496
14,7169
14,3772
14,7332
14,7788
14,1009
14,13993
14,15015
14,15037
14,6391
14,15611
14,2747
14,14346
14,8360
14,5863
14,5843
14,5565
14,16342
14,7248
14,1414
14,10704
14,13211
14,12555
14,10994
14,6467
14,10042
14,6505
14,7392
14,17464
14,11550
14,17261
14,15534
14,10606
14,1328
14,2150
14,12639
14,814
14,7715
14,8456
14,17
14,1484
14,965
14,3160
14,17090
14,1590
14,8196
14,10904
14,10637
14,14124
14,12788
14,14237
14,10010
14,10372
14,17082
14,10932
14,13287
14,10541
14,9825
14,15607
14,946
14,6904
14,8357
14,5687
14,16258
14,11394
14,16972
14,2546
14,15338
14,13650
14,6700
14,8674
14,7855
14,8714
14,14452
14,8251
14,7622
14,4143
14,11954
14,7703
14,836
14,6180
14,1675
14,2717
14,7376
14,6613
14,13839
14,2202
14,14737
14,9657
14,4632
14,2889
14,14247
14,1442
14,12659
14,16948
14,17155
14,7133
14,3472
14,3019
14,10331
14,1920
14,3630
14,4624
14,2101
14,11433
14,8
14,14853
14,15963
14,11651
14,16146
14,16231
14,12280
14,6262
14,1787
14,1445
14,5626
14,2862
14,16232
14,2240
14,524
14,15545
14,16932
14,12973
14,8156
14,142
14,569
14,10958
14,6096
14,8615
14,10040
14,9403
14,9326
14,126
14,4893
14,10675
14,16929
14,14223
14,8293
14,14639
14,13969
14,4992
14,7975
14,24
14,13917
14,14010
14,1710
14,9873
14,6511
14,5555
14,10393
14,9598
14,17236
14,2908
14,4724
14,11890
14,10722
14,15981
14,13597
14,6805
14,6322
14,6210
14,11923
14,6019
14,2639
14,1247
14,15707
14,3747
14,5278
14,4677
14,4286
14,5406
14,10551
14,13870
14,16684
14,6371
14,16956
14,8354
14,1255
14,10614
14,5763
14,12912
14,9709
14,10537
14,12632
14,1778
14,3309
14,8968
14,790
14,14445
14,11664
14,4737
14,5099
14,8487
14,1311
14,6567
14,9030
14,9435
14,5162
14,10229
14,4835
14,6612
14,15999
14,15765
14,9700
14,11728
14,16946
14,11045
14,15942
14,1878
14,1238
14,14110
14,8069
14,13633
14,9008
14,2642
14,4172
14,11213
14,14543
14,14947
14,15020
14,10894
14,11856
14,1205
14,1911
14,14986
14,8749
14,14841
14,1252
14,7732
14,10505
14,12962
14,5705
14,2616
14,6190
14,4864
14,7926
14,8940
14,8076
14,3851
14,9952
14,7905
14,1065
14,3893
14,7389
14,14746
14,11256
14,13167
14,13883
14,6366
14,8660
14,4300
14,4288
14,4095
14,539
14,4522
14,15960
14,14059
14,387
14,2370
14,8215
14,8183
14,698
14,14496
14,3254
14,16638
14,10776
14,8643
14,11618
14,1855
14,929
14,11601
14,15628
14,3920
14,11990
14,722
14,8429
14,14133
14,1892
14,5618
14,11162
14,13340
14,191
14,14625
14,2634
14,1727
14,17056
14,7735
14,12457
14,14703
14,16347
14,2733
14,816
14,16375
14,3574
14,7256
14,1977
14,682
14,6824
14,13749
14,11332
14,282
14,8587
14,7579
14,3024
14,8892
14,6524
14,12150
14,10691
14,1725
14,8238
14,6852
14,12039
14,9313
14,14617
14,3917
14,9436
14,1353
14,13370
14,11981
14,5116
14,17104
14,10744
14,6726
14,14263
14,3897
14,1441
14,988
14,12898
14,9000
14,17299
14,12330
14,14222
14,7134
14,13998
14,8889
14,10761
14,2418
14,5266
14,3578
14,10329
14,8286
14,5982
14,4618
14,8032
14,5790
14,12566
14,16939
14,14131
14,8768
14,1227
14,8289
14,5862
14,15101
14,15679
14,16183
14,8173
14,2883
14,7370
14,8716
14,11013
14,97
14,900
14,7179
14,9217
14,13944
14,5131
14,11564
14,1531
14,4198
14,10790
14,8872
14,7007
14,14821
14,758
14,546
14,5734
14,9866
14,4379
14,6334
14,10050
14,6294
14,13986
14,13897
14,4608
14,14095
14,5729
14,6801
14,10995
14,724
14,15221
14,6416
14,16811
14,12401
14,4398
14,15477
14,11540
14,190
14,15113
14,13802
14,15047
14,12110
14,17138
14,12034
14,16649
14,16611
14,10408
14,3117
14,2552
14,3070
14,10666
14,6509
14,1032
14,13800
14,3162
14,9042
14,11270
14,6770
14,10308
14,4931
14,16246
14,2356
14,14609
14,16906
14,7881
14,449
14,16285
14,17018
14,8541
14,3564
14,17380
14,5630
14,9673
14,1453
14,6729
14,12490
14,11710
14,9439
14,13342
14,1326
14,6316
14,2285
14,9998
14,12020
14,7354
14,507
14,8728
14,8766
14,9712
14,340
14,2314
14,6337
14,10218
14,9590
14,3858
14,7382
14,10262
14,470
14,3965
14,14026
14,4985
14,9641
14,16122
14,2479
14,12146
14,6616
14,405
14,16330
14,11838
14,6474
14,3891
14,12439
14,4297
14,9127
14,8256
14,1968
14,15220
14,10553
14,9802
14,12123
14,7330
14,8426
14,8163
14,4950
14,2205
14,4681
14,103
14,10276
14,7340
14,5112
14,374
14,11575
14,14457
14,15700
14,13410
14,10724
14,10920
14,6077
14,9926
14,2613
14,8920
14,14531
14,4407
14,16319
14,17265
14,8091
14,3709
14,11390
14,5847
14,8297
14,4144
14,14128
14,6102
14,7249
14,16960
14,3581
14,10341
14,886
14,10109
14,2903
14,8477
14,11686
14,8896
14,187
14,13314
14,180
14,11752
14,6796
14,5598
14,4412
14,1770
14,7013
14,13296
14,10271
14,17223
14,3449
14,7904
14,8096
14,10587
14,6526
14,11986
14,13023
14,11657
14,850
14,450
14,4221
14,11932
14,1621
14,15760
14,5589
14,11715
14,1214
14,799
14,11166
14,16579
14,2221
14,4955
14,3424
14,14420
14,461
14,160
14,11918
14,12263
14,13243
14,15688
14,10888
14,10175
14,10248
14,6017
14,10062
14,11247
14,5226
14,5794
14,12688
14,6980
14,13473
14,13963
14,543
14,9446
14,3349
14,9035
14,13725
14,16678
14,16762
14,13976
14,13900
14,8405
14,478
14,8887
14,1853
14,12746
14,9121
14,9290
14,11563
14,10662
14,15835
14,8781
14,2533
14,2252
14,1034
14,14495
14,11143
14,6981
14,13980
14,17481
14,10400
14,2983
14,1644
14,8617
14,9885
14,12063
14,6254
14,1154
14,15964
14,14307
14,5741
14,1060
14,15735
14,12438
14,1194
14,7556
14,14286
14,16392
14,15061
14,14295
14,5779
14,8606
14,17255
14,1619
14,7083
14,9449
14,3921
14,15400
14,7883
14,5383
14,9462
14,14469
14,8346
14,4635
14,1865
14,16785
14,11902
14,2819
14,8200
14,2581
14,11955
14,14589
14,1816
14,6095
14,17335
14,7246
14,12362
14,3270
14,620
14,8554
14,15468
14,14828
14,5425
14,7731
14,16176
14,13143
14,16486
14,17001
14,8265
14,2029
14,15655
14,5265
14,3201
14,6348
14,14798
14,7182
14,15557
14,3912
14,12806
14,7897
14,12472
14,15989
14,2322
14,9102
14,1833
14,1830
14,6458
14,9849
14,14621
14,5693
14,10842
14,2470
14,11640
14,9717
14,5977
14,15034
14,4770
14,14953
14,7075
14,8128
14,13712
14,2062
14,1623
14,15285
14,15103
14,3813
14,7097
14,8979
14,16413
14,7208
14,1695
14,2763
14,17109
14,7901
14,14857
14,6680
14,2169
14,5159
14,10402
14,8685
14,15616
14,11443
14,10168
14,11352
14,12014
14,3080
14,3050
14,17228
14,9395
14,11949
14,16000
14,5812
14,9546
14,762
14,2481
14,1355
14,4354
14,2833
14,5682
14,13497
14,16155
14,8448
14,1253
14,4411
14,4836
14,14253
14,8609
14,3326
14,2782
14,4393
14,15759
14,15128
14,2148
14,13483
14,6051
14,13634
14,10913
14,15322
14,7685
14,12852
14,11095
14,14132
14,1411
14,15480
14,7440
14,5700
14,12908
14,4689
14,11495
14,1218
14,8573
14,4562
14,4176
14,5911
14,16086
14,10974
14,3002
14,1339
14,5285
14,6866
14,352
14,9958
14,13826
14,5257
14,2092
14,1874
14,921
14,8320
14,13825
14,9831
14,11606
14,6090
14,16220
14,12248
14,17258
14,14403
14,708
14,13653
14,3547
14,17491
14,7268
14,898
14,12797
14,16808
14,2250
14,12208
14,11319
14,15911
14,7273
14,15568
14,1087
14,2721
14,3976
14,17179
14,10144
14,12136
14,6459
14,5084
14,8814
14,14632
14,692
14,1068
14,11249
14,6046
14,6948
14,6130
14,6355
14,5450
14,786
14,12890
14,517
14,5382
14,11241
14,7295
14,4625
14,17438
14,10434
14,11294
14,3774
14,8514
14,4376
14,16648
14,11320
14,6693
14,1614
14,8737
14,12390
14,9138
14,8874
14,10736
14,13067
14,1673
14,16735
14,10012
14,11139
14,16050
14,4936
14,12130
14,13239
14,4147
14,12778
14,14904
14,8842
14,16625
14,13113
14,4512
14,12600
14,1171
14,13242
14,5318
14,17418
14,13203
14,6717
14,15936
14,17484
14,13742
14,11289
14,1764
14,1231
14,4204
14,3427
14,4246
14,15029
14,152
14,9393
14,13465
14,2899
14,9654
14,3801
14,14706
14,695
14,13480
14,10936
14,2133
14,2432
14,13264
14,10789
14,6640
14,9938
14,12593
14,15122
14,11279
14,15755
14,1193
14,16403
14,2440
14,12818
14,3058
14,590
14,2023
14,8869
14,9296
14,11958
14,8605
14,11578
14,2880
14,188
14,2549
14,10769
14,1529
14,1291
14,1982
14,10934
14,13718
14,7924
14,3462
14,10054
14,5009
14,9659
14,1893
14,15953
14,12976
14,11935
14,7480
14,9643
14,11558
14,5953
14,13999
14,14992
14,4013
14,6163
14,2435
14,4186
14,6050
14,6983
14,15432
14,3530
14,14968
14,4404
14,14313
14,16559
14,13267
14,10887
14,2919
14,14742
14,13744
14,6621
14,3123
14,10998
14,8627
14,10385
14,16664
14,15769
14,14925
14,2881
14,6574
14,1421
14,9915
14,10489
14,6944
14,10611
14,11129
14,8172
14,2031
14,13220
14,9650
14,4059
14,1402
14,16052
14,5323
14,1358
14,15396
14,16900
14,6276
14,844
14,10990
14,16187
14,8406
14,14086
14,8019
14,7264
14,13669
14,15604
14,17426
14,5074
14,13545
14,17217
14,14416
14,5720
14,16365
14,4740
14,16248
14,2849
14,10182
14,16749
14,10889
14,5675
14,15125
14,7956
14,9560
14,11830
14,16436
14,4614
14,12423
14,15456
14,16037
14,6261
14,15198
14,5132
14,11442
14,10150
14,12695
14,6625
14,14092
14,3668
14,7587
14,4789
14,15265
14,10302
14,14003
14,5370
14,15025
14,10569
14,16274
14,6099
14,8748
14,15681
14,494
14,8174
14,7700
14,5658
14,2967
14,9254
14,12594
14,5907
14,10867
14,12584
14,17384
14,8373
14,2835
14,37
14,4549
14,16437
14,16495
14,9848
14,6881
14,481
14,10968
14,17098
14,14154
14,12151
14,9863
14,15085
14,1134
14,12853
14,5256
14,2670
14,3013
14,2907
14,14812
14,5422
14,14765
14,8472
14,7758
14,6844
14,1946
14,127
14,183
14,16140
14,3770
14,10186
14,1152
14,14437
14,15527
14,15859
14,14246
14,15117
14,8624
14,801
14,17052
14,8933
14,414
14,1120
14,5249
14,2295
14,14388
14,4234
14,15652
14,6491
14,15782
14,7338
14,8895
14,7251
14,7391
14,10351
14,5841
14,14563
14,3073
14,10623
14,1286
14,12181
14,15078
14,10453
14,6862
14,5976
14,12387
14,6677
14,372
14,12850
14,14433
14,4077
14,5557
14,3529
14,1708
14,16396
14,6117
14,13860
14,5708
14,9884
14,572
14,10863
14,2831
14,16614
14,12028
14,9057
14,14911
14,9877
14,17000
14,10323
14,8436
14,2751
14,12317
14,6393
14,15104
14,11738
14,5539
14,10082
14,15444
14,11324
14,5620
14,102
14,11187
14,7772
14,16548
14,6651
14,8793
14,3446
14,13162
14,12191
14,1258
14,4749
14,17385
14,15599
14,8291
14,9358
14,9711
14,6376
14,1683
14,11893
14,12077
14,600
14,4345
14,3034
14,7737
14,7882
14,12400
14,11849
14,11536
14,798
14,3057
14,6508
14,5110
14,13076
14,5388
14,16259
14,13737
14,10177
14,4554
14,4132
14,11321
14,4826
14,3950
14,10241
14,10857
14,6559
14,8738
14,8203
14,5068
14,852
14,1525
14,8706
14,15297
14,11058
14,100
14,10001
14,8466
14,2709
14,15386
14,17381
14,13651
14,14642
14,12650
14,9907
14,13928
14,11742
14,17327
14,10522
14,4883
14,1964
14,8707
14,3862
14,10256
14,15618
14,5577
14,13346
14,14352
14,12018
14,13147
14,12823
14,14100
14,12885
14,1775
14,8877
14,1001
14,14602
14,2026
14,4419
14,2324
14,675
14,7010
14,11275
14,15372
14,16719
14,17305
14,13504
14,4463
14,7090
14,8427
14,7635
14,8899
14,9044
14,15052
14,17197
14,6104
14,368
14,5985
14,11732
14,13694
14,11604
14,8769
14,1753
14,10253
14,7369
14,5770
14,16446
14,13763
14,14574
14,13909
14,15633
14,15856
14,11302
14,11775
14,11644
14,1245
14,10712
14,16217
14,16041
14,15686
14,8372
14,10678
14,10052
14,7297
14,7775
14,3768
14,13937
14,1147
14,16898
14,15855
14,5504
14,15895
14,3124
14,11806
14,10567
14,16240
14,12691
14,13984
14,17279
14,2097
14,14804
14,210
14,5510
14,1287
14,14323
14,3466
14,12630
14,15281
14,8386
14,8603
14,3197
14,5846
14,11444
14,6121
14,3718
14,11356
14,12479
14,8393
14,1143
14,9143
14,679
14,6205
14,8089
14,11822
14,12107
14,14747
14,13313
14,17057
14,6007
14,12009
14,6501
14,2276
14,16995
14,13111
14,13593
14,4334
14,7444
14,6652
14,1733
14,15323
14,6413
14,13622
14,11894
14,7849
14,8517
14,11762
14,8040
14,1127
14,2360
14,9283
14,11203
14,14769
14,10073
14,1938
14,10328
14,14648
14,6716
14,3544
14,3563
14,9105
14,2622
14,16409
14,194
14,10982
14,11136
14,13151
14,8734
14,9715
14,11455
14,4847
14,16877
14,7745
14,28
14,149
14,7154
14,11462
14,6715
14,9451
14,5486
14,15342
14,11089
14,6041
14,1586
14,13791
14,15088
14,13557
14,3383
14,851
14,1837
14,17443
14,2269
14,1211
14,6681
14,1663
14,15359
14,14717
14,11643
14,14057
14,16606
14,8513
14,8494
14,6867
14,14327
14,10110
14,7071
14,10849
14,16468
14,15150
14,13011
14,5302
14,10557
14,14193
14,3429
14,6519
14,5579
14,16569
14,14603
14,12356
14,4690
14,2388
14,1080
14,3167
14,172
14,13026
14,12071
14,3460
14,4417
14,15657
14,3033
14,587
14,11995
14,7054
14,2012
14,2660
14,7144
14,9075
14,13981
14,16428
14,7484
14,16976
14,9195
14,259
14,11865
14,16836
14,12262
14,3298
14,4575
14,6317
14,11480
14,7551
14,4993
14,3752
14,2897
14,14814
14,16894
14,9272
14,9666
14,10965
14,10847
14,3550
14,3554
14,13625
14,10334
14,7374
14,4361
14,2518
14,5765
14,12338
14,17348
14,8316
14,823
14,12708
14,13546
14,5358
14,13002
14,10340
14,16599
14,3661
14,12037
14,6447
14,12133
14,16157
14,4869
14,6892
14,362
14,9514
14,15469
14,3499
14,11492
14,11936
14,4462
14,14516
14,3935
14,10725
14,11239
14,2758
14,5165
14,10833
14,12952
14,1018
14,13142
14,1131
14,4551
14,6245
14,12631
14,2130
14,12563
14,12350
14,13773
14,8078
14,4600
14,9053
14,4619
14,7365
14,6470
14,3708
14,15533
14,5852
14,14127
14,6093
14,7972
14,6618
14,11334
14,8666
14,15563
14,8826
14,8516
14,16536
14,15719
14,2086
14,8284
14,15940
14,11844
14,16659
14,7239
14,2195
14,8392
14,16379
14,6321
14,10764
14,3491
14,666
14,13661
14,366
14,7602
14,4578
14,6517
14,11808
14,274
14,12768
14,9596
14,16982
14,6531
14,2254
14,16857
14,3133
14,5665
14,2372
14,7692
14,12241
14,11595
14,11884
14,11209
14,2882
14,14721
14,14299
14,54
14,10540
14,1383
14,13740
14,2809
14,4957
14,13192
14,10844
14,3616
14,1819
14,14319
14,1129
14,222
14,11876
14,2993
14,11692
14,12660
14,12363
14,4882
14,2068
14,2272
14,5538
14,13
14,6450
14,6230
14,14227
14,2781
14,6880
14,13351
14,6247
14,13688
14,11155
14,1070
14,14042
14,9762
14,8206
14,6425
14,4179
14,15923
14,809
14,14143
14,4087
14,3455
14,4371
14,7468
14,17115
14,1115
14,13407
14,11225
14,16764
14,15280
14,1818
14,12157
14,13612
14,4733
14,706
14,15708
14,14013
14,3397
14,3054
14,14704
14,2509
14,6080
14,325
14,7527
14,8509
14,10115
14,11154
14,17008
14,15512
14,11005
14,13668
14,15593
14,13324
14,349
14,6300
14,10710
14,1168
14,9733
14,3405
14,10786
14,7792
14,6144
14,10438
14,491
14,10277
14,13901
14,15547
14,15177
14,12152
14,3027
14,16404
14,5739
14,16668
14,1433
14,17246
14,8248
14,8306
14,9999
14,643
14,10963
14,11050
14,85
14,12419
14,7050
14,15252
14,15696
14,365
14,6431
14,7967
14,3237
14,13705
14,9867
14,8230
14,6211
14,16774
14,13291
14,1346
14,16665
14,17463
14,3194
14,12392
14,13851
14,11532
14,13269
14,8468
14,3231
14,6784
14,14720
14,15
14,9785
14,5080
14,11276
14,6888
14,1106
14,14839
14,5855
14,7036
14,6313
14,11875
14,14694
14,2304
14,16483
14,4283
14,3557
14,4326
14,14651
14,15485
14,10708
14,12986
14,4965
14,12132
14,14370
14,11628
14,10972
14,9354
14,5359
14,13170
14,2065
14,5522
14,4464
14,9834
14,10818
14,3256
14,15124
14,2301
14,4034
14,7823
14,14612
14,8786
14,11508
14,1530
14,2793
14,7568
14,12162
14,8531
14,5284
14,15017
14,15405
14,11816
14,11543
14,14793
14,8221
14,8570
14,3905
14,216
14,7659
14,2716
14,2607
14,15484
14,16787
14,731
14,1971
14,16998
14,2066
14,4063
14,11744
14,6259
14,12635
14,6462
14,15520
14,14966
14,12256
14,13947
14,13575
14,16419
14,5669
14,14310
14,4450
14,2528
14,6704
14,8086
14,6390
14,12741
14,13982
14,8401
14,9158
14,17211
14,13988
14,15404
14,9461
14,7944
14,10356
14,10831
14,598
14,16726
14,1474
14,12838
14,8525
14,2807
14,6976
14,459
14,11818
14,3988
14,8482
14,14854
14,14482
14,3577
14,14175
14,15742
14,497
14,4072
14,2828
14,7810
14,7269
14,6911
14,15407
14,15518
14,15090
14,7453
14,10343
14,9928
14,14372
14,5885
14,7337
14,7996
14,8717
14,17053
14,299
14,3972
14,12391
14,10873
14,6172
14,15118
14,5026
14,6047
14,10945
14,7957
14,1290
14,15154
14,4801
14,11199
14,5880
14,956
14,3929
14,10069
14,3526
14,11384
14,12828
14,9161
14,7884
14,10498
14,10839
14,3916
14,3541
14,553
14,16570
14,14797
14,489
14,16470
14,14807
14,16740
14,390
14,14218
14,8363
14,5807
14,7506
14,6479
14,14730
14,7860
14,2928
14,4758
14,467
14,11185
14,7617
14,14257
14,948
14,5372
14,691
14,1518
14,8633
14,2268
14,7422
14,6909
14,15415
14,2297
14,3128
14,16978
14,5391
14,9698
14,5309
14,3324
14,6407
14,11096
14,9325
14,5039
14,13707
14,7959
14,12051
14,15493
14,12101
14,3232
14,5102
14,8280
14,7253
14,10980
14,1533
14,1361
14,7859
14,12559
14,13926
14,10226
14,8671
14,17434
14,9728
14,13446
14,198
14,2641
14,5602
14,2500
14,3513
14,12031
14,16694
14,6389
14,8365
14,4022
14,10777
14,112
14,17273
14,3552
14,2653
14,11874
14,11761
14,2633
14,9465
14,15845
14,5161
14,13250
14,1071
14,13683
14,8508
14,757
14,2233
14,4832
14,1085
14,6142
14,15190
14,16325
14,4355
14,13328
14,10025
14,13715
14,13558
14,14006
14,16941
14,1516
14,3241
14,16475
14,13487
14,16737
14,3251
14,11467
14,1452
14,9708
14,3393
14,10699
14,2347
14,7366
14,8414
14,4712
14,4504
14,7502
14,2864
14,3052
14,8640
14,13329
14,5788
14,13282
14,2474
14,1037
14,14063
14,3273
14,9564
14,7363
14,3376
14,11405
14,7099
14,11534
14,11731
14,17298
14,9084
14,16127
14,15721
14,9605
14,7373
14,3559
14,3985
14,7427
14,1692
14,3247
14,6722
14,7698
14,12214
14,12513
14,11569
14,3806
14,7829
14,6244
14,14767
14,16123
14,11152
14,14342
14,11108
14,5897
14,215
14,8949
14,8993
14,8387
14,6951
14,7689
14,10635
14,7188
14,3084
14,2320
14,2952
14,10944
14,14236
14,9100
14,15984
14,4025
14,12145
14,1728
14,9237
14,9794
14,7858
14,10860
14,1746
14,5410
14,3845
14,15790
14,15290
14,6551
14,13585
14,864
14,11750
14,11821
14,12582
14,17278
14,15883
14,15066
14,4751
14,4818
14,17423
14,1862
14,3239
14,16674
14,5475
14,10198
14,10583
14,16874
14,9185
14,6817
14,5460
14,14343
14,10692
14,14735
14,14568
14,2001
14,9387
14,4536
14,10900
14,13556
14,1494
14,8557
14,16854
14,4539
14,7475
14,656
14,7713
14,7999
14,2181
14,14
14,9021
14,6982
14,6268
14,7072
14,10023
14,1922
14,229
14,11788
14,8765
14,11115
14,13126
14,10630
14,5837
14,3593
14,3063
14,768
14,2251
14,12339
14,15258
14,1273
14,10781
14,6607
14,2376
14,1295
14,17459
14,11268
14,385
14,11741
14,1447
14,9359
14,1420
14,1907
14,4795
14,7445
14,10387
14,6735
14,7156
14,595
14,123
14,3440
14,13736
14,13806
14,9424
14,6685
14,7670
14,10295
14,16302
14,9037
14,10707
14,3729
14,9816
14,6690
14,14071
14,4476
14,11939
14,7353
14,16331
14,3355
14,328
14,3289
14,1098
14,10713
14,9205
14,13286
14,11934
14,15639
14,13426
14,711
14,3
14,8822
14,14763
14,7043
14,12343
14,2040
14,12217
14,12178
14,502
14,1929
14,7609
14,1220
14,13415
14,12066
14,15451
14,7538
14,13859
14,7257
14,17063
14,14405
14,12411
14,15183
14,2108
14,4660
14,8705
14,4328
14,14678
14,5582
14,2316
14,7346
14,5516
14,5409
14,2595
14,6601
14,8344
14,13843
14,5722
14,11864
14,10717
14,13813
14,4505
14,10457
14,5027
14,4786
14,8085
14,1202
14,8301
14,855
14,12812
14,2037
14,7021
14,8150
14,7206
14,14424
14,6734
14,604
14,17347
14,13949
14,13189
14,16159
14,15838
14,16313
14,10255
14,10953
14,7863
14,12733
14,3106
14,5549
14,9275
14,7120
14,7477
14,1871
14,10625
14,3266
14,15626
14,7459
14,17276
14,15701
14,535
14,5767
14,8420
14,9814
14,5207
14,2799
14,10632
14,11734
14,16026
14,15839
14,6875
14,13312
14,1496
14,9294
14,12398
14,6576
14,15108
14,7782
14,13973
14,4667
14,10065
14,7309
14,9218
14,4589
14,803
14,16138
14,336
14,909
14,4747
14,6929
14,6738
14,2351
14,9467
14,13416
14,4999
14,5361
14,15458
14,13425
14,9579
14,7245
14,9038
14,15395
14,3406
14,2115
14,15717
14,4175
14,7973
14,4406
14,2399
14,15637
14,15920
14,6883
14,2912
14,7898
14,13735
14,3041
14,3852
14,3682
14,13281
14,10093
14,4493
14,4010
14,3454
14,16239
14,1471
14,992
14,11908
14,621
14,14641
14,12859
14,1173
14,15993
14,4730
14,144
14,14540
14,7968
14,178
14,5816
14,2038
14,772
14,10389
14,10159
14,16460
14,8578
14,10142
14,6682
14,3613
14,264
14,7615
14,6788
14,6749
14,2900
14,9094
14,16700
14,14846
14,7241
14,155
14,250
14,1480
14,12246
14,8219
14,1015
14,15449
14,12824
14,12648
14,11887
14,13271
14,13542
14,16741
14,15664
14,7252
14,1493
14,13219
14,935
14,4843
14,506
14,5333
14,11755
14,11002
14,7048
14,12697
14,9810
14,4856
14,4873
14,4803
14,4628
14,12925
14,11423
14,5155
14,14278
14,4729
14,2271
14,3361
14,7749
14,3172
14,15309
14,13073
14,998
14,12981
14,5242
14,7183
14,11112
14,13965
14,3859
14,14504
14,9966
14,15473
14,4975
14,78
14,2742
14,1858
14,6025
14,3827
14,1108
14,15786
14,14700
14,14160
14,14701
14,11868
14,7544
14,15013
14,2032
14,9341
14,9106
14,4634
14,15619
14,113
14,13363
14,12172
14,10558
14,1049
14,13798
14,7226
14,2414
14,14037
14,11168
14,9562
14,10075
14,2149
14,5313
14,16529
14,9521
14,6333
14,11854
14,2593
14,15390
14,1237
14,13458
14,2875
14,3062
14,14150
14,1463
14,16537
14,5878
14,9061
14,11038
14,11141
14,7080
14,12654
14,4780
14,12753
14,10714
14,3431
14,11084
14,8391
14,15809
14,6381
14,1976
14,9927
14,10942
14,8692
14,8257
14,4436
14,8160
14,12984
14,8776
14,15519
14,3704
14,15976
14,2796
14,3580
14,6058
14,17118
14,7199
14,6744
14,14635
14,13467
14,5103
14,13959
14,10114
14,3004
14,6156
14,9917
14,3305
14,7221
14,6027
14,563
14,10660
14,13675
14,15774
14,14178
14,8339
14,13960
14,1508
14,8708
14,5263
14,7651
14,15849
14,11037
14,9883
14,6240
14,5813
14,17326
14,8886
14,12560
14,5596
14,14485
14,15452
14,4988
14,7242
14,14783
14,5808
14,10910
14,5667
14,8948
14,9046
14,5451
14,9550
14,4587
14,5347
14,12483
14,7903
14,9140
14,12165
14,11712
14,13440
14,9137
14,14917
14,3548
14,5056
14,1895
14,10772
14,8327
14,10445
14,5699
14,1333
14,13607
14,12811
14,8295
14,4785
14,9647
14,3771
14,15087
14,17368
14,333
14,3591
14,2452
14,6145
14,7662
14,16476
14,12187
14,4961
14,14823
14,4960
14,17310
14,6536
14,3293
14,3961
14,223
14,10471
14,10753
14,12646
14,12427
14,14985
14,16714
14,13840
14,3278
14,8105
14,11945
14,5401
14,13034
14,12142
14,1872
14,7946
14,14709
14,4055
14,12184
14,6423
14,4503
14,16590
14,5817
14,7908
14,12847
14,6012
14,13161
14,15758
14,4157
14,12514
14,5945
14,13891
14,16997
14,12274
14,7166
14,9860
14,12972
14,11872
14,10727
14,15007
14,2681
14,15922
14,14151
14,15114
14,12428
14,6893
14,4943
14,6568
14,9635
14,4473
14,14165
14,1927
14,15336
14,15767
14,699
14,5551
14,16640
14,16094
14,4264
14,15694
14,947
14,16087
14,733
14,12393
14,6974
14,17136
14,8194
14,2361
14,14122
14,16229
14,4409
14,7289
14,14002
14,16935
14,8511
14,16627
14,13820
14,2152
14,4652
14,12534
14,6771
14,15799
14,9284
14,16130
14,3746
14,9661
14,14045
14,8334
14,661
14,4754
14,7597
14,14646
14,1515
14,13401
14,3880
14,3602
14,9063
14,13210
14,10364
14,6236
14,4048
14,14473
14,1031
14,13475
14,7706
14,14182
14,3846
14,10097
14,5799
14,3941
14,6560
14,6741
14,13255
14,2024
14,715
14,2592
14,17376
14,9332
14,14358
14,12916
14,6074
14,646
14,6419
14,6825
14,11780
14,2110
14,360
14,16655
14,4449
14,12284
14,14062
14,12095
14,2712
14,13652
14,17271
14,2801
14,1259
14,2462
14,15882
14,3488
14,4909
14,1422
14,16498
14,13552
14,11252
14,14114
14,3142
14,564
14,15301
14,15654
14,8543
14,12388
14,12872
14,3502
14,3370
14,2118
14,10701
14,11088
14,5386
14,13716
14,3138
14,9369
14,2433
14,16364
14,3076
14,4797
14,10728
14,150
14,12458
14,4433
14,16837
14,13686
14,11189
14,14956
14,8052
14,5526
14,5188
14,7270
14,7189
14,6583
14,6232
14,14656
14,11103
14,8371
14,4719
14,17047
14,1794
14,9776
14,3316
14,785
14,2147
14,4545
14,2454
14,16401
14,6860
14,8996
14,893
14,7564
14,14108
14,8296
14,5797
14,4222
14,1264
14,9429
14,16360
14,2384
14,3061
14,5093
14,14827
14,9821
14,14091
14,13016
14,14030
14,4888
14,4814
14,12540
14,3056
14,5025
14,6237
14,9734
14,7826
14,11665
14,5564
14,9644
14,5670
14,11021
14,1886
14,1179
14,12949
14,17116
14,11638
14,2283
14,12247
14,1443
14,2005
14,3798
14,9931
14,2570
14,10056
14,5711
14,2858
14,6162
14,203
14,14262
14,8664
14,10235
14,1767
14,331
14,11171
14,4721
14,15416
14,9183
14,8023
14,8268
14,3725
14,5240
14,7178
14,13874
15,9971
15,16786
15,14479
15,11724
15,2828
15,5601
15,12467
15,13467
15,6983
15,13250
15,16360
15,8017
15,13374
15,7555
15,4256
15,13074
15,6810
15,159
15,12424
15,5599
15,8957
15,15024
15,1438
15,2191
15,9731
15,3481
15,6116
15,4447
15,14356
15,4182
15,14917
15,5539
15,13468
15,5514
15,3407
15,5071
15,10163
15,14274
15,32
15,1947
15,10893
15,1723
15,15270
15,1578
15,15648
15,1234
15,17249
15,1111
15,6662
15,12614
15,13561
15,10405
15,16741
15,3991
15,12634
15,13218
15,12608
15,8215
15,16851
15,5794
15,11754
15,13277
15,11247
15,531
15,6844
15,2540
15,5377
15,786
15,7786
15,4805
15,309
15,6819
15,27
15,410
15,4848
15,14806
15,6809
15,4699
15,5414
15,8636
15,2070
15,10274
15,16502
15,4851
15,1977
15,2881
15,1303
15,5032
15,6010
15,14783
15,12239
15,2370
15,14947
15,11934
15,8441
15,14539
15,7057
15,16995
15,11775
15,14448
15,1781
15,2971
15,1683
15,13733
15,12288
15,7338
15,5673
15,5462
15,2543
15,17215
15,7379
15,1446
15,6938
15,10048
15,14612
15,9075
15,13107
15,6522
15,16026
15,15672
15,11361
15,8878
15,14171
15,7720
15,3315
15,6451
15,11351
15,11031
15,128
15,2882
15,9354
15,6727
15,14406
15,6638
15,198
15,9266
15,12638
15,47
15,771
15,8708
15,13579
15,10838
15,5645
15,12622
15,1859
15,17136
15,2785
15,9094
15,15792
15,15841
15,13886
15,17369
15,180
15,9958
15,16223
15,11252
15,16481
15,11081
15,9579
15,7649
15,7648
15,3120
15,1543
15,13639
15,13419
15,8543
15,393
15,2034
15,578
15,11794
15,1032
15,14744
15,12158
15,12974
15,12234
15,174
15,12838
15,15142
15,12856
15,13110
15,7059
15,12951
15,7811
15,8137
15,3349
15,13966
15,189
15,13273
15,10121
15,10638
15,15475
15,1332
15,15674
15,8039
15,10375
15,10975
15,1471
15,10093
15,2637
15,14843
15,2336
15,16301
15,16599
15,417
15,9055
15,13548
15,12992
15,4697
15,3278
15,14135
15,13027
15,10669
15,781
15,291
15,2723
15,6109
15,5738
15,14476
15,10112
15,10242
15,11480
15,9233
15,13652
15,1636
15,5542
15,12420
15,6950
15,2965
15,16199
15,2911
15,3798
15,14198
15,9607
15,13837
15,6075
15,13073
15,75
15,5800
15,4443
15,9088
15,12587
15,14751
15,17098
15,10140
15,187
15,16237
15,3263
15,4611
15,12183
15,10517
15,3268
15,4288
15,15534
15,16912
15,15384
15,10882
15,14924
15,7078
15,7804
15,7617
15,15882
15,14136
15,4809
15,13148
15,12429
15,11500
15,6431
15,5227
15,4109
15,14282
15,2157
15,4503
15,16867
15,11193
15,8259
15,2140
15,14835
15,9152
15,5679
15,2740
15,12089
15,4313
15,9469
15,1477
15,16240
15,16341
15,4814
15,13543
15,11420
15,4508
15,2149
15,1670
15,13348
15,8826
15,5950
15,14866
15,5998
15,4212
15,15125
15,10657
15,9203
15,11059
15,3673
15,13046
15,8409
15,3117
15,3841
15,10832
15,17138
15,15499
15,3767
15,1408
15,12405
15,5198
15,13625
15,2118
15,11334
15,7825
15,1271
15,3861
15,11111
15,17420
15,289
15,8579
15,13615
15,3220
15,7978
15,4084
15,16861
15,10540
15,14024
15,9117
15,17121
15,12433
15,3101
15,16849
15,8507
15,8590
15,7867
15,5748
15,7137
15,11298
15,554
15,14607
15,13181
15,2192
15,5770
15,3233
15,1753
15,11116
15,14709
15,16052
15,1362
15,14704
15,8136
15,14805
15,6966
15,107
15,3939
15,6187
15,11358
15,11717
15,14008
15,3082
15,10562
15,15795
15,9023
15,16946
15,1865
15,14318
15,5708
15,10441
15,4847
15,10515
15,6417
15,462
15,12680
15,5337
15,11977
15,16146
15,7547
15,6480
15,13710
15,2535
15,14320
15,3660
15,6768
15,14753
15,12943
15,11381
15,10579
15,12469
15,10693
15,5916
15,13454
15,292
15,6115
15,15415
15,17457
15,2691
15,650
15,9513
15,16426
15,1395
15,14797
15,1955
15,11486
15,17428
15,9380
15,4859
15,2509
15,11584
15,5260
15,16950
15,4306
15,12892
15,4027
15,12985
15,7727
15,1450
15,15899
15,529
15,13429
15,7329
15,9588
15,4379
15,4453
15,3352
15,13228
15,7926
15,4005
15,6080
15,8558
15,7664
15,11716
15,6930
15,16579
15,344
15,16529
15,11451
15,2121
15,5456
15,3046
15,14684
15,1687
15,8652
15,845
15,5671
15,5816
15,5436
15,12895
15,15642
15,16989
15,16603
15,2212
15,8596
15,6302
15,10039
15,7695
15,11731
15,9270
15,13314
15,14121
15,4635
15,8541
15,7422
15,11668
15,1
15,16714
15,7195
15,11901
15,13488
15,11510
15,4346
15,9827
15,15310
15,11949
15,242
15,1679
15,1359
15,10792
15,17248
15,17409
15,14114
15,16646
15,16611
15,747
15,14743
15,11514
15,15653
15,16438
15,5398
15,5272
15,6659
15,4499
15,12224
15,9606
15,8984
15,17193
15,6137
15,10279
15,12376
15,220
15,16562
15,5055
15,5109
15,2289
15,2
15,10085
15,6103
15,6092
15,11446
15,15670
15,16726
15,13279
15,7337
15,16361
15,1866
15,9861
15,10702
15,17096
15,8812
15,6846
15,12492
15,15705
15,4402
15,15230
15,15830
15,14507
15,8539
15,7801
15,9045
15,4375
15,13024
15,11414
15,12582
15,10266
15,869
15,16282
15,1312
15,7714
15,8163
15,9876
15,15740
15,1298
15,15518
15,10024
15,17461
15,10523
15,13958
15,3185
15,9220
15,16049
15,14150
15,11609
15,2057
15,8151
15,315
15,2353
15,10767
15,11739
15,12797
15,10196
15,15853
15,11110
15,14646
15,6326
15,4171
15,1793
15,13112
15,2154
15,1884
15,8258
15,2072
15,11345
15,3501
15,6880
15,1696
15,14815
15,5835
15,2714
15,12589
15,10984
15,10171
15,15486
15,2842
15,10431
15,7204
15,14292
15,11338
15,305
15,17278
15,6126
15,4702
15,9208
15,12798
15,15722
15,10999
15,15076
15,5479
15,10186
15,3211
15,7457
15,2600
15,7145
15,14369
15,6895
15,7776
15,9686
15,2479
15,9186
15,13605
15,15143
15,8480
15,37
15,9343
15,3001
15,5699
15,14969
15,4935
15,11507
15,8393
15,16712
15,16387
15,9784
15,5933
15,2051
15,1596
15,17180
15,11330
15,15246
15,2860
15,7908
15,15034
15,10719
15,1214
15,8366
15,2661
15,11944
15,5063
15,15130
15,12939
15,9389
15,9965
15,7831
15,7973
15,1549
15,3367
15,97
15,1970
15,13598
15,12222
15,15432
15,15027
15,9618
15,17293
15,709
15,13122
15,15765
15,4342
15,4398
15,14654
15,11097
15,17414
15,12275
15,9611
15,5478
15,5802
15,4273
15,4564
15,9238
15,17233
15,9451
15,16923
15,5877
15,17322
15,15747
15,13987
15,16821
15,2078
15,10987
15,16967
15,16428
15,8014
15,2561
15,12907
15,3384
15,8114
15,6628
15,6990
15,15390
15,12976
15,12122
15,15045
15,14544
15,13938
15,1448
15,9147
15,12459
15,16286
15,11217
15,9931
15,16756
15,12948
15,15044
15,9834
15,10491
15,2383
15,11967
15,17013
15,7246
15,3305
15,10631
15,9490
15,10587
15,1643
15,1945
15,11280
15,4901
15,2249
15,171
15,13603
15,4813
15,13818
15,16616
15,11594
15,6352
15,11009
15,14844
15,13792
15,9359
15,2329
15,6744
15,157
15,16670
15,14217
15,2500
15,8608
15,16826
15,13901
15,3025
15,2107
15,17176
15,7300
15,11211
15,12647
15,461
15,10416
15,14211
15,6043
15,14823
15,11101
15,327
15,2003
15,14372
15,7431
15,4400
15,4755
15,5837
15,10336
15,14343
15,9287
15,15894
15,7447
15,10561
15,11511
15,8941
15,1969
15,385
15,11768
15,17341
15,16749
15,4112
15,13113
15,15971
15,11067
15,7473
15,12220
15,5516
15,2166
15,11474
15,8370
15,12851
15,2274
15,15028
15,14010
15,156
15,5239
15,10298
15,8852
15,9215
15,14417
15,44
15,7515
15,840
15,11808
15,8573
15,5366
15,10547
15,4282
15,6088
15,847
15,1460
15,12652
15,12381
15,4915
15,1716
15,13191
15,8695
15,1647
15,4664
15,16585
15,831
15,14287
15,119
15,13934
15,17005
15,14611
15,10304
15,17336
15,4962
15,4609
15,4054
15,9028
15,6913
15,5304
15,12205
15,216
15,11409
15,3970
15,3540
15,6147
15,12225
15,14011
15,4605
15,8792
15,12872
15,6894
15,15633
15,10731
15,13697
15,13034
15,442
15,9531
15,7174
15,13231
15,14043
15,4085
15,17245
15,1798
15,14319
15,16229
15,17015
15,10442
15,7881
15,1475
15,17045
15,1614
15,2161
15,7394
15,4018
15,15950
15,6202
15,15436
15,10461
15,2857
15,11537
15,9236
15,8576
15,3492
15,6429
15,17067
15,807
15,13530
15,6904
15,3222
15,7802
15,15122
15,13998
15,12366
15,13093
15,9527
15,3276
15,2074
15,14737
15,3274
15,8997
15,2593
15,10706
15,6095
15,13155
15,11931
15,800
15,7363
15,6457
15,14378
15,9216
15,16476
15,8152
15,15910
15,11122
15,10915
15,1698
15,15180
15,11244
15,16513
15,9183
15,16287
15,4145
15,14854
15,6253
15,3750
15,12708
15,15407
15,9353
15,8026
15,12598
15,14938
15,16790
15,4001
15,16691
15,13403
15,14474
15,5171
15,2182
15,8413
15,3915
15,15926
15,7604
15,13044
15,7879
15,16437
15,17074
15,388
15,11255
15,5594
15,2626
15,880
15,11999
15,17431
15,7099
15,15683
15,4998
15,13776
15,3887
15,653
15,15389
15,4657
15,11893
15,8427
15,8846
15,16333
15,11860
15,10595
15,7834
15,12067
15,8705
15,1222
15,9568
15,6781
15,16322
15,3015
15,15273
15,2693
15,6681
15,1046
15,2415
15,793
15,13688
15,7044
15,9830
15,3527
15,8314
15,8345
15,5464
15,2508
15,1999
15,10160
15,10536
15,12292
15,12223
15,10786
15,1186
15,11952
15,4363
15,7502
15,1285
15,7169
15,10036
15,964
15,9832
15,9336
15,9011
15,11767
15,4484
15,13272
15,10563
15,15549
15,3937
15,13542
15,6624
15,6426
15,10830
15,4595
15,2702
15,1377
15,6695
15,3901
15,2231
15,14481
15,5573
15,8845
15,16538
15,10746
15,7413
15,3598
15,14676
15,9301
15,11134
15,11407
15,3000
15,4570
15,4695
15,16155
15,8110
15,820
15,10745
15,12933
15,6309
15,16410
15,6048
15,1470
15,7408
15,5129
15,9674
15,4344
15,12010
15,1136
15,12604
15,10245
15,2525
15,12876
15,11546
15,11773
15,5408
15,5102
15,2252
15,14078
15,13161
15,6542
15,15832
15,5593
15,3584
15,11087
15,5936
15,6801
15,16484
15,9302
15,8013
15,10420
15,16800
15,3236
15,7090
15,13172
15,227
15,5568
15,12361
15,13997
15,757
15,4654
15,29
15,12446
15,4261
15,4280
15,9707
15,6519
15,13410
15,15701
15,1589
15,8192
15,608
15,11258
15,7892
15,10136
15,12879
15,4411
15,17017
15,6218
15,13981
15,3055
15,14487
15,9355
15,1722
15,4393
15,714
15,1071
15,15849
15,14621
15,12755
15,11807
15,14286
15,53
15,11269
15,10553
15,7602
15,10597
15,15395
15,13951
15,11670
15,2776
15,6595
15,10971
15,5330
15,9044
15,1192
15,6312
15,5429
15,5871
15,11086
15,6397
15,9945
15,1744
15,4172
15,15756
15,5090
15,7948
15,6279
15,4839
15,8333
15,8796
15,6731
15,1617
15,14824
15,1863
15,9956
15,16668
15,6288
15,2694
15,13947
15,15281
15,6833
15,12813
15,8243
15,3573
15,2704
15,12498
15,4629
15,15880
15,10582
15,6757
15,6567
15,1402
15,7008
15,12666
15,12114
15,7751
15,11777
15,2245
15,5007
15,14404
15,10958
15,15902
15,7074
15,16184
15,1743
15,8469
15,13412
15,15329
15,11675
15,8161
15,14145
15,12722
15,17095
15,42
15,11955
15,3667
15,1331
15,11517
15,6135
15,11012
15,898
15,993
15,16505
15,3965
15,10001
15,3525
15,374
15,3916
15,7748
15,687
15,656
15,2483
15,8693
15,3949
15,2964
15,5284
15,1209
15,5446
15,1268
15,12192
15,14159
15,5688
15,1709
15,9869
15,7178
15,6622
15,10718
15,1120
15,7691
15,3747
15,8083
15,10768
15,12365
15,17452
15,8050
15,11065
15,3419
15,13150
15,142
15,8641
15,1429
15,263
15,3010
15,1185
15,1691
15,4011
15,1880
15,11295
15,5604
15,13848
15,12823
15,2537
15,11956
15,14570
15,7557
15,1005
15,7032
15,4682
15,4552
15,14329
15,17270
15,10921
15,12153
15,10866
15,9048
15,16998
15,8613
15,3250
15,13166
15,1735
15,8180
15,11690
15,7630
15,10724
15,3897
15,6110
15,2545
15,7066
15,3137
15,5280
15,13104
15,7871
15,15541
15,4057
15,2734
15,3203
15,14894
15,8635
15,7002
15,2539
15,11386
15,5277
15,12814
15,14860
15,3657
15,12311
15,5980
15,9757
15,52
15,1225
15,16486
15,12330
15,5350
15,4628
15,294
15,1229
15,8073
15,4545
15,6666
15,7280
15,4841
15,404
15,1059
15,11092
15,15580
15,2209
15,14717
15,11093
15,2073
15,873
15,652
15,9180
15,60
15,14172
15,6940
15,9093
15,8987
15,10708
15,13210
15,7757
15,106
15,17383
15,849
15,369
15,3124
15,13797
15,10871
15,5683
15,9903
15,5787
15,16540
15,11004
15,2477
15,16073
15,13953
15,6057
15,1388
15,11552
15,4489
15,6477
15,10030
15,12541
15,9879
15,4415
15,14817
15,12396
15,2906
15,5370
15,1187
15,6392
15,5243
15,3076
15,14787
15,11070
15,8442
15,9133
15,11165
15,4004
15,17077
15,9481
15,16590
15,4152
15,3287
15,13519
15,8777
15,15798
15,14209
15,13565
15,4888
15,1587
15,11579
15,5341
15,15337
15,4417
15,14263
15,92
15,94
15,1106
15,9791
15,13794
15,10129
15,914
15,1608
15,1966
15,13263
15,12827
15,11685
15,16264
15,813
15,9519
15,8037
15,2195
15,13521
15,5273
15,3618
15,12744
15,6030
15,4550
15,5425
15,6511
15,7107
15,4620
15,14675
15,334
15,3515
15,15263
15,10072
15,9624
15,8707
15,7807
15,3008
15,4761
15,2605
15,11676
15,5589
15,15514
15,15546
15,10080
15,13971
15,5576
15,11688
15,5393
15,5054
15,9835
15,7752
15,1835
15,1017
15,16262
15,648
15,5982
15,6796
15,8317
15,10842
15,13487
15,9868
15,3451
15,2592
15,8195
15,12806
15,1708
15,5523
15,16626
15,4236
15,8604
15,1956
15,4624
15,5480
15,4737
15,11640
15,10556
15,8486
15,9639
15,5228
15,8929
15,2242
15,4055
15,1102
15,6680
15,10049
15,9246
15,13978
15,5082
15,8965
15,3790
15,11505
15,268
15,11631
15,9150
15,1193
15,492
15,12246
15,4222
15,5313
15,15563
15,7813
15,16209
15,9915
15,7302
15,7225
15,1741
15,2005
15,15574
15,4445
15,7406
15,7769
15,6306
15,20
15,3212
15,8254
15,11109
15,1211
15,15121
15,11960
15,3297
15,12196
15,11333
15,3539
15,12500
15,8934
15,14593
15,7360
15,13130
15,719
15,5891
15,375
15,6849
15,247
15,2378
15,7861
15,12631
15,3312
15,10875
15,3421
15,3053
15,11713
15,9561
15,7451
15,6922
15,17435
15,2134
15,16082
15,5467
15,13586
15,14403
15,17289
15,7430
15,11701
15,1256
15,3469
15,9285
15,12171
15,4918
15,1754
15,15081
15,14605
15,6711
15,2455
15,9769
15,1640
15,10754
15,8907
15,438
15,14652
15,7856
15,4127
15,3828
15,7432
15,2747
15,4856
15,9110
15,13114
15,7779
15,12922
15,3309
15,6408
15,5721
15,2913
15,17027
15,8111
15,16337
15,5099
15,14352
15,8836
15,7707
15,10447
15,17380
15,9721
15,12837
15,2715
15,11646
15,13744
15,9692
15,8597
15,9369
15,310
15,8426
15,13037
15,14733
15,13833
15,13840
15,5127
15,17126
15,10074
15,14826
15,11132
15,17477
15,12681
15,8710
15,10022
15,10944
15,145
15,2292
15,13370
15,8362
15,13171
15,12379
15,12336
15,16955
15,6260
15,2627
15,15505
15,3746
15,6421
15,11332
15,11802
15,6792
15,10139
15,11268
15,8533
15,11532
15,11230
15,4358
15,4683
15,7998
15,17458
15,1788
15,12347
15,5764
15,10263
15,10588
15,8963
15,14271
15,16214
15,6222
15,14418
15,12993
15,6724
15,8091
15,2910
15,1351
15,12351
15,1826
15,633
15,13246
15,5861
15,14165
15,13636
15,16004
15,7666
15,3301
15,10187
15,8491
15,4125
15,14503
15,15114
15,4544
15,5088
15,12723
15,1137
15,9340
15,4694
15,13634
15,7330
15,4485
15,15441
15,3547
15,10513
15,8124
15,10650
15,6071
15,1473
15,14142
15,13771
15,9951
15,14526
15,12911
15,1995
15,5646
15,1157
15,12449
15,12003
15,2650
15,373
15,9012
15,4194
15,11590
15,8894
15,2719
15,3012
15,5983
15,12891
15,16962
15,17266
15,12633
15,15998
15,8603
15,5828
15,15657
15,2588
15,16952
15,8817
15,12812
15,12413
15,5656
15,16111
15,13349
15,7774
15,11661
15,16850
15,11227
15,3558
15,10783
15,11120
15,5647
15,2009
15,7524
15,1207
15,14472
15,16375
15,13092
15,7304
15,854
15,13882
15,12501
15,8242
15,10972
15,6139
15,6232
15,4317
15,17371
15,3613
15,11168
15,17303
15,8336
15,59
15,10211
15,1432
15,5151
15,14354
15,4889
15,850
15,1031
15,2999
15,3896
15,5153
15,11695
15,7768
15,3871
15,2388
15,3922
15,7517
15,12530
15,17224
15,5783
15,6493
15,598
15,2213
15,3704
15,10454
15,5433
15,13655
15,918
15,6160
15,17340
15,17256
15,15838
15,4590
15,10884
15,15739
15,13647
15,6433
15,11096
15,13617
15,7639
15,12438
15,8380
15,10041
15,15991
15,14779
15,15312
15,2067
15,4143
15,13746
15,4309
15,15988
15,2889
15,7277
15,2146
15,1836
15,10127
15,9626
15,16859
15,15605
15,1800
15,2586
15,11957
15,16335
15,11947
15,7105
15,577
15,3633
15,9497
15,908
15,10480
15,3648
15,2973
15,16179
15,8600
15,6645
15,4284
15,4649
15,16278
15,15194
15,10550
15,16699
15,17298
15,4338
15,2944
15,14232
15,13884
15,5357
15,11380
15,17433
15,12967
15,9052
15,13151
15,16720
15,16757
15,17052
15,14808
15,16785
15,7951
15,6906
15,9127
15,11144
15,11800
15,13504
15,7724
15,6369
15,9706
15,6050
15,5384
15,4953
15,12488
15,17177
15,5760
15,12211
15,763
15,1968
15,2920
15,8059
15,6825
15,7588
15,5205
15,1513
15,13725
15,9713
15,9740
15,8782
15,7921
15,16576
15,290
15,4105
15,1124
15,3770
15,931
15,15679
15,6195
15,28
15,9199
15,5039
15,4208
15,12826
15,8303
15,9651
15,588
15,8731
15,16897
15,11060
15,6733
15,6069
15,17462
15,14937
15,3019
15,16107
15,639
15,14090
15,10229
15,11918
15,16390
15,7505
15,4720
15,3615
15,56
15,11331
15,720
15,2153
15,6044
15,1791
15,1931
15,11673
15,5292
15,11377
15,5132
15,11743
15,13311
15,17186
15,16877
15,17321
15,2321
15,15489
15,5634
15,13404
15,626
15,10750
15,9766
15,13613
15,13157
15,1685
15,16643
15,17300
15,1443
15,14412
15,12534
15,6791
15,13021
15,2938
15,8030
15,3776
15,9510
15,179
15,1707
15,13640
15,9955
15,10951
15,9249
15,17460
15,8803
15,851
15,11837
15,13287
15,9291
15,7534
15,1489
15,15660
15,6525
15,14828
15,10419
15,13691
15,15262
15,4297
15,1654
15,1206
15,14984
15,3890
15,7257
15,17189
15,312
15,11306
15,13003
15,12132
15,16314
15,3273
15,6226
15,10152
15,2921
15,7000
15,14857
15,14499
15,15758
15,5840
15,10740
15,45
15,4216
15,4376
15,11208
15,8418
15,2808
15,7939
15,8702
15,3039
15,6943
15,1436
15,5164
15,8458
15,3579
15,1283
15,6112
15,1571
15,11145
15,8799
15,12602
15,8807
15,8031
15,15016
15,501
15,1821
15,9166
15,6700
15,2684
15,11733
15,5772
15,4204
15,15601
15,1170
15,1677
15,10869
15,5797
15,10613
15,6742
15,11615
15,12809
15,16345
15,5970
15,13676
15,16216
15,16698
15,8654
15,4430
15,3449
15,13254
15,16665
15,8301
15,9141
15,3362
15,13814
15,14041
15,85
15,10299
15,678
15,10156
15,5831
15,9417
15,9905
15,10273
15,2026
15,9501
15,9377
15,7732
15,14483
15,11503
15,14336
15,13426
15,7131
15,15442
15,15536
15,9900
15,12553
15,15568
15,1197
15,8267
15,13973
15,64
15,8673
15,6263
15,1294
15,2674
15,16623
15,10899
15,13478
15,10407
15,5799
15,14045
15,4965
15,10370
15,9341
15,7974
15,5597
15,16671
15,1527
15,13002
15,11926
15,16759
15,5989
15,4075
15,15842
15,16279
15,10043
15,3843
15,1453
15,14870
15,8829
15,16331
15,4818
15,11203
15,13679
15,14360
15,2821
15,3587
15,7854
15,12169
15,12583
15,17339
15,12819
15,6953
15,15420
15,15608
15,12815
15,4139
15,6293
15,10192
15,7110
15,779
15,6246
15,2448
15,4043
15,2151
15,7605
15,3040
15,11439
15,1976
15,3111
15,12905
15,1191
15,5345
15,74
15,11953
15,1583
15,2259
15,15373
15,9668
15,16857
15,15553
15,1383
15,4778
15,13930
15,4015
15,14853
15,4135
15,5312
15,3569
15,600
15,16404
15,8001
15,15727
15,12921
15,4170
15,1081
15,1301
15,6038
15,7243
15,15531
15,10817
15,8307
15,775
15,14769
15,12864
15,5002
15,4877
15,15388
15,4721
15,6467
15,13031
15,3998
15,15994
15,16247
15,3061
15,2046
15,8121
15,16672
15,12970
15,5819
15,7700
15,6691
15,6764
15,5920
15,9194
15,5434
15,9008
15,9950
15,14442
15,7366
15,4472
15,14053
15,15140
15,5558
15,718
15,7405
15,9718
15,3369
15,9551
15,178
15,16030
15,167
15,930
15,16112
15,10107
15,2371
15,4886
15,6012
15,4124
15,17385
15,5607
15,7893
15,7456
15,2196
15,7848
15,7928
15,10351
15,1284
15,4353
15,4337
15,8795
15,11651
15,10118
15,3611
15,10478
15,5585
15,441
15,16050
15,15038
15,4361
15,4193
15,8077
15,1875
15,9448
15,358
15,15515
15,15287
15,2591
15,3286
15,15720
15,8920
15,4582
15,12031
15,1621
15,4082
15,5975
15,9968
15,3405
15,17449
15,1218
15,4795
15,6566
15,3564
15,1327
15,8396
15,4383
15,2647
15,8450
15,15187
15,7619
15,7004
15,601
15,15144
15,12123
15,15478
15,12022
15,12343
15,5701
15,13597
15,4830
15,3394
15,15762
15,8961
15,2496
15,6721
15,11085
15,7339
15,3138
15,8785
15,13534
15,4440
15,9653
15,3677
15,9485
15,15322
15,2443
15,12371
15,16667
15,10998
15,6290
15,2836
15,8011
15,9722
15,12360
15,9062
15,1113
15,12981
15,5410
15,2328
15,9036
15,9240
15,13835
15,9875
15,5028
15,8440
15,839
15,2270
15,7421
15,14240
15,10222
15,1128
15,17226
15,7498
15,2612
15,2673
15,13802
15,8129
15,5062
15,9277
15,7335
15,7045
15,16936
15,14912
15,7207
15,9342
15,17488
15,4423
15,1973
15,270
15,184
15,8742
15,4486
15,15787
15,11914
15,11973
15,17291
15,16058
15,7331
15,11484
15,9848
15,3029
15,9893
15,6140
15,9168
15,15743
15,12178
15,4287
15,8609
15,8964
15,15220
15,14759
15,5548
15,7654
15,1909
15,11512
15,6454
15,8745
15,5173
15,14317
15,2310
15,1669
15,11282
15,12392
15,6024
15,15109
15,8284
15,15063
15,3009
15,9213
15,16559
15,14264
15,2839
15,3218
15,10056
15,16710
15,11719
15,3546
15,13520
15,11429
15,2934
15,17062
15,7194
15,12612
15,4949
15,16176
15,13235
15,5713
15,2801
15,7777
15,15503
15,5824
15,15528
15,2097
15,5796
15,12515
15,3450
15,575
15,1404
15,3364
15,14129
15,1944
15,2265
15,9702
15,4606
15,5926
15,8791
15,13687
15,16965
15,6337
15,8508
15,11521
15,17320
15,10164
15,12352
15,5494
15,12362
15,6577
15,7497
15,1239
15,16097
15,5517
15,6929
15,16907
15,14578
15,296
15,15350
15,16617
15,16201
15,2768
15,17343
15,3550
15,4330
15,11162
15,3763
15,15068
15,17394
15,10323
15,15887
15,11163
15,8459
15,1773
15,11184
15,16621
15,15562
15,7697
15,536
15,8849
15,16862
15,4880
15,12532
15,445
15,14077
15,13518
15,16795
15,11205
15,12508
15,7124
15,3313
15,11991
15,3032
15,14658
15,14254
15,11959
15,7484
15,16169
15,10627
15,10016
15,9462
15,2886
15,5940
15,12914
15,7382
15,3333
15,6380
15,11367
15,15862
15,11745
15,14927
15,8230
15,13278
15,3817
15,8272
15,16784
15,1456
15,9197
15,12319
15,1807
15,4536
15,11492
15,11816
15,8743
15,4131
15,15953
15,17421
15,5066
15,1547
15,2397
15,11906
15,5402
15,15502
15,10933
15,2949
15,15184
15,7440
15,15346
15,17
15,1103
15,5963
15,9723
15,7252
15,12149
15,9806
15,229
15,13929
15,16992
15,8465
15,10636
15,14173
15,10181
15,8720
15,10709
15,7489
15,11577
15,16251
15,5309
15,3653
15,3140
15,5003
15,3973
15,14592
15,1461
15,11005
15,1280
15,6425
15,8832
15,14891
15,5867
15,6495
15,12189
15,205
15,6459
15,680
15,12300
15,16509
15,300
15,13059
15,17354
15,7905
15,13850
15,6389
15,3556
15,5274
15,6381
15,16918
15,9563
15,3551
15,8679
15,1251
15,6197
15,16417
15,17238
15,16874
15,4059
15,6890
15,6070
15,14511
15,1217
15,3316
15,3542
15,13382
15,10626
15,12571
15,4745
15,10840
15,4407
15,5904
15,12645
15,12928
15,16348
15,15131
15,12111
15,15609
15,6959
15,16020
15,1932
15,5782
15,11348
15,7279
15,15102
15,13769
15,8239
15,917
15,8761
15,3269
15,7643
15,10094
15,10197
15,12711
15,5993
15,896
15,7792
15,8306
15,4157
15,9643
15,2174
15,8282
15,181
15,10508
15,16489
15,2227
15,11698
15,15713
15,5234
15,3814
15,9200
15,7780
15,17072
15,6064
15,6597
15,416
15,10751
15,13627
15,8484
15,15828
15,12074
15,2092
15,11346
15,8078
15,5463
15,16935
15,16256
15,3165
15,12402
15,4867
15,16129
15,16527
15,9542
15,7023
15,17118
15,9922
15,10119
15,10189
15,776
15,14560
15,7104
15,1026
15,5150
15,1774
15,1444
15,11813
15,15820
15,15702
15,8841
15,6301
15,4671
15,8332
15,16750
15,6526
15,9315
15,1682
15,15216
15,9433
15,17117
15,10682
15,16122
15,6806
15,9365
15,15590
15,1581
15,4387
15,7810
15,6843
15,10337
15,15241
15,4928
15,15604
15,12110
15,17327
15,2351
15,5818
15,2576
15,8434
15,10828
15,4308
15,10721
15,3899
15,14381
15,9598
15,7626
15,13325
15,4000
15,16828
15,1905
15,5061
15,14196
15,10488
15,13317
15,11033
15,615
15,4307
15,11865
15,6520
15,3791
15,15383
15,16465
15,15539
15,8412
15,15360
15,6915
15,14450
15,9407
15,9398
15,11200
15,15261
15,5626
15,5552
15,7632
15,7127
15,6917
15,105
15,11146
15,8510
15,13861
15,15759
15,8344
15,14210
15,12529
15,2639
15,3079
15,470
15,13741
15,12119
15,11712
15,3544
15,2069
15,16854
15,6903
15,11399
15,791
15,15082
15,8502
15,405
15,14083
15,10055
15,9132
15,5528
15,276
15,5704
15,9416
15,5455
15,11362
15,4138
15,338
15,8589
15,6776
15,7679
15,7624
15,12772
15,17207
15,10996
15,1035
15,11853
15,7117
15,16066
15,13544
15,17102
15,4904
15,13040
15,48
15,17427
15,12786
15,10329
15,9873
15,14896
15,12187
15,10811
15,5741
15,13441
15,14616
15,8311
15,6113
15,3190
15,8969
15,12151
15,9129
15,7927
15,14490
15,1613
15,10201
15,14449
15,16105
15,16738
15,582
15,13477
15,2609
15,12766
15,224
15,16255
15,14471
15,16865
15,10736
15,17279
15,8514
15,15207
15,11684
15,14239
15,12966
15,14650
15,7863
15,3314
15,7546
15,9637
15,4405
15,188
15,15992
15,5258
15,8700
15,8105
15,14113
15,3318
15,2077
15,13894
15,1011
15,10060
15,7187
15,7916
15,1276
15,14628
15,16931
15,15331
15,3854
15,5620
15,11170
15,2733
15,10423
15,11286
15,16999
15,15088
15,7941
15,12075
15,16508
15,15844
15,7969
15,10747
15,3945
15,8527
15,6658
15,8756
15,9800
15,15371
15,1355
15,12789
15,6703
15,8989
15,968
15,4255
15,2344
15,15120
15,9218
15,5420
15,11045
15,1829
15,11426
15,792
15,2484
15,7798
15,8131
15,7582
15,432
15,17436
15,15576
15,6812
15,15049
15,10629
15,8419
15,5902
15,605
15,870
15,8568
15,2820
15,8404
15,4214
15,1387
15,15454
15,9754
15,5692
15,15471
15,16822
15,6891
15,6258
15,972
15,5048
15,11637
15,3254
15,909
15,4202
15,3153
15,7564
15,6379
15,3672
15,6000
15,15278
15,5740
15,16971
15,5637
15,3007
15,2065
15,13630
15,15029
15,10806
15,2521
15,12219
15,4850
15,3234
15,9358
15,2979
15,8769
15,14452
15,6249
15,14531
15,14355
15,3216
15,4076
15,1766
15,2900
15,5985
15,14416
15,7399
15,586
15,11102
15,1374
15,11781
15,14183
15,13005
15,15821
15,9076
15,4350
15,17184
15,3792
15,16645
15,17054
15,9691
15,11593
15,12340
15,13014
15,15612
15,11613
15,16947
15,17160
15,9050
15,14038
15,10640
15,11785
15,9116
15,13391
15,4817
15,9714
15,8009
15,14152
15,15115
15,5832
15,3060
15,7036
15,11008
15,10797
15,15903
15,13244
15,10976
15,8365
15,6510
15,8075
15,8040
15,16563
15,6122
15,2660
15,15376
15,1789
15,8634
15,7108
15,8662
15,2246
15,15547
15,15334
15,830
15,12975
15,14086
15,5577
15,14186
15,485
15,994
15,12328
15,16228
15,16701
15,6034
15,12046
15,14285
15,13566
15,15708
15,3342
15,13853
15,8316
15,9080
15,8127
15,8324
15,13302
15,12294
15,7334
15,14370
15,16043
15,15488
15,8066
15,10069
15,16817
15,5344
15,6206
15,15204
15,2400
15,1642
15,8457
15,16232
15,1839
15,5560
15,12495
15,6201
15,9231
15,14786
15,12693
15,2482
15,12407
15,8045
15,15481
15,8167
15,8900
15,5107
15,14363
15,3372
15,3017
15,7327
15,1237
15,1091
15,9420
15,16317
15,4905
15,11898
15,10916
15,12783
15,12790
15,3826
15,14863
15,9122
15,13760
15,13080
15,8946
15,6723
15,6718
15,3243
15,6763
15,15449
15,16573
15,13007
15,14892
15,7291
15,3277
15,4186
15,17107
15,8189
15,6354
15,1922
15,4516
15,8685
15,16997
15,10549
15,14811
15,9276
15,13081
15,5978
15,14603
15,5786
15,6664
15,5155
15,5199
15,3972
15,17083
15,15764
15,15822
15,7678
15,17377
15,7412
15,1363
15,7206
15,14042
15,4666
15,11032
15,8028
15,5311
15,2233
15,10643
15,17240
15,2553
15,16773
15,11727
15,15659
15,1936
15,10182
15,14540
15,7149
15,6097
15,17033
15,5059
15,6807
15,16450
15,817
15,7849
15,1182
15,5712
15,3621
15,3687
15,7696
15,5000
15,11075
15,11417
15,2406
15,14478
15,8874
15,12929
15,2148
15,14846
15,10170
15,17181
15,6599
15,16120
15,6716
15,15613
15,15615
15,11188
15,8688
15,12655
15,4930
15,11274
15,9067
15,10799
15,6615
15,2669
15,1409
15,1204
15,808
15,6643
15,4278
15,17169
15,882
15,16627
15,14216
15,12
15,8166
15,17283
15,4418
15,9209
15,7003
15,6794
15,17042
15,4523
15,17001
15,9260
15,2272
15,232
15,9734
15,16941
15,12635
15,12030
15,16185
15,13694
15,10214
15,11907
15,2356
15,13591
15,13503
15,4291
15,3953
15,5089
15,7596
15,7143
15,6482
15,7514
15,15440
15,10433
15,13897
15,8046
15,2452
16,6014
16,4991
16,5614
16,10673
16,10949
16,14012
16,15332
16,13921
16,2554
16,5110
16,13091
16,370
16,3700
16,6085
16,12231
16,8674
16,11844
16,3472
16,15173
16,3129
16,16777
16,17491
16,12976
16,5670
16,10594
16,16949
16,3272
16,353
16,6764
16,5056
16,12189
16,5141
16,1730
16,1939
16,5548
16,7042
16,5281
16,12705
16,14973
16,10456
16,15141
16,12289
16,15743
16,3013
16,11509
16,3209
16,12865
16,7643
16,8643
16,16414
16,9222
16,2702
16,11557
16,7704
16,552
16,4528
16,10691
16,17079
16,4015
16,6303
16,14916
16,16671
16,11906
16,2300
16,16150
16,13957
16,9385
16,7672
16,3626
16,7545
16,3352
16,10755
16,1647
16,17361
16,6026
16,4133
16,4674
16,9808
16,8635
16,9942
16,9429
16,9212
16,12605
16,4752
16,15880
16,13051
16,2975
16,4217
16,5253
16,15468
16,6643
16,6914
16,15414
16,4628
16,4748
16,330
16,13520
16,13261
16,15213
16,10921
16,86
16,10390
16,11335
16,4631
16,10014
16,15804
16,2097
16,9531
16,6382
16,17431
16,10976
16,1080
16,5332
16,7454
16,1220
16,8385
16,2559
16,12330
16,2751
16,8693
16,10190
16,16989
16,8177
16,17298
16,4827
16,1672
16,17310
16,2752
16,5705
16,4170
16,3622
16,17198
16,9207
16,13567
16,2200
16,16884
16,1311
16,14864
16,9106
16,6462
16,4629
16,12529
16,7834
16,5524
16,819
16,11323
16,12974
16,9664
16,14088
16,10790
16,7622
16,3451
16,9544
16,6948
16,5936
16,6121
16,3998
16,15160
16,13960
16,15815
16,1997
16,11317
16,10457
16,15151
16,8017
16,3846
16,8645
16,12377
16,7407
16,13835
16,13086
16,6645
16,3862
16,13145
16,14793
16,16279
16,2708
16,7713
16,15548
16,15052
16,16962
16,4271
16,11477
16,12398
16,15189
16,12617
16,8092
16,13141
16,4324
16,17279
16,10620
16,11622
16,4719
16,16056
16,5910
16,4430
16,16068
16,7977
16,10349
16,6857
16,13457
16,359
16,371
16,7860
16,9168
16,10597
16,8013
16,9122
16,3769
16,1272
16,6910
16,9170
16,9525
16,16456
16,6468
16,12087
16,9807
16,793
16,15088
16,4115
16,15133
16,13653
16,5347
16,16410
16,5442
16,13453
16,12680
16,11962
16,482
16,355
16,4933
16,15785
16,13842
16,1111
16,17067
16,15756
16,10055
16,13484
16,16581
16,115
16,11918
16,17174
16,14628
16,4641
16,291
16,13430
16,1713
16,8682
16,12634
16,16631
16,13728
16,8388
16,10796
16,5197
16,2154
16,5652
16,5298
16,17023
16,14929
16,10327
16,11150
16,7976
16,1900
16,7929
16,8968
16,14349
16,13401
16,8614
16,4894
16,3035
16,875
16,14968
16,1888
16,6512
16,2842
16,13593
16,15348
16,1466
16,16294
16,13217
16,16174
16,3680
16,15424
16,12166
16,5238
16,12948
16,4230
16,14472
16,5748
16,4135
16,2389
16,11312
16,15588
16,3766
16,5714
16,12681
16,14577
16,13513
16,17082
16,9691
16,14942
16,11618
16,4439
16,10371
16,7137
16,5427
16,7285
16,2382
16,6752
16,16663
16,1826
16,15729
16,8977
16,7978
16,4915
16,34
16,14869
16,796
16,12629
16,15371
16,16075
16,8090
16,7338
16,15542
16,5456
16,481
16,7867
16,6884
16,16707
16,8348
16,13713
16,10961
16,595
16,4830
16,17070
16,14808
16,1395
16,15931
16,8778
16,13226
16,15615
16,1740
16,6522
16,11397
16,2940
16,433
16,12383
16,3574
16,14654
16,14421
16,5048
16,6559
16,15630
16,6611
16,10596
16,7896
16,1463
16,3321
16,5114
16,7161
16,15441
16,636
16,8928
16,4815
16,6757
16,13528
16,12514
16,8255
16,983
16,12015
16,8294
16,1260
16,15103
16,17028
16,9231
16,341
16,1650
16,1529
16,16784
16,15863
16,15675
16,2802
16,9603
16,738
16,3949
16,16304
16,15028
16,15364
16,4653
16,4456
16,1327
16,2604
16,10526
16,9473
16,12898
16,15014
16,14422
16,8278
16,11132
16,6758
16,2131
16,5296
16,13348
16,5200
16,2099
16,11379
16,3479
16,14411
16,80
16,3632
16,9595
16,6322
16,5488
16,6225
16,14838
16,8854
16,12499
16,13853
16,5026
16,12444
16,16389
16,7675
16,3579
16,14724
16,739
16,2875
16,2151
16,17227
16,12611
16,562
16,11746
16,7833
16,7444
16,9474
16,11017
16,1744
16,11256
16,2695
16,172
16,3663
16,11376
16,5190
16,13156
16,4936
16,2142
16,10990
16,8104
16,1590
16,12268
16,342
16,16792
16,15383
16,15614
16,14684
16,17483
16,2260
16,6960
16,12570
16,14644
16,4754
16,5930
16,1009
16,313
16,5787
16,14408
16,14527
16,16221
16,3050
16,2431
16,7091
16,5564
16,4644
16,3099
16,15104
16,10567
16,14199
16,3383
16,10754
16,4601
16,10760
16,4504
16,3394
16,16483
16,13128
16,15031
16,1086
16,10191
16,2681
16,15602
16,13703
16,12756
16,965
16,1771
16,6962
16,9017
16,11683
16,3585
16,17040
16,2434
16,16320
16,9225
16,9669
16,4692
16,9537
16,7852
16,7276
16,10500
16,423
16,6347
16,10352
16,11086
16,2861
16,388
16,11219
16,548
16,1154
16,142
16,11813
16,6660
16,10813
16,17428
16,7431
16,8845
16,2091
16,9079
16,2197
16,3302
16,7188
16,16861
16,13833
16,8135
16,220
16,9108
16,14813
16,12209
16,9730
16,12568
16,2995
16,9711
16,8436
16,8285
16,4492
16,14906
16,3719
16,8424
16,15562
16,6824
16,16560
16,3503
16,8502
16,11346
16,10621
16,7437
16,1383
16,11877
16,344
16,10157
16,3580
16,14631
16,11931
16,1017
16,5366
16,12314
16,8326
16,10443
16,16094
16,13705
16,11798
16,2094
16,13257
16,9086
16,3402
16,6814
16,7915
16,9324
16,16333
16,13049
16,1606
16,1334
16,7554
16,2222
16,15289
16,4889
16,13331
16,13507
16,2001
16,9735
16,11058
16,1921
16,17001
16,3022
16,5783
16,12475
16,14956
16,7053
16,3569
16,14005
16,7158
16,5807
16,6324
16,3184
16,16361
16,9089
16,314
16,15063
16,14697
16,5364
16,15714
16,7567
16,16567
16,8571
16,15432
16,12653
16,3151
16,17118
16,10494
16,15689
16,5118
16,364
16,3004
16,8437
16,12960
16,3476
16,9217
16,6713
16,17210
16,8119
16,5644
16,4780
16,16536
16,5189
16,2950
16,14826
16,6094
16,6037
16,2813
16,7165
16,15479
16,13898
16,9704
16,695
16,10270
16,17107
16,3820
16,16558
16,976
16,4874
16,2741
16,5
16,6093
16,7752
16,3754
16,13928
16,1321
16,4353
16,5071
16,11043
16,14305
16,13505
16,13908
16,4042
16,1710
16,902
16,4110
16,3798
16,16155
16,16122
16,3615
16,8742
16,11865
16,15612
16,4948
16,9508
16,12089
16,2916
16,13362
16,8871
16,5341
16,2361
16,15395
16,10183
16,12280
16,2726
16,1454
16,7455
16,8265
16,6720
16,9602
16,17471
16,2578
16,7353
16,12697
16,13734
16,12650
16,11416
16,2946
16,12548
16,12433
16,4338
16,2229
16,2909
16,8963
16,9637
16,4197
16,11790
16,14138
16,1782
16,6662
16,5605
16,3554
16,13860
16,10819
16,7536
16,3281
16,9257
16,16082
16,14639
16,10773
16,234
16,14316
16,2136
16,9471
16,6199
16,16433
16,15398
16,11610
16,6247
16,3241
16,9412
16,11846
16,449
16,7959
16,10663
16,6469
16,9632
16,9756
16,3879
16,8139
16,6701
16,12012
16,14090
16,2479
16,1126
16,1325
16,9999
16,6644
16,3379
16,15780
16,12618
16,1376
16,8302
16,13003
16,4736
16,13511
16,6506
16,8238
16,3334
16,6000
16,4993
16,13470
16,10793
16,2777
16,4537
16,3984
16,6877
16,12112
16,14599
16,1156
16,13435
16,6307
16,7183
16,4969
16,8311
16,11872
16,3387
16,1496
16,16517
16,2204
16,5782
16,16098
16,1668
16,2074
16,10853
16,14729
16,2060
16,68
16,9766
16,13179
16,4445
16,11148
16,13485
16,2220
16,6267
16,12895
16,12370
16,11849
16,13644
16,12986
16,6099
16,5248
16,101
16,12807
16,8901
16,14256
16,8621
16,14224
16,16493
16,2040
16,1599
16,17357
16,15381
16,16733
16,12943
16,11264
16,15237
16,11693
16,15765
16,100
16,6828
16,895
16,12183
16,17095
16,4663
16,14855
16,11090
16,17000
16,16171
16,13295
16,12158
16,14614
16,3286
16,7449
16,5718
16,306
16,11876
16,16206
16,8317
16,8598
16,16219
16,9201
16,13168
16,9884
16,10315
16,10112
16,16727
16,16603
16,11879
16,15392
16,5325
16,4816
16,16559
16,13629
16,38
16,10057
16,15885
16,13723
16,13714
16,3039
16,11423
16,4243
16,5827
16,16691
16,12338
16,16646
16,14388
16,4567
16,2902
16,9634
16,9503
16,454
16,14204
16,8205
16,7557
16,13296
16,170
16,5167
16,2634
16,15138
16,10012
16,16621
16,180
16,8804
16,11515
16,14193
16,9830
16,7744
16,11917
16,2401
16,2193
16,11013
16,6200
16,10960
16,6630
16,7430
16,1382
16,14425
16,7529
16,12080
16,2926
16,768
16,10934
16,10166
16,6937
16,11901
16,5527
16,15064
16,6888
16,719
16,5339
16,11091
16,5773
16,9042
16,4392
16,4001
16,13865
16,16469
16,13475
16,17301
16,11772
16,9343
16,12366
16,13554
16,14431
16,7113
16,15791
16,1940
16,11781
16,12323
16,1364
16,3478
16,10826
16,17130
16,10709
16,4722
16,7469
16,17044
16,233
16,3774
16,11812
16,6945
16,10250
16,7279
16,10295
16,3155
16,14218
16,6836
16,5511
16,10785
16,4173
16,1601
16,6837
16,7890
16,10886
16,415
16,9370
16,8425
16,7656
16,8358
16,1259
16,15399
16,10618
16,3121
16,8427
16,5227
16,5651
16,10631
16,11349
16,13895
16,15107
16,17045
16,16450
16,3082
16,4986
16,7168
16,12883
16,8548
16,4218
16,8192
16,13288
16,6221
16,1274
16,2955
16,9574
16,12473
16,1419
16,1150
16,6993
16,9259
16,16301
16,16662
16,5234
16,8296
16,17335
16,16325
16,2758
16,11387
16,2082
16,164
16,7996
16,3683
16,1067
16,5039
16,4960
16,460
16,14177
16,8772
16,2598
16,1037
16,11290
16,12060
16,7676
16,16340
16,9022
16,16575
16,6070
16,11989
16,12044
16,4778
16,9667
16,5608
16,12588
16,278
16,3721
16,2750
16,16734
16,4274
16,1876
16,13223
16,8292
16,122
16,11513
16,1054
16,11550
16,12682
16,6892
16,7654
16,8407
16,17418
16,12344
16,5217
16,2638
16,1435
16,15267
16,14488
16,15755
16,11788
16,3939
16,1262
16,4659
16,7476
16,13864
16,11320
16,3535
16,13840
16,6479
16,11863
16,4068
16,9011
16,11594
16,16569
16,12401
16,1800
16,6548
16,14321
16,3353
16,16387
16,11821
16,16316
16,4336
16,17261
16,8741
16,3028
16,2470
16,15190
16,2983
16,11549
16,13069
16,3666
16,3191
16,12480
16,13759
16,12841
16,8490
16,2085
16,2725
16,13089
16,15349
16,15886
16,7361
16,14487
16,16376
16,15672
16,5431
16,10671
16,17412
16,15793
16,5677
16,9501
16,16217
16,3647
16,8540
16,2144
16,8762
16,1089
16,5642
16,15660
16,13619
16,3584
16,10994
16,4435
16,1883
16,9959
16,12901
16,9736
16,1385
16,5288
16,16547
16,13545
16,13681
16,9173
16,2535
16,3976
16,8397
16,3643
16,2847
16,5819
16,4992
16,7870
16,9765
16,10627
16,4279
16,11919
16,7300
16,8389
16,15656
16,11309
16,9976
16,13222
16,4961
16,17333
16,9734
16,8982
16,6625
16,9696
16,8552
16,1738
16,5897
16,8708
16,13417
16,2252
16,1609
16,17151
16,2645
16,16104
16,5539
16,5929
16,8181
16,3929
16,8603
16,11662
16,2614
16,11257
16,16741
16,4584
16,2607
16,13519
16,9642
16,8915
16,7232
16,9493
16,228
16,112
16,13350
16,8627
16,5457
16,17338
16,1869
16,3411
16,3278
16,8086
16,16778
16,3227
16,9533
16,12576
16,2676
16,11298
16,7815
16,10255
16,3689
16,2480
16,2745
16,3114
16,15123
16,10325
16,6775
16,4843
16,11020
16,12052
16,15926
16,5426
16,3853
16,15976
16,7853
16,3235
16,10501
16,6689
16,3211
16,3309
16,16608
16,8184
16,1989
16,5269
16,4747
16,12208
16,14066
16,16464
16,14500
16,2398
16,712
16,612
16,8049
16,9058
16,8404
16,14965
16,10556
16,9030
16,3960
16,6932
16,15930
16,14361
16,3815
16,11837
16,1636
16,651
16,9881
16,12815
16,13852
16,15137
16,16479
16,6313
16,9871
16,3540
16,5876
16,12307
16,8686
16,12703
16,7459
16,16038
16,12251
16,4913
16,14287
16,5408
16,17384
16,9347
16,7426
16,3787
16,11284
16,17084
16,10958
16,11998
16,6988
16,1685
16,9154
16,527
16,15095
16,16640
16,948
16,4484
16,9819
16,1045
16,14694
16,640
16,11182
16,14249
16,240
16,9224
16,17165
16,17358
16,3150
16,2269
16,4602
16,17271
16,17460
16,2952
16,1892
16,13753
16,8560
16,15033
16,2477
16,12160
16,7968
16,3087
16,124
16,14632
16,6704
16,7
16,14839
16,2356
16,1780
16,3290
16,14513
16,12811
16,2186
16,16363
16,10734
16,3063
16,14366
16,14093
16,8395
16,14948
16,2333
16,1183
16,14946
16,3845
16,12640
16,15748
16,17185
16,5690
16,14786
16,12129
16,5373
16,9366
16,9065
16,8882
16,5192
16,5635
16,8116
16,3092
16,6950
16,13393
16,12977
16,7719
16,964
16,3813
16,2405
16,16814
16,14133
16,13977
16,2786
16,14657
16,12372
16,2581
16,16796
16,5001
16,15318
16,9943
16,16408
16,3891
16,16919
16,15849
16,9504
16,1280
16,6104
16,16921
16,8148
16,9698
16,15372
16,10893
16,8325
16,9770
16,15340
16,2960
16,4210
16,7336
16,7589
16,6419
16,8353
16,6173
16,5772
16,9273
16,17316
16,1828
16,8154
16,177
16,14923
16,6057
16,14583
16,6967
16,7152
16,6771
16,12932
16,7565
16,12663
16,884
16,6816
16,7461
16,1912
16,9301
16,5309
16,14682
16,9988
16,12126
16,17260
16,11532
16,8243
16,11519
16,8291
16,7046
16,5049
16,7763
16,6794
16,2346
16,13622
16,16776
16,15718
16,12796
16,16202
16,6341
16,4032
16,2217
16,16894
16,5291
16,13509
16,13502
16,14773
16,9194
16,3887
16,5637
16,126
16,121
16,15982
16,1577
16,14295
16,102
16,17334
16,361
16,13741
16,3443
16,14292
16,259
16,14857
16,3168
16,4265
16,9967
16,14598
16,17385
16,1918
16,2784
16,2728
16,1062
16,13007
16,3380
16,4937
16,5032
16,15380
16,5342
16,10701
16,5377
16,1349
16,3315
16,10070
16,15007
16,10812
16,1471
16,5411
16,8719
16,0
16,14357
16,17033
16,7344
16,4457
16,16377
16,15579
16,58
16,2321
16,11819
16,16263
16,10833
16,16757
16,3975
16,12679
16,2175
16,1874
16,1305
16,6673
16,11307
16,9499
16,16845
16,4264
16,7377
16,655
16,14608
16,223
16,8629
16,6103
16,4804
16,16967
16,14095
16,4513
16,12046
16,7480
16,2281
16,1946
16,3859
16,7964
16,8432
16,13460
16,8529
16,15981
16,9331
16,6959
16,3107
16,9478
16,2493
16,16993
16,5687
16,7861
16,6235
16,15633
16,3902
16,14282
16,4276
16,17373
16,8970
16,3226
16,14033
16,6359
16,14871
16,11957
16,15669
16,17419
16,16854
16,15631
16,9620
16,14538
16,14478
16,15355
16,4531
16,8465
16,9040
16,2933
16,9767
16,13664
16,6591
16,867
16,11603
16,15027
16,16422
16,15412
16,3817
16,11117
16,6207
16,3990
16,735
16,6332
16,5991
16,1267
16,1377
16,2045
16,871
16,14590
16,12134
16,10239
16,147
16,12593
16,17181
16,13326
16,674
16,10791
16,10340
16,10168
16,7367
16,13054
16,14613
16,15010
16,2013
16,4049
16,15212
16,3631
16,3612
16,9404
16,615
16,12820
16,6292
16,5404
16,16017
16,2285
16,2987
16,17012
16,5517
16,14441
16,4093
16,1970
16,12628
16,2116
16,12394
16,6344
16,13148
16,15625
16,2714
16,8213
16,16287
16,5533
16,15560
16,1531
16,9422
16,14192
16,9546
16,13616
16,12190
16,11432
16,16293
16,11780
16,16906
16,8964
16,14616
16,14862
16,12237
16,13399
16,5732
16,4215
16,16593
16,10397
16,56
16,7932
16,13649
16,9008
16,14506
16,10897
16,5512
16,17337
16,1695
16,5542
16,16143
16,13706
16,14658
16,7164
16,737
16,2781
16,1296
16,4536
16,1791
16,6441
16,10367
16,5669
16,16514
16,8787
16,12658
16,13437
16,17062
16,2625
16,301
16,1172
16,11650
16,4237
16,15717
16,7184
16,17152
16,8676
16,1796
16,14763
16,16491
16,4951
16,4136
16,7071
16,7248
16,15651
16,11049
16,5607
16,3392
16,13958
16,13149
16,14662
16,1860
16,4550
16,12177
16,10436
16,13891
16,15204
16,13250
16,7779
16,6452
16,10703
16,11607
16,2121
16,5678
16,7128
16,16524
16,16947
16,9210
16,1519
16,7056
16,558
16,409
16,13282
16,7938
16,15644
16,9911
16,675
16,3564
16,7886
16,9454
16,2218
16,13814
16,14415
16,13854
16,16130
16,14791
16,11961
16,7200
16,10529
16,12196
16,7974
16,5023
16,17239
16,3131
16,10040
16,1083
16,2167
16,7939
16,11356
16,2912
16,9294
16,227
16,12752
16,12498
16,8639
16,13777
16,15536
16,382
16,14648
16,15264
16,9979
16,12813
16,6569
16,16197
16,13851
16,5796
16,12764
16,10718
16,3456
16,4966
16,6125
16,4368
16,15920
16,6505
16,7810
16,15645
16,14789
16,4883
16,11641
16,9505
16,15530
16,14231
16,6500
16,16928
16,5467
16,10721
16,4040
16,4789
16,8115
16,7194
16,7999
16,14525
16,10162
16,11605
16,3986
16,3892
16,6656
16,12767
16,10195
16,16582
16,16693
16,10831
16,130
16,2677
16,1261
16,8396
16,8368
16,10204
16,14001
16,5224
16,3821
16,3331
16,17039
16,8527
16,13768
16,5348
16,11909
16,3256
16,4995
16,12321
16,14523
16,7717
16,9021
16,5753
16,8018
16,13591
16,972
16,10475
16,1986
16,1266
16,15477
16,16148
16,1833
16,9299
16,4007
16,3201
16,6161
16,10798
16,3447
16,1426
16,15754
16,7513
16,11886
16,13799
16,1962
16,16350
16,16535
16,11224
16,3558
16,16606
16,14960
16,7585
16,16229
16,7715
16,4167
16,13917
16,17064
16,12023
16,15578
16,12791
16,6541
16,12812
16,774
16,1643
16,1961
16,14021
16,7220
16,9858
16,10592
16,13186
16,5795
16,9964
16,16125
16,4366
16,10552
16,2067
16,10196
16,1093
16,5899
16,7952
16,1428
16,6204
16,7957
16,9728
16,3977
16,12262
16,2787
16,12889
16,7739
16,13929
16,3308
16,9355
16,2320
16,9555
16,9419
16,4176
16,5230
16,5054
16,12408
16,17194
16,3144
16,2153
16,9985
16,15918
16,14515
16,285
16,12039
16,10286
16,1056
16,4539
16,13989
16,7632
16,12371
16,3896
16,14163
16,3066
16,11972
16,10980
16,10830
16,6331
16,6793
16,7979
16,12143
16,15431
16,13867
16,16853
16,8647
16,16146
16,15607
16,12048
16,4250
16,15368
16,762
16,15032
16,6858
16,13133
16,8398
16,13114
16,698
16,8027
16,5471
16,1788
16,750
16,446
16,11892
16,13213
16,7196
16,7900
16,4293
16,9254
16,1681
16,13431
16,12866
16,6854
16,10434
16,2974
16,50
16,12341
16,7044
16,6756
16,15504
16,6262
16,5382
16,8777
16,6169
16,6466
16,12985
16,10187
16,9250
16,9502
16,11102
16,11037
16,7076
16,6157
16,6905
16,6058
16,1602
16,10253
16,16522
16,8657
16,3336
16,15384
16,10828
16,4297
16,4327
16,15855
16,8275
16,12953
16,14548
16,5386
16,215
16,16416
16,10898
16,2315
16,1688
16,13635
16,14994
16,13910
16,3533
16,14207
16,10726
16,5196
16,4650
16,9358
16,6552
16,3396
16,3382
16,13813
16,11766
16,10890
16,4023
16,1726
16,5074
16,3372
16,12739
16,14152
16,11129
16,7356
16,3110
16,16313
16,914
16,4334
16,15558
16,16510
16,10445
16,3491
16,1407
16,12789
16,3471
16,12011
16,5333
16,12045
16,5731
16,2446
16,16207
16,3102
16,372
16,13662
16,8706
16,9835
16,16562
16,13124
16,8233
16,10085
16,15187
16,9563
16,7202
16,7566
16,1530
16,4582
16,6349
16,13965
16,15051
16,14870
16,2621
16,11667
16,8262
16,5891
16,4416
16,6386
16,1789
16,7047
16,9687
16,4636
16,885
16,14061
16,3222
16,6275
16,15811
16,786
16,13334
16,9025
16,15111
16,12457
16,16036
16,5395
16,5168
16,1947
16,3964
16,1202
16,15098
16,9946
16,6133
16,1945
16,5462
16,5617
16,11133
16,3169
16,7633
16,14884
16,2887
16,3012
16,3671
16,10225
16,6657
16,15932
16,16468
16,15649
16,7066
16,16233
16,2214
16,7206
16,5941
16,8886
16,12708
16,7118
16,13594
16,11179
16,15783
16,8273
16,1635
16,13095
16,2098
16,14304
16,13116
16,11682
16,269
16,11184
16,6317
16,12501
16,5884
16,10625
16,9666
16,15022
16,17155
16,5016
16,8256
16,5737
16,3890
16,2414
16,2096
16,4699
16,2631
16,14137
16,11840
16,88
16,1993
16,14755
16,11633
16,9848
16,3935
16,2008
16,10113
16,1504
16,6134
16,5458
16,5977
16,10317
16,791
16,8625
16,7650
16,11455
16,8912
16,6509
16,5808
16,13807
16,4758
16,13448
16,8534
16,16409
16,16105
16,3467
16,11996
16,4347
16,13747
16,1725
16,8769
16,2482
16,11839
16,1342
16,11868
16,12073
16,804
16,15436
16,12524
16,9287
16,3629
16,9131
16,12043
16,10665
16,11327
16,13617
16,13559
16,13669
16,7352
16,17458
16,3617
16,9623
16,3067
16,2352
16,7683
16,16761
16,5709
16,11108
16,9072
16,10880
16,8356
16,11825
16,9987
16,11329
16,7145
16,13321
16,176
16,5725
16,4398
16,10467
16,8122
16,10228
16,15124
16,4728
16,8695
16,1778
16,9054
16,11092
16,10658
16,12614
16,15788
16,4126
16,12540
16,3468
16,7912
16,1729
16,184
16,5433
16,8658
16,11139
16,14236
16,1991
16,13899
16,2165
16,110
16,16682
16,15300
16,4301
16,16490
16,9795
16,8514
16,13607
16,6144
16,15956
16,14876
16,15357
16,792
16,14892
16,4819
16,15870
16,9015
16,3322
16,3304
16,2825
16,8074
16,9189
16,3269
16,7270
16,2188
16,12163
16,7945
16,11448
16,4255
16,16337
16,12856
16,767
16,9600
16,6830
16,12238
16,6904
16,14656
16,5531
16,15487
16,8673
16,2640
16,13680
16,78
16,15262
16,6397
16,5159
16,8028
16,14565
16,15206
16,2250
16,2107
16,6893
16,8768
16,13280
16,2376
16,15186
16,3351
16,8975
16,992
16,12204
16,14894
16,17199
16,15810
16,1596
16,5668
16,6577
16,15887
16,14795
16,6518
16,83
16,1219
16,15034
16,11541
16,987
16,16768
16,8499
16,14749
16,13553
16,9196
16,12753
16,6483
16,15001
16,6813
16,4981
16,13422
16,14293
16,7742
16,8538
16,6796
16,3924
16,9875
16,6356
16,2815
16,10034
16,6084
16,4475
16,13438
16,10211
16,14385
16,6076
16,2833
16,15115
16,1847
16,1776
16,5314
16,13389
16,2241
16,2194
16,10038
16,377
16,6970
16,15158
16,14979
16,11830
16,2139
16,5866
16,5193
16,5004
16,5569
16,6181
16,17204
16,4233
16,5108
16,13838
16,5853
16,7245
16,11810
16,7382
16,6547
16,11375
16,9269
16,13275
16,174
16,16114
16,3236
16,6691
16,10244
16,488
16,14259
16,9175
16,3938
16,15608
16,15235
16,3967
16,6329
16,4733
16,15822
16,9208
16,8848
16,12672
16,135
16,15541
16,1222
16,14501
16,12257
16,14802
16,6760
16,2569
16,12058
16,12205
16,17163
16,15456
16,16345
16,10779
16,3784
16,7259
16,8386
16,13719
16,10338
16,7362
16,6155
16,13212
16,10723
16,1367
16,8896
16,4925
16,13151
16,7568
16,12857
16,3088
16,7594
16,1854
16,13697
16,12293
16,15222
16,11283
16,2754
16,16395
16,7823
16,4773
16,2567
16,5162
16,16472
16,12378
16,7223
16,4094
16,13679
16,4220
16,2584
16,3710
16,842
16,13801
16,13286
16,6634
16,3906
16,16819
16,8117
16,16205
16,6263
16,8375
16,2720
16,3885
16,14833
16,12691
16,15632
16,9274
16,17007
16,3767
16,14511
16,10995
16,14711
16,4354
16,13699
16,523
16,3370
16,9973
16,2465
16,1003
16,2075
16,8800
16,11140
16,16402
16,16209
16,11851
16,1648
16,11333
16,1319
16,7317
16,16895
16,4489
16,14353
16,3708
16,6226
16,6299
16,6193
16,12502
16,10130
16,12707
16,15850
16,8031
16,7083
16,16537
16,6266
16,3702
16,7625
16,6624
16,9342
16,6105
16,1839
16,4621
16,3461
16,10292
16,1898
16,13647
16,10226
16,3727
16,14989
16,6886
16,12434
16,1064
16,14660
16,14241
16,14211
16,9509
16,4349
16,11773
16,2816
16,16523
16,15525
16,1444
16,4134
16,8170
16,1132
16,11395
16,13144
16,6286
16,6298
16,9826
16,6005
16,3223
16,1322
16,3254
16,9295
16,12116
16,13812
16,14475
16,12013
16,13861
16,5365
16,15601
16,10527
16,1100
16,14806
16,13655
16,16399
16,4148
16,1627
16,12304
16,14266
16,5031
16,7061
16,8196
16,16390
16,6113
16,15324
16,217
16,10645
16,14716
16,8249
16,10321
16,10271
16,14453
16,611
16,5892
16,6782
16,4526
16,13504
16,834
16,11613
16,11181
16,696
16,8155
16,7045
16,8642
16,3081
16,8550
16,15270
16,6852
16,7775
16,5368
16,665
16,10364
16,12139
16,5602
16,15495
16,4102
16,6940
16,7131
16,14327
16,9793
16,16043
16,10518
16,15721
16,3941
16,13407
16,5593
16,13403
16,7760
16,8194
16,10393
16,1434
16,16941
16,10752
16,1241
16,14363
16,4205
16,1411
16,866
16,16633
16,11647
16,8212
16,11239
16,16048
16,1693
16,8722
16,15847
16,15241
16,12150
16,1066
16,5964
16,1022
16,9872
16,9133
16,10803
16,14785
16,13875
16,12927
16,7880
16,6090
16,14354
16,13630
16,2528
16,5682
16,3101
16,9926
16,9538
16,14151
16,6985
16,3295
16,10737
16,17191
16,10005
16,6731
16,7533
16,12391
16,4508
16,690
16,6856
16,4149
16,3945
16,16637
16,11189
16,7013
16,8573
16,3057
16,12414
16,12913
16,9775
16,4372
16,13281
16,15315
16,5999
16,12851
16,5935
16,12751
16,9521
16,12203
16,4132
16,2973
16,1070
16,8536
16,9822
16,11135
16,11994
16,11332
16,678
16,12084
16,8370
16,16348
16,9063
16,10710
16,10720
16,13360
16,5694
16,904
16,528
16,4384
16,17401
16,14564
16,405
16,16331
16,10966
16,9867
16,12694
16,4463
16,11685
16,509
16,574
16,6811
16,17247
16,1528
16,16088
16,3713
16,3320
16,15908
16,16096
16,5407
16,407
16,17078
16,14766
16,10857
16,6596
16,10272
16,12555
16,10522
16,6449
16,2945
16,9779
16,1451
16,7388
16,15202
16,7153
16,14940
16,15912
16,4580
16,12805
16,10675
16,17369
16,981
16,14320
16,15515
16,4355
16,12687
16,2235
16,3029
16,16061
16,10361
16,5844
16,13668
16,17017
16,1857
16,3582
16,4417
16,5857
16,8350
16,10593
16,11523
16,1329
16,1581
16,12223
16,17031
16,10214
16,16841
16,6079
16,1975
16,1039
16,15460
16,14827
16,3228
16,3973
16,2496
16,8366
16,13955
16,8222
16,8859
16,4942
16,499
16,13499
16,13771
16,9863
16,2748
16,12515
16,4227
16,8526
16,11600
16,8724
16,9465
16,4613
16,13383
16,9455
16,16689
16,6068
16,7539
16,17138
16,7871
16,3494
16,5967
16,535
16,3664
16,8785
16,5830
16,5383
16,12047
16,12079
16,3575
16,10491
16,6486
16,8889
16,5859
16,3881
16,13941
16,7372
16,10218
16,4578
16,7754
16,16930
16,3200
16,632
16,15089
16,11878
16,11628
16,9598
16,3854
16,666
16,4514
16,16656
16,13560
16,9529
16,1978
16,3642
16,670
16,1996
16,13419
16,10622
16,12715
16,9197
16,4616
16,15782
16,10964
16,16194
16,6159
16,16420
16,613
16,3611
16,17479
16,5882
16,9251
16,9171
16,4579
16,1459
16,2749
16,15642
16,13008
16,12489
16,9164
16,13152
16,4174
16,11110
16,8914
16,14355
16,12252
16,9606
16,2503
16,7002
16,1228
16,7217
16,7031
16,5508
16,11230
16,14831
16,11158
16,16156
16,6156
16,2288
16,3893
16,8934
16,17120
16,4201
16,14115
16,7728
16,15619
16,8909
16,15499
16,6536
16,12888
16,14678
16,3176
16,9925
16,5643
16,564
16,14405
16,2174
16,13040
16,10304
16,3872
16,1712
16,6163
16,4389
16,8288
16,2124
16,12244
16,13458
16,4502
16,16176
16,13239
16,10163
16,7686
16,15259
16,7340
16,2211
16,4592
16,15983
16,17302
16,13041
16,7637
16,15069
16,7868
16,13927
16,11902
16,3651
16,2474
16,8995
16,1034
16,10977
16,7139
16,13626
16,17117
16,9510
16,4204
16,13831
16,7281
16,1234
16,7211
16,10708
16,7806
16,17374
16,12508
16,5837
16,441
16,13605
16,5626
16,16137
16,12828
16,3516
16,17382
16,16647
16,16627
16,8960
16,4186
16,15531
16,9211
16,3250
16,13923
16,4150
16,4814
16,16830
16,8864
16,14109
16,8355
16,6408
16,2012
16,16721
16,8030
16,2788
16,10763
16,410
16,11928
16,9136
16,8057
16,8006
16,17473
16,11441
16,15156
16,17148
16,13676
16,14712
16,3860
16,8688
16,10674
16,15888
16,2630
16,2354
16,4495
16,10670
16,2208
16,8774
16,2510
16,16759
16,1217
16,9026
16,1162
16,9909
16,3260
16,2335
16,8161
16,16991
16,1352
16,14022
16,7832
16,8460
16,12220
16,12076
16,5781
16,5806
16,1812
16,2903
16,3781
16,12992
16,16743
16,17114
16,9665
16,7740
16,16968
16,13704
16,13863
16,10747
16,12626
16,106
16,11399
16,9270
16,13661
16,10385
16,12504
16,13287
16,5226
16,273
16,13161
16,14032
16,2644
16,2476
16,12500
16,6422
16,10573
16,1534
16,15524
16,1007
16,41
16,14373
16,15449
16,5618
16,715
16,11466
16,3216
16,13531
16,16828
16,16896
16,2209
16,11930
16,10350
16,16475
16,1848
16,484
16,4586
16,8587
16,9862
16,10647
16,10269
16,764
16,8237
16,12297
16,10289
16,16141
16,3559
16,11083
16,5047
16,4860
16,16617
16,7774
16,1936
16,11853
16,10330
16,1457
16,7342
16,16988
16,8359
16,10613
16,14592
16,13785
16,2228
16,11927
16,3391
16,6801
16,13795
16,12511
16,12228
16,11067
16,4095
16,6929
16,4432
16,16109
16,3369
16,3907
16,9360
16,6445
16,620
16,1422
16,5244
16,7783
16,2053
16,1598
16,15539
16,17462
16,11042
16,2450
16,11249
16,12170
16,16660
16,9195
16,5868
16,8650
16,10947
16,16808
16,3876
16,16186
16,11862
16,5372
16,13857
16,5726
16,10143
16,1216
16,1663
16,13060
16,3181
16,15036
16,10889
16,9372
16,7079
16,4664
16,11752
16,4177
16,14025
16,141
16,1343
16,3264
16,14200
16,12337
16,13825
16,1107
16,12942
16,3106
16,7363
16,6152
16,7441
16,11493
16,2039
16,15252
16,10141
16,7405
16,1230
16,7225
16,16918
16,7490
16,4547
16,1769
16,3266
16,1708
16,8844
16,13931
16,8606
16,6015
16,16250
16,2259
16,10177
16,8979
16,8394
16,8276
16,10285
16,5639
16,7792
16,12720
16,6236
16,16815
16,11308
16,5059
16,15584
16,13079
16,6654
16,11888
16,1572
16,2829
16,5573
16,693
16,13524
16,11619
16,9928
16,5413
16,7374
16,17380
16,1995
16,1257
16,8050
16,5443
16,6145
16,12272
16,5684
16,17277
16,10533
16,16435
16,7025
16,16478
16,16482
16,6338
16,16563
16,6799
16,669
16,14284
16,4483
16,1649
17,17464
17,9328
17,752
17,5794
17,12204
17,274
17,3562
17,12467
17,6466
17,3552
17,16517
17,1372
17,15667
17,1249
17,13492
17,5874
17,9099
17,10920
17,5083
17,6040
17,11287
17,10030
17,11695
17,149
17,9591
17,11434
17,7757
17,7150
17,6624
17,10272
17,1713
17,8812
17,16814
17,739
17,1433
17,8326
17,16660
17,6313
17,4507
17,8250
17,16117
17,14106
17,821
17,3042
17,2285
17,3850
17,7425
17,8936
17,5215
17,11592
17,10084
17,6265
17,14494
17,1817
17,13254
17,13588
17,8097
17,8435
17,9467
17,17324
17,11899
17,11202
17,2059
17,1950
17,2113
17,6878
17,590
17,15734
17,8103
17,11219
17,9859
17,6818
17,2293
17,14468
17,11867
17,15741
17,48
17,4770
17,5417
17,13776
17,8974
17,6539
17,15716
17,8095
17,14781
17,6900
17,813
17,12549
17,16184
17,2123
17,1566
17,7940
17,4744
17,10872
17,10186
17,15609
17,5472
17,16682
17,13336
17,4710
17,10232
17,1904
17,8377
17,7396
17,13261
17,12411
17,12308
17,4900
17,2620
17,15310
17,5901
17,12036
17,8300
17,15248
17,15130
17,15269
17,2140
17,14251
17,12634
17,9090
17,14236
17,10358
17,7445
17,16111
17,1628
17,12621
17,14593
17,12081
17,8923
17,4681
17,3758
17,5735
17,6918
17,670
17,15636
17,10158
17,8115
17,17432
17,8767
17,15476
17,13250
17,10103
17,8053
17,9442
17,534
17,10949
17,3075
17,8799
17,390
17,9206
17,10692
17,411
17,3485
17,11527
17,11776
17,14073
17,946
17,1400
17,16376
17,1168
17,1118
17,16223
17,12351
17,8643
17,8208
17,3131
17,16411
17,7525
17,15555
17,14059
17,7954
17,5638
17,9935
17,17291
17,4123
17,2325
17,5151
17,15174
17,3400
17,5487
17,7543
17,13083
17,3267
17,10680
17,9483
17,4125
17,8586
17,15683
17,8809
17,9265
17,15750
17,2836
17,2651
17,3360
17,17274
17,13057
17,11912
17,14648
17,7572
17,8772
17,7682
17,8391
17,9365
17,4646
17,15249
17,2652
17,11293
17,1802
17,17466
17,8820
17,12540
17,8789
17,16134
17,2071
17,108
17,3274
17,10308
17,10726
17,14827
17,12678
17,7386
17,13645
17,1763
17,15146
17,3747
17,5992
17,11125
17,9228
17,7913
17,1857
17,11481
17,11879
17,9423
17,3432
17,13157
17,10164
17,14171
17,17203
17,1356
17,6762
17,12960
17,1385
17,13682
17,15861
17,2190
17,5163
17,13678
17,12810
17,8747
17,8514
17,7583
17,3377
17,9975
17,3543
17,16451
17,16836
17,1784
17,14396
17,4457
17,7378
17,2209
17,6569
17,14898
17,12400
17,8393
17,5437
17,3482
17,13978
17,11648
17,6225
17,16840
17,13898
17,15280
17,12233
17,16608
17,208
17,15128
17,5990
17,7305
17,13557
17,1596
17,7721
17,3798
17,17341
17,17014
17,10574
17,4017
17,10382
17,14756
17,11651
17,6044
17,14196
17,604
17,8463
17,12286
17,8418
17,12661
17,16309
17,1081
17,8501
17,10228
17,7898
17,524
17,12566
17,172
17,2304
17,1270
17,951
17,11778
17,2615
17,486
17,13811
17,9490
17,8312
17,5484
17,1477
17,8915
17,9132
17,10627
17,12479
17,4939
17,14204
17,12385
17,4171
17,1310
17,11127
17,2936
17,13540
17,9186
17,9412
17,14600
17,17088
17,6336
17,10156
17,11739
17,6151
17,8649
17,8032
17,10533
17,783
17,12303
17,5894
17,11216
17,14555
17,13541
17,16262
17,1340
17,7188
17,8848
17,15686
17,15791
17,5264
17,3407
17,14388
17,17367
17,11363
17,12348
17,3978
17,4302
17,5708
17,7615
17,9509
17,3398
17,13063
17,10202
17,2607
17,6443
17,11951
17,1938
17,9080
17,2969
17,13514
17,12923
17,16976
17,754
17,176
17,12792
17,12514
17,6676
17,10915
17,11923
17,14749
17,13935
17,753
17,12742
17,15560
17,16966
17,15018
17,12037
17,8120
17,4248
17,3812
17,9576
17,12698
17,12525
17,11667
17,2569
17,3671
17,10403
17,10465
17,17286
17,2112
17,16365
17,8200
17,5964
17,11220
17,11414
17,1050
17,7608
17,2699
17,7126
17,2260
17,5288
17,16129
17,5227
17,10467
17,2415
17,6430
17,2111
17,4172
17,4361
17,11231
17,4878
17,8856
17,6239
17,9648
17,16986
17,12433
17,5209
17,8236
17,6512
17,9763
17,1192
17,6941
17,12840
17,6912
17,17058
17,3434
17,3098
17,2077
17,13928
17,7620
17,440
17,10994
17,481
17,8311
17,6200
17,559
17,8875
17,16304
17,3809
17,17132
17,7549
17,4891
17,12144
17,908
17,3200
17,11233
17,8769
17,16512
17,842
17,5077
17,6158
17,1555
17,15243
17,15872
17,13936
17,15201
17,17161
17,1608
17,7914
17,10381
17,14621
17,3351
17,4721
17,6268
17,11474
17,6279
17,11754
17,13075
17,16657
17,2493
17,15287
17,17163
17,8419
17,4885
17,11483
17,432
17,14331
17,8083
17,12270
17,7373
17,10271
17,987
17,16912
17,13096
17,15827
17,2552
17,2294
17,8107
17,12955
17,16206
17,8866
17,10001
17,16000
17,940
17,6702
17,17277
17,9770
17,562
17,11969
17,12520
17,14987
17,10167
17,12874
17,235
17,780
17,10527
17,9987
17,3657
17,15871
17,9113
17,6413
17,13235
17,5279
17,5520
17,5923
17,7194
17,7710
17,2268
17,6834
17,2717
17,11144
17,1746
17,12789
17,16071
17,15296
17,7114
17,15202
17,4880
17,5246
17,16759
17,7507
17,13868
17,3067
17,11071
17,6002
17,14535
17,4010
17,10140
17,9347
17,14214
17,11883
17,6222
17,10649
17,4221
17,14040
17,7037
17,12169
17,8606
17,15285
17,11753
17,1891
17,14217
17,13942
17,10659
17,428
17,1522
17,11721
17,8342
17,16035
17,2527
17,8568
17,3770
17,8447
17,7240
17,4919
17,5956
17,13391
17,3119
17,17081
17,17020
17,3713
17,14910
17,1548
17,4983
17,10289
17,8376
17,6799
17,6646
17,1928
17,16722
17,3842
17,16865
17,1793
17,4482
17,14398
17,13255
17,8429
17,16162
17,13245
17,9702
17,10587
17,10979
17,12438
17,15427
17,12107
17,10112
17,16070
17,16905
17,5842
17,13720
17,4807
17,14966
17,10635
17,15433
17,224
17,6463
17,8338
17,9453
17,615
17,3237
17,1405
17,918
17,8708
17,14260
17,14862
17,8352
17,1644
17,12402
17,7094
17,5153
17,9941
17,9930
17,10810
17,880
17,14224
17,9420
17,11984
17,12062
17,9120
17,7514
17,16569
17,12009
17,751
17,2133
17,4117
17,201
17,6521
17,434
17,10771
17,2299
17,10142
17,7648
17,3010
17,12623
17,3462
17,6025
17,17041
17,9176
17,14066
17,6438
17,3261
17,11724
17,3980
17,17435
17,13990
17,12895
17,12980
17,4977
17,14689
17,4583
17,7225
17,3640
17,16886
17,9198
17,9314
17,13151
17,4817
17,11097
17,4088
17,7041
17,11627
17,7148
17,5412
17,7755
17,2849
17,11749
17,11967
17,13136
17,10498
17,3859
17,12147
17,16472
17,14616
17,5029
17,6662
17,12098
17,17258
17,13162
17,8506
17,10698
17,8109
17,7575
17,1698
17,3130
17,1
17,2420
17,9197
17,13174
17,17353
17,10787
17,10523
17,7221
17,7487
17,10292
17,17342
17,12610
17,200
17,13122
17,14747
17,580
17,16960
17,7451
17,13202
17,16112
17,12911
17,4823
17,11512
17,2508
17,6936
17,7837
17,2799
17,12138
17,4663
17,13610
17,5862
17,5460
17,5237
17,8152
17,5203
17,9925
17,1878
17,5047
17,9605
17,10515
17,1008
17,14828
17,2160
17,219
17,1619
17,13450
17,5920
17,1551
17,6693
17,11020
17,7452
17,1604
17,7456
17,3344
17,7778
17,6213
17,1666
17,11422
17,13436
17,11915
17,554
17,186
17,346
17,2907
17,15769
17,17338
17,1419
17,964
17,15708
17,16624
17,17396
17,2985
17,17194
17,13409
17,4551
17,4114
17,3806
17,16767
17,7517
17,2611
17,15337
17,9046
17,12337
17,1501
17,3788
17,13434
17,8807
17,9822
17,11998
17,12383
17,3271
17,1274
17,8401
17,16189
17,5392
17,14607
17,7310
17,16094
17,15697
17,16005
17,1997
17,2789
17,8805
17,5397
17,4148
17,5396
17,16208
17,11350
17,17204
17,3316
17,16301
17,11928
17,15973
17,12159
17,6415
17,10624
17,1926
17,13743
17,10958
17,5062
17,7385
17,7855
17,13208
17,2210
17,11048
17,2983
17,12105
17,3033
17,12396
17,2891
17,10152
17,15382
17,15220
17,13846
17,2567
17,9592
17,9477
17,2773
17,7805
17,14492
17,5769
17,9995
17,10332
17,9351
17,16576
17,2768
17,1408
17,884
17,8008
17,5797
17,15785
17,10785
17,4945
17,10193
17,10770
17,17151
17,4477
17,1652
17,3332
17,16551
17,3887
17,2504
17,8483
17,5087
17,1160
17,16372
17,16157
17,11318
17,14101
17,3719
17,2115
17,14259
17,16659
17,5790
17,11471
17,15454
17,12362
17,8576
17,13164
17,5661
17,189
17,12577
17,14738
17,5532
17,775
17,17477
17,15882
17,8685
17,10484
17,9894
17,14729
17,10256
17,7890
17,4601
17,9652
17,8302
17,5402
17,8622
17,10695
17,7616
17,2882
17,14369
17,15619
17,6210
17,4898
17,2414
17,2291
17,14454
17,15206
17,16339
17,6461
17,16124
17,10981
17,16678
17,3409
17,6198
17,14192
17,11319
17,15889
17,776
17,15845
17,5939
17,13535
17,16559
17,9645
17,3725
17,6125
17,16096
17,1148
17,9901
17,3439
17,2963
17,5104
17,8859
17,795
17,3911
17,14876
17,7848
17,10735
17,1138
17,10983
17,2507
17,5840
17,8420
17,5772
17,13196
17,7595
17,6560
17,1467
17,6459
17,1042
17,2221
17,11887
17,8569
17,15838
17,12180
17,15719
17,8693
17,1097
17,9311
17,3040
17,9582
17,455
17,8431
17,12876
17,13875
17,135
17,11185
17,3588
17,10076
17,13669
17,2528
17,10179
17,4627
17,10287
17,2917
17,14980
17,418
17,276
17,9486
17,14960
17,2483
17,11710
17,4044
17,16582
17,4884
17,16595
17,8922
17,11487
17,13147
17,9460
17,9115
17,11766
17,843
17,17349
17,1983
17,15816
17,5280
17,6966
17,7746
17,10669
17,838
17,1512
17,10490
17,9597
17,7171
17,9953
17,3643
17,6745
17,15481
17,14598
17,12739
17,4231
17,7340
17,9752
17,3372
17,7769
17,8691
17,6502
17,16962
17,7983
17,5102
17,3526
17,2349
17,3207
17,12288
17,6422
17,1911
17,181
17,2188
17,5878
17,11818
17,1282
17,11360
17,14838
17,4911
17,9498
17,2166
17,2339
17,15755
17,8259
17,2211
17,12583
17,2585
17,6358
17,16648
17,15426
17,14355
17,5915
17,15990
17,789
17,9712
17,6698
17,1865
17,1930
17,3868
17,4592
17,6214
17,11948
17,12446
17,578
17,6552
17,9792
17,15732
17,363
17,8048
17,17429
17,3991
17,15432
17,6789
17,1720
17,16635
17,12463
17,1150
17,5849
17,7775
17,12901
17,11921
17,8800
17,8814
17,1937
17,16747
17,11610
17,513
17,2633
17,976
17,8217
17,5546
17,4847
17,7140
17,8060
17,13475
17,14361
17,2318
17,4797
17,17090
17,9288
17,12918
17,2760
17,17423
17,3816
17,14445
17,10423
17,1791
17,5013
17,10556
17,3456
17,13401
17,8671
17,1897
17,12326
17,14723
17,12582
17,1098
17,15518
17,11508
17,7023
17,11862
17,2933
17,3389
17,11380
17,12722
17,5773
17,16715
17,13676
17,893
17,4576
17,3016
17,1399
17,11109
17,7650
17,6566
17,15554
17,14700
17,6729
17,13061
17,5435
17,15746
17,3270
17,12260
17,17003
17,13472
17,7395
17,2085
17,7358
17,17244
17,5612
17,5515
17,10198
17,10087
17,11576
17,10188
17,4647
17,16621
17,13929
17,13329
17,11212
17,4166
17,15008
17,16965
17,14000
17,4989
17,331
17,6020
17,9641
17,2976
17,2165
17,6061
17,12292
17,13033
17,9305
17,3920
17,3222
17,2818
17,12017
17,9647
17,2233
17,15904
17,15972
17,460
17,11308
17,10171
17,14815
17,2822
17,12982
17,2474
17,12768
17,2331
17,7443
17,241
17,52
17,2274
17,2431
17,1510
17,8002
17,5687
17,12022
17,3435
17,8895
17,4413
17,13393
17,9778
17,16270
17,4152
17,16245
17,6318
17,2614
17,17167
17,15361
17,12773
17,2088
17,6015
17,14688
17,1977
17,1312
17,3155
17,10643
17,14921
17,1826
17,10169
17,15149
17,8410
17,5262
17,6136
17,5235
17,1243
17,3934
17,4517
17,6813
17,17006
17,7637
17,14840
17,11238
17,2517
17,7265
17,5739
17,14256
17,17255
17,3710
17,4389
17,2951
17,13087
17,5931
17,2499
17,4636
17,10729
17,8998
17,1860
17,4936
17,3092
17,14634
17,8724
17,15075
17,4456
17,7574
17,7635
17,12161
17,1146
17,6112
17,13160
17,1183
17,3463
17,502
17,1324
17,8086
17,14975
17,12649
17,4145
17,13464
17,7924
17,8612
17,15088
17,3175
17,8954
17,7274
17,2118
17,7881
17,17315
17,16131
17,11890
17,2810
17,10567
17,2892
17,6510
17,40
17,668
17,3338
17,14860
17,12903
17,2382
17,1295
17,10249
17,8176
17,4786
17,10518
17,3612
17,3479
17,10384
17,1643
17,13185
17,9175
17,5579
17,2655
17,16874
17,8271
17,16441
17,11377
17,16499
17,17298
17,16457
17,10854
17,4402
17,15159
17,15897
17,5812
17,11244
17,6894
17,1276
17,6041
17,10008
17,1141
17,11389
17,5692
17,14684
17,371
17,13828
17,10516
17,12896
17,5428
17,16695
17,7891
17,9067
17,13626
17,15805
17,10224
17,14560
17,5182
17,9732
17,17133
17,4487
17,11632
17,14835
17,7831
17,16404
17,10965
17,2300
17,2350
17,4463
17,4708
17,1905
17,10641
17,13878
17,16917
17,15635
17,1185
17,11300
17,1236
17,7920
17,4736
17,14720
17,6388
17,6920
17,7380
17,2899
17,11654
17,4927
17,17488
17,11448
17,16282
17,8846
17,4937
17,10187
17,16827
17,10050
17,4118
17,2308
17,14001
17,3791
17,10610
17,1278
17,4837
17,15760
17,12189
17,10472
17,10010
17,16810
17,15958
17,9280
17,11415
17,14054
17,2250
17,5096
17,10300
17,9893
17,9147
17,2322
17,9698
17,10535
17,15735
17,8131
17,6608
17,14060
17,3056
17,7201
17,9916
17,17434
17,12653
17,11332
17,7423
17,3399
17,7089
17,4215
17,5789
17,4022
17,6267
17,4882
17,4982
17,8473
17,13830
17,4783
17,2503
17,10612
17,6402
17,226
17,4506
17,2491
17,7666
17,16980
17,1173
17,5892
17,1982
17,8194
17,4616
17,5839
17,10459
17,16850
17,16639
17,4553
17,6627
17,12493
17,109
17,14099
17,3563
17,9710
17,15204
17,14953
17,13138
17,16864
17,6968
17,11856
17,3626
17,7965
17,11298
17,14277
17,858
17,7353
17,3196
17,2784
17,7929
17,5774
17,11492
17,1949
17,12421
17,17316
17,4651
17,16575
17,4575
17,11752
17,2320
17,6457
17,2966
17,1717
17,11393
17,15231
17,3220
17,7761
17,6806
17,6384
17,8462
17,1955
17,12947
17,9531
17,2795
17,15775
17,5186
17,14748
17,1951
17,4653
17,12818
17,16795
17,14293
17,85
17,2833
17,15012
17,1687
17,15397
17,3258
17,10594
17,14845
17,5963
17,9965
17,3925
17,1197
17,10353
17,16147
17,13856
17,10536
17,6059
17,16163
17,17334
17,17219
17,11827
17,3230
17,14716
17,14120
17,11573
17,2529
17,11504
17,7133
17,11725
17,16778
17,10077
17,5961
17,7555
17,2612
17,12232
17,16344
17,13314
17,17490
17,10803
17,9388
17,8908
17,11441
17,3794
17,17234
17,1089
17,6305
17,4668
17,6699
17,10196
17,7530
17,13271
17,7727
17,9202
17,13158
17,15422
17,15709
17,9923
17,17024
17,1948
17,3065
17,13629
17,10072
17,11189
17,4879
17,10334
17,2863
17,12935
17,6179
17,8023
17,17067
17,8748
17,15721
17,6620
17,16116
17,6983
17,16084
17,10041
17,15242
17,7091
17,1184
17,7834
17,4820
17,15868
17,933
17,14776
17,15884
17,6925
17,13543
17,6227
17,11269
17,5707
17,15142
17,9836
17,5296
17,2442
17,3549
17,8068
17,8258
17,5578
17,2574
17,825
17,4274
17,7585
17,12767
17,1054
17,5099
17,16909
17,4674
17,4327
17,7430
17,15274
17,5319
17,11983
17,2255
17,15163
17,3987
17,1299
17,5664
17,1219
17,9173
17,1357
17,876
17,13770
17,6814
17,12927
17,10166
17,8894
17,14513
17,2185
17,5688
17,9436
17,9293
17,15712
17,102
17,15305
17,6226
17,9325
17,1188
17,10391
17,3078
17,12701
17,5132
17,1668
17,13425
17,5834
17,8520
17,3216
17,4669
17,17326
17,3649
17,4284
17,13723
17,7686
17,8241
17,6060
17,4679
17,11302
17,2630
17,17249
17,6230
17,17290
17,5174
17,12651
17,9426
17,3568
17,8285
17,12123
17,6623
17,14777
17,14036
17,17443
17,13171
17,10121
17,17313
17,9970
17,9116
17,13498
17,4492
17,5383
17,12094
17,11985
17,16221
17,14025
17,2532
17,12423
17,8669
17,1277
17,8845
17,10106
17,10525
17,12761
17,13800
17,511
17,2920
17,5226
17,4129
17,9621
17,14432
17,5665
17,10887
17,4805
17,3627
17,7260
17,6649
17,8262
17,7696
17,8226
17,5876
17,2739
17,14484
17,9723
17,860
17,11154
17,12917
17,11069
17,14837
17,1563
17,2367
17,15268
17,5575
17,8224
17,3782
17,4838
17,7521
17,9729
17,12314
17,4987
17,16825
17,12373
17,9887
17,5128
17,14211
17,5989
17,282
17,9131
17,2436
17,5015
17,5700
17,8110
17,3961
17,6052
17,10182
17,13085
17,412
17,3866
17,10446
17,14824
17,8275
17,17228
17,83
17,4851
17,14315
17,15906
17,15580
17,15706
17,10005
17,2386
17,5636
17,11179
17,4256
17,16536
17,10458
17,6741
17,4538
17,14413
17,16642
17,2577
17,11270
17,8634
17,14772
17,1468
17,5758
17,10395
17,4291
17,11336
17,12978
17,12836
17,12417
17,14642
17,8332
17,8761
17,15698
17,570
17,10260
17,15649
17,1259
17,659
17,4260
17,2878
17,3981
17,1492
17,6448
17,9414
17,16746
17,13400
17,8395
17,4170
17,12677
17,13657
17,2870
17,685
17,2579
17,17449
17,8001
17,10464
17,5730
17,4177
17,9505
17,6216
17,4699
17,4331
17,14057
17,13701
17,4034
17,14989
17,8667
17,15589
17,14242
17,14633
17,10828
17,15039
17,14485
17,16407
17,763
17,12974
17,1030
17,980
17,2371
17,11574
17,7771
17,7750
17,8222
17,15682
17,9559
17,11361
17,1202
17,485
17,13082
17,9687
17,17406
17,5983
17,269
17,9253
17,10235
17,4696
17,14013
17,4751
17,14088
17,1093
17,1550
17,4803
17,13156
17,14821
17,14332
17,11607
17,13305
17,17422
17,9610
17,16456
17,16412
17,14110
17,3104
17,7515
17,14874
17,3165
17,1590
17,13508
17,10291
17,16809
17,2219
17,15379
17,14276
17,11129
17,7493
17,41
17,7901
17,5059
17,404
17,12544
17,4762
17,9387
17,15766
17,15095
17,17145
17,9696
17,10945
17,14984
17,4692
17,8465
17,16254
17,3227
17,14352
17,1840
17,8806
17,15890
17,13117
17,8596
17,7087
17,927
17,5307
17,16150
17,14297
17,12059
17,11284
17,8632
17,1346
17,13939
17,13456
17,4264
17,11226
17,5155
17,6535
17,5011
17,13788
17,3397
17,13129
17,4675
17,3142
17,3933
17,81
17,9588
17,9963
17,636
17,3359
17,1286
17,6231
17,3488
17,12307
17,11743
17,12843
17,9513
17,12931
17,13753
17,6602
17,9027
17,3873
17,15639
17,17357
17,5247
17,15435
17,8449
17,12696
17,9847
17,230
17,7519
17,14658
17,11340
17,8365
17,5514
17,6865
17,10926
17,7463
17,11347
17,13968
17,13578
17,15037
17,6771
17,8652
17,12329
17,14169
17,2273
17,17208
17,2137
17,8277
17,215
17,8503
17,13764
17,15862
17,1425
17,1475
17,4826
17,6320
17,10560
17,11731
17,9494
17,13983
17,12688
17,3656
17,7939
17,10387
17,6142
17,15423
17,7209
17,16875
17,7088
17,7751
17,6425
17,12631
17,10878
17,8021
17,14585
17,4842
17,17303
17,8340
17,6953
17,2269
17,6456
17,4689
17,4396
17,16355
17,3539
17,13781
17,1916
17,5525
17,6804
17,12979
17,9656
17,7897
17,10288
17,11050
17,17381
17,2783
17,17136
17,7391
17,14941
17,8773
17,10388
17,13170
17,10243
17,12246
17,1936
17,11964
17,10011
17,14914
17,7526
17,9643
17,13102
17,13036
17,2682
17,2779
17,10006
17,2410
17,1980
17,2235
17,3874
17,5562
17,9881
17,16274
17,16934
17,16563
17,5740
17,344
17,1556
17,11103
17,14446
17,7641
17,3080
17,14819
17,8413
17,1553
17,15731
17,7095
17,9986
17,1305
17,3223
17,11135
17,8206
17,6561
17,9416
17,10033
17,8405
17,11781
17,1412
17,1528
17,6669
17,8005
17,627
17,9068
17,15278
17,15326
17,1962
17,15637
17,6772
17,13769
17,15042
17,5887
17,10824
17,531
17,15638
17,8710
17,7925
17,6757
17,9203
17,517
17,6442
17,8874
17,11118
17,14792
17,6260
17,5856
17,1801
17,11792
17,16972
17,5908
17,231
17,1308
17,12071
17,15590
17,2036
17,11326
17,2740
17,3009
17,14318
17,7754
17,9663
17,14579
17,13203
17,6153
17,6492
17,3219
17,14164
17,34
17,6043
17,10615
17,13239
17,4709
17,11271
17,3647
17,537
17,17252
17,12361
17,10559
17,16225
17,9775
17,17029
17,6955
17,9428
17,12441
17,3557
17,395
17,11903
17,17222
17,2978
17,12151
17,9165
17,12468
17,17254
17,15813
17,2576
17,13622
17,16849
17,6530
17,5660
17,592
17,2043
17,16754
17,14070
17,765
17,2500
17,9619
17,13331
17,11502
17,14215
17,6892
17,16530
17,17182
17,15030
17,10942
17,13355
17,6837
17,5384
17,9318
17,17108
17,12230
17,4241
17,98
17,3696
17,15887
17,11913
17,12516
17,9571
17,15633
17,1338
17,4954
17,7936
17,8870
17,9589
17,3293
17,13224
17,9268
17,8886
17,12277
17,10512
17,15998
17,17446
17,16712
17,13454
17,3468
17,8648
17,165
17,4311
17,1583
17,14789
17,10137
17,6073
17,1531
17,13265
17,13118
17,14818
17,4596
17,4061
17,14735
17,11886
17,12916
17,14107
17,14207
17,9556
17,6796
17,14351
17,13655
17,3567
17,1749
17,1682
17,11275
17,4176
17,13734
17,1781
17,16374
17,3609
17,1395
17,17350
17,9161
17,15101
17,6764
17,6886
17,3334
17,15804
17,14096
17,15396
17,11744
17,16058
17,16542
17,10336
17,14039
17,204
17,6177
17,11735
17,4065
17,15409
17,5088
17,7020
17,3917
17,5044
17,6195
17,7405
17,9260
17,983
17,1679
17,4631
17,12388
17,8753
17,30
17,13612
17,8123
17,14456
17,3508
17,17441
17,11657
17,9682
17,10763
17,12057
17,6390
17,11925
17,2696
17,5406
17,6364
17,5453
17,15747
17,6709
17,3811
17,16078
17,1678
17,2169
17,4210
17,3246
17,1964
17,4392
17,8802
17,17284
17,12530
17,16969
17,11108
17,12435
17,13863
17,4246
17,3805
17,8231
17,6469
17,635
17,15966
17,15688
17,15064
17,4387
17,473
17,1908
17,4703
17,647
17,9917
17,16979
17,10059
17,1823
17,14502
17,14620
17,397
17,12778
17,3140
17,5663
17,8372
17,5828
17,11566
17,13294
17,15490
17,15847
17,129
17,13933
17,8624
17,13792
17,12565
17,9833
17,14718
17,4175
17,5290
17,12636
17,11237
17,14649
17,15405
17,8487
17,13259
17,1470
17,11053
17,6637
17,14051
17,786
17,12866
17,3783
17,9170
17,13177
17,973
17,14479
17,1075
17,6033
17,14961
17,10206
17,899
17,11047
17,1294
17,2316
17,11615
17,2722
17,7317
17,897
17,10906
17,13637
17,2712
17,7752
17,9475
17,11547
17,2523
17,16210
17,9284
17,5751
17,9355
17,11509
17,2298
17,978
17,14551
17,16987
17,5926
17,15549
17,68
17,11174
17,7329
17,5141
17,15620
17,4440
17,11321
17,4059
17,8518
17,4346
17,13362
17,13054
17,16900
17,11329
17,14673
17,12756
17,11774
17,2027
17,3412
17,13787
17,9518
17,5802
17,4184
17,5976
17,17125
17,3460
17,9282
17,11955
17,913
17,12819
17,286
17,1605
17,10585
17,17253
17,15371
17,2164
17,16894
17,7986
17,8840
17,7019
17,1768
17,11929
17,2798
17,5592
17,15844
17,17048
17,6383
17,17227
17,4465
17,15021
17,4938
17,7333
17,15601
17,2452
17,4110
17,13880
17,12016
17,3936
17,9016
17,5768
17,710
17,12200
17,12781
17,9738
17,8451
17,13293
17,11290
17,11726
17,16944
17,335
17,6244
17,3259
17,17305
17,6998
17,6632
17,10764
17,1366
17,3779
17,1641
17,6454
17,6282
17,3768
17,3229
17,4995
17,1570
17,3919
17,12847
17,7638
17,14982
17,10786
17,1676
17,8079
17,2240
17,4102
17,12802
17,3387
17,10908
17,3003
17,2724
17,2061
17,1646
17,12532
17,15596
17,10954
17,6517
17,15089
17,1820
17,1156
17,13731
17,6696
17,12725
17,6917
17,1815
17,2787
17,12883
17,833
17,16461
17,7208
17,32
17,147
17,11006
17,3590
17,16688
17,2487
17,7803
17,3501
17,3990
17,7438
17,2557
17,4183
17,1623
17,6212
17,107
17,5744
17,6302
17,478
17,2217
17,4310
17,3714
17,8320
17,9931
17,13052
17,15955
17,16487
17,8777
17,16589
17,10389
17,3247
17,13201
17,10809
17,8233
17,17368
17,11906
17,1677
17,15521
17,13406
17,2394
17,10661
17,8980
17,8279
17,1314
17,1735
17,2806
17,17330
17,6341
17,13258
17,5975
17,997
17,9762
17,13985
17,6805
17,2364
17,8128
17,8927
17,5928
17,73
17,16721
17,14571
17,13607
17,8961
17,878
17,12261
17,12045
17,3759
17,1747
17,4001
17,5349
17,4684
17,13969
17,8344
17,13439
17,14632
17,4997
17,8055
17,12511
17,8409
17,6633
17,12624
17,6111
17,1103
17,4585
17,10732
17,8829
17,1130
17,5129
17,14258
17,4008
17,1637
17,11552
17,15098
17,3198
17,11057
17,6418
17,13474
17,15854
17,15434
17,16638
17,12906
17,15346
17,5251
17,9779
17,10886
17,17470
17,17199
17,14901
17,3365
17,11365
17,15867
17,9660
17,4096
17,853
17,16400
17,7272
17,6543
17,12964
17,16329
17,10687
17,8676
17,12256
17,13773
17,15057
17,9579
17,12345
17,9308
17,4539
17,9665
17,1728
17,11272
17,15774
17,6012
17,10317
17,6434
17,13611
17,3304
17,8040
17,10734
17,9786
17,12784
17,5582
17,6016
17,5819
17,7000
17,2706
17,11178
17,9427
17,4908
17,13615
17,11968
17,6394
17,3785
17,6317
17,17467
17,13204
17,9089
17,2239
17,9445
17,16093
17,922
17,5098
17,401
17,14365
17,979
17,13945
17,7236
17,16841
17,3362
17,1956
17,9146
17,17268
17,5918
17,11844
17,9713
17,6949
17,2324
17,3901
17,6921
17,5714
17,1218
17,7592
17,2816
17,16811
17,7792
17,14888
17,4944
17,16054
17,6540
17,14520
17,14625
17,1961
17,14501
17,6161
17,2996
17,4922
17,9768
17,11330
17,4039
17,8663
17,17221
17,9883
17,11295
17,10772
17,12471
17,15477
17,12118
17,6324
17,11956
17,7701
17,4050
17,11586
17,4543
17,12398
17,7268
17,136
17,8389
17,1416
17,749
17,16651
17,6942
17,14635
17,7109
17,14985
17,12202
17,1204
17,10348
17,4810
17,11430
17,9006
17,9237
17,225
17,163
17,7074
17,3024
17,13802
17,296
17,5414
17,4258
17,8436
17,2957
17,3577
17,4223
17,7693
17,3893
17,17216
17,11683
17,16683
17,9405
17,14193
17,15584
17,161
17,8379
17,4224
17,771
17,8655
17,10956
17,5583
17,14397
17,10859
17,2898
17,883
17,15987
17,6616
17,9326
17,7821
17,454
17,13620
17,8650
17,16543
17,16564
17,11337
17,13017
17,12600
17,8234
17,3452
17,144
17,12683
17,1246
17,14334
17,5090
17,17300
17,16821
17,11195
17,7383
17,8020
17,14304
17,12669
17,17183
17,15005
17,9461
17,1543
17,17345
17,12164
17,898
17,12515
17,171
17,7228
17,14890
17,13700
17,10154
17,5877
17,377
17,4521
17,12274
17,7593
17,15044
17,9832
17,15833
17,10273
17,17150
17,4421
17,11168
17,2469
17,17040
17,11497
17,15530
17,9106
17,2114
17,15773
17,13519
17,512
17,12585
17,6756
17,15200
17,6100
17,256
17,9287
17,14912
17,12902
17,2266
17,13332
17,955
17,3035
17,12275
17,16647
17,3189
17,16485
17,7565
17,3095
17,1328
17,17027
17,13130
17,3669
17,13566
17,4048
17,5658
17,16326
17,3939
17,1159
17,3623
17,4894
17,3151
17,13431
17,2786
17,13390
17,16052
17,10989
17,6785
17,14030
17,16152
17,12592
17,16941
17,7032
17,6146
17,14958
17,4897
17,12184
17,262
17,2663
17,15107
17,10347
17,16994
17,15022
17,4356
17,15456
17,14742
17,11386
17,8469
17,12429
17,9018
17,9787
17,16727
17,1572
17,6851
17,6011
17,9299
17,15967
17,13187
17,2550
17,9921
17,11315
17,12787
17,10577
17,2884
17,11690
17,1753
17,15467
17,10614
17,15647
17,9219
17,8543
17,14842
17,8437
17,15654
17,9246
17,8647
17,14883
17,8141
17,11305
17,14518
17,10639
17,16718
17,7360
17,7477
17,16336
17,12687
17,5245
17,15984
17,43
17,16390
17,16967
17,2785
17,10109
17,7475
17,14765
17,11196
17,5551
17,217
17,2424
17,10921
17,12899
17,3328
17,14970
17,4620
17,15500
17,14339
17,1253
17,2429
17,5943
17,15207
17,4892
17,4600
17,10975
17,13155
17,9179
17,14564
17,13772
17,8337
17,11930
17,702
17,2705
17,202
17,12280
17,13903
17,4226
17,9629
17,8382
17,12445
17,5750
17,4251
17,16848
17,14376
17,14932
17,3741
17,2701
17,16584
17,6431
17,13780
17,10432
17,1692
17,409
17,15399
17,16943
17,10599
17,15336
17,1577
17,13738
17,11850
17,12867
17,7851
17,13073
17,11641
17,2262
17,5775
17,10714
17,1837
17,4564
17,4479
17,4961
17,13553
17,9361
17,12821
17,5630
17,13366
17,5620
17,4407
17,8225
17,2698
17,96
17,7286
17,14441
17,12642
17,2105
17,9283
17,3849
17,15880
17,5071
17,628
17,1086
17,14114
17,1694
17,12638
17,11419
17,5146
17,12399
17,11733
17,4412
17,15111
17,17037
17,4523
17,3168
17,3494
17,11701
17,12058
17,14508
17,16600
17,11162
17,10138
17,2074
17,13674
17,14011
17,4263
17,798
17,7629
17,2670
17,12560
17,15144
17,13473
17,3648
17,16916
17,15689
17,16130
17,7165
17,10818
17,12380
17,1232
17,13580
17,5452
17,14286
17,5338
17,11531
17,9333
17,10145
17,9030
17,15424
17,2171
17,4303
17,9008
17,6958
17,12890
17,8268
17,15675
17,341
17,4239
17,5261
17,6150
17,5302
17,70
17,3625
17,5864
17,6120
17,796
17,2549
17,17071
17,9774
17,13736
17,16527
17,7446
17,436
17,214
17,655
17,16419
17,15834
17,7673
17,3436
17,12723
17,6201
17,3551
17,8309
17,7234
17,12027
17,8847
17,13320
17,17395
17,14226
17,16822
17,6232
17,4292
17,2082
17,13744
17,2707
17,15331
17,3002
17,14295
17,9740
17,1471
17,829
17,5857
17,9239
17,12316
17,6110
17,4606
17,9294
17,11567
17,11385
17,14955
17,1137
17,7802
17,7720
17,5945
17,12746
17,7677
17,6733
17,15232
17,8752
17,15277
17,7981
17,7371
17,4253
17,5041
17,10660
17,5318
17,15491
17,14997
17,4929
17,1971
17,676
17,9499
17,12791
17,4975
17,14219
17,9044
17,7027
17,7132
17,12068
17,12501
17,4870
17,15640
17,14887
17,7354
17,11706
17,2154
17,14503
17,14676
17,2972
17,15503
17,12844
17,9834
17,12327
17,8127
17,2365
17,2393
17,7069
17,10800
17,10335
17,15917
18,14251
18,9083
18,581
18,8856
18,8316
18,14155
18,12883
18,3697
18,4053
18,1699
18,12417
18,343
18,1145
18,1369
18,511
18,734
18,4150
18,890
18,9878
18,5078
18,17317
18,4664
18,11257
18,3950
18,6307
18,9975
18,2696
18,1152
18,3276
18,5533
18,14644
18,5107
18,3783
18,4874
18,4595
18,2568
18,4174
18,7053
18,1091
18,252
18,11
18,2061
18,8277
18,15065
18,12001
18,86
18,10134
18,13529
18,4005
18,16611
18,6479
18,6664
18,2757
18,2528
18,9776
18,10422
18,12719
18,9668
18,5712
18,1226
18,2534
18,2049
18,5994
18,8168
18,4543
18,3964
18,17149
18,8902
18,15322
18,15964
18,9000
18,2750
18,1708
18,12352
18,15115
18,3643
18,15537
18,7740
18,2312
18,13827
18,12423
18,7838
18,2964
18,9516
18,3051
18,8242
18,1350
18,171
18,15510
18,13117
18,10914
18,2755
18,6716
18,3347
18,5396
18,16269
18,5610
18,895
18,13300
18,5959
18,13326
18,1559
18,14540
18,144
18,12438
18,7456
18,10431
18,14266
18,3549
18,2204
18,13250
18,14837
18,9382
18,4355
18,6154
18,3884
18,4193
18,14551
18,13787
18,4732
18,2597
18,14275
18,8340
18,7497
18,17455
18,14452
18,2841
18,883
18,9333
18,9114
18,7973
18,10775
18,616
18,7662
18,9074
18,11764
18,16931
18,9953
18,9191
18,7329
18,9904
18,6787
18,3166
18,8592
18,4734
18,377
18,3933
18,9701
18,12444
18,15835
18,14718
18,3231
18,13988
18,6232
18,2004
18,1742
18,12291
18,15182
18,14012
18,8730
18,7813
18,8038
18,7391
18,2240
18,7032
18,9866
18,10651
18,16973
18,11458
18,12712
18,5657
18,3091
18,16868
18,5786
18,5118
18,9685
18,635
18,6201
18,17286
18,6043
18,5437
18,4991
18,10212
18,2940
18,14927
18,308
18,14186
18,16944
18,13863
18,4572
18,13835
18,5874
18,47
18,1376
18,16341
18,13311
18,16247
18,6224
18,2930
18,15443
18,15495
18,14175
18,15025
18,12899
18,4684
18,11581
18,14427
18,3946
18,4800
18,7604
18,14838
18,9215
18,15542
18,4585
18,3070
18,10395
18,7493
18,1501
18,6860
18,5524
18,2795
18,6511
18,12884
18,8070
18,4101
18,9942
18,9131
18,755
18,7541
18,2341
18,15803
18,13961
18,16864
18,2302
18,9220
18,16875
18,9842
18,5477
18,7263
18,8922
18,7490
18,10353
18,17376
18,16833
18,4902
18,13893
18,403
18,17283
18,15595
18,4290
18,8207
18,6819
18,7872
18,10861
18,7491
18,674
18,14824
18,5043
18,5684
18,5041
18,2765
18,11612
18,16277
18,1168
18,8897
18,5244
18,3511
18,14935
18,14096
18,7814
18,13381
18,17030
18,9305
18,10800
18,4210
18,3118
18,11746
18,1313
18,5168
18,11241
18,4665
18,6719
18,13470
18,3845
18,5988
18,15734
18,1792
18,587
18,6499
18,11488
18,16673
18,4983
18,14899
18,10953
18,2489
18,2137
18,6936
18,1774
18,8528
18,9028
18,3975
18,2238
18,4584
18,3254
18,6890
18,8403
18,17324
18,5123
18,1379
18,4311
18,7
18,14125
18,14246
18,12020
18,4525
18,17035
18,7547
18,4141
18,1465
18,6959
18,13335
18,6555
18,11689
18,15789
18,9487
18,5376
18,8343
18,12498
18,13322
18,11940
18,10410
18,4550
18,7606
18,9932
18,3476
18,8728
18,8748
18,544
18,7989
18,13882
18,10234
18,7259
18,6209
18,1913
18,9681
18,15577
18,5924
18,6356
18,3804
18,11548
18,16321
18,15854
18,5012
18,5275
18,9357
18,2291
18,11947
18,13259
18,7771
18,14023
18,183
18,8532
18,2809
18,6325
18,8689
18,16104
18,14343
18,9022
18,5517
18,16473
18,12603
18,12927
18,12564
18,1415
18,15736
18,6237
18,11362
18,10958
18,11146
18,15421
18,2843
18,8757
18,14209
18,5410
18,711
18,7455
18,12154
18,6547
18,2695
18,15367
18,4203
18,4672
18,5730
18,10716
18,13213
18,2394
18,12557
18,6297
18,5418
18,16834
18,11424
18,11597
18,6169
18,17098
18,15088
18,3663
18,1712
18,14975
18,9580
18,7196
18,16118
18,2250
18,11306
18,12473
18,7389
18,14304
18,11159
18,7979
18,3381
18,12208
18,15631
18,383
18,11564
18,2488
18,3203
18,7881
18,7273
18,12149
18,10633
18,12422
18,4986
18,14484
18,241
18,2698
18,6280
18,7138
18,4331
18,9790
18,7282
18,412
18,12977
18,6422
18,6292
18,2611
18,12778
18,14329
18,4202
18,2290
18,6987
18,13644
18,7407
18,13011
18,2367
18,2773
18,12061
18,8772
18,4637
18,5790
18,6243
18,11447
18,13281
18,12018
18,8782
18,3344
18,5880
18,16476
18,79
18,14156
18,9088
18,11697
18,9068
18,16987
18,833
18,14391
18,4277
18,7500
18,11271
18,12834
18,8934
18,4687
18,2792
18,11646
18,6474
18,1823
18,16667
18,2828
18,10610
18,2759
18,8670
18,13981
18,6214
18,6294
18,7611
18,9181
18,9058
18,9626
18,9200
18,2623
18,8036
18,6473
18,12280
18,17034
18,7064
18,2037
18,16399
18,4630
18,7398
18,15159
18,17217
18,3292
18,7097
18,12607
18,1977
18,13852
18,76
18,3290
18,8129
18,5704
18,9311
18,12368
18,10186
18,13590
18,5488
18,4797
18,6695
18,2550
18,12609
18,6880
18,6418
18,13040
18,15651
18,17208
18,1248
18,9778
18,11446
18,7766
18,14642
18,8265
18,14833
18,3106
18,10749
18,2576
18,13171
18,13655
18,4119
18,6979
18,14192
18,177
18,3248
18,15139
18,10582
18,14470
18,11495
18,13050
18,11060
18,2095
18,2411
18,5911
18,4248
18,10730
18,12262
18,15871
18,10421
18,2710
18,4506
18,16164
18,17446
18,8800
18,5595
18,2334
18,12076
18,1147
18,3795
18,14852
18,11579
18,12755
18,2829
18,14045
18,15268
18,1861
18,11251
18,449
18,16954
18,9374
18,7067
18,4400
18,13359
18,8663
18,11824
18,6902
18,8410
18,4209
18,5342
18,1056
18,0
18,13930
18,8579
18,16007
18,10025
18,16189
18,13223
18,1853
18,9614
18,4198
18,3484
18,13841
18,1866
18,11246
18,2043
18,7705
18,8878
18,9616
18,16090
18,214
18,94
18,7068
18,1407
18,7651
18,6565
18,3910
18,5209
18,12620
18,7193
18,3143
18,10658
18,17235
18,826
18,1117
18,1292
18,7561
18,8529
18,12794
18,2429
18,16514
18,8461
18,11737
18,7101
18,12265
18,11481
18,11050
18,10237
18,2125
18,13847
18,9420
18,598
18,8510
18,12873
18,4280
18,5630
18,5246
18,6068
18,10396
18,6691
18,3165
18,13541
18,5100
18,1493
18,3303
18,14912
18,1479
18,14623
18,14722
18,10549
18,4833
18,7287
18,7385
18,13718
18,12965
18,13877
18,1714
18,1072
18,4379
18,14628
18,4917
18,8143
18,14525
18,9123
18,12064
18,9076
18,4301
18,12140
18,13712
18,957
18,3876
18,5545
18,2585
18,5341
18,6704
18,8476
18,4391
18,15396
18,10123
18,15612
18,8877
18,8545
18,6117
18,602
18,2711
18,12321
18,11178
18,3071
18,4936
18,5829
18,2994
18,5405
18,15627
18,8232
18,16183
18,2645
18,4842
18,965
18,17132
18,14424
18,1435
18,11648
18,2629
18,16754
18,6894
18,13361
18,1840
18,1985
18,6186
18,1982
18,11869
18,7195
18,3912
18,10933
18,5401
18,10093
18,17325
18,17280
18,11922
18,5224
18,2444
18,7785
18,14599
18,1227
18,3126
18,7118
18,2475
18,2729
18,3718
18,12835
18,1870
18,5634
18,4779
18,14283
18,15927
18,2091
18,13274
18,12867
18,7188
18,13215
18,16002
18,9996
18,1769
18,3213
18,8603
18,8904
18,7876
18,17353
18,2368
18,5178
18,7108
18,11226
18,3141
18,14697
18,7098
18,12363
18,13602
18,13553
18,3677
18,4716
18,2177
18,4523
18,7801
18,10790
18,11797
18,3882
18,103
18,12320
18,6514
18,12139
18,15625
18,12463
18,14092
18,12861
18,14170
18,16999
18,39
18,10643
18,13398
18,4449
18,9567
18,10106
18,15965
18,7046
18,7550
18,3
18,9048
18,4497
18,12685
18,9120
18,1815
18,572
18,3475
18,5814
18,15331
18,5031
18,12326
18,8156
18,10385
18,10128
18,15047
18,1217
18,4110
18,6583
18,12146
18,14428
18,8965
18,11902
18,10970
18,15590
18,7538
18,12224
18,12316
18,235
18,7122
18,8733
18,6509
18,8703
18,17233
18,12678
18,4968
18,7060
18,6052
18,7738
18,4143
18,6116
18,16036
18,15830
18,16892
18,13828
18,3772
18,10415
18,8291
18,1334
18,9767
18,12982
18,9389
18,1979
18,12117
18,9497
18,12546
18,9103
18,1267
18,1783
18,3575
18,15039
18,10140
18,8219
18,16212
18,6086
18,3119
18,1744
18,7078
18,8269
18,15898
18,11389
18,9760
18,11933
18,16559
18,13791
18,1967
18,6195
18,6859
18,2174
18,13591
18,2536
18,10121
18,16427
18,12135
18,5724
18,10989
18,14069
18,7859
18,13181
18,11774
18,2691
18,184
18,17019
18,10518
18,4701
18,16929
18,2974
18,15400
18,2806
18,11803
18,3934
18,14677
18,12255
18,10473
18,2929
18,11459
18,7749
18,15639
18,16482
18,16206
18,5475
18,5631
18,3671
18,8283
18,5074
18,5442
18,12176
18,7641
18,9968
18,5652
18,12729
18,8323
18,11687
18,8233
18,5983
18,1588
18,537
18,1811
18,4548
18,10196
18,9712
18,8855
18,5648
18,10362
18,2452
18,15866
18,4189
18,3002
18,15327
18,13695
18,4006
18,14028
18,16075
18,2130
18,3019
18,11809
18,6122
18,3384
18,6834
18,12021
18,12062
18,15764
18,6807
18,1950
18,1396
18,8837
18,16922
18,70
18,2882
18,17096
18,13370
18,1987
18,2857
18,15744
18,4078
18,11276
18,6931
18,12520
18,3074
18,11097
18,2454
18,13801
18,4000
18,13280
18,2687
18,3192
18,1703
18,6714
18,9835
18,12881
18,10794
18,4762
18,9751
18,10347
18,1020
18,4742
18,3042
18,6599
18,13818
18,973
18,4018
18,9269
18,16916
18,15647
18,4963
18,9995
18,7922
18,6960
18,9032
18,8184
18,15343
18,5512
18,8438
18,1214
18,7410
18,5163
18,7302
18,13538
18,15813
18,14665
18,7363
18,4662
18,10865
18,9244
18,4288
18,9225
18,10318
18,14435
18,3781
18,13943
18,9552
18,10860
18,6739
18,14647
18,174
18,13693
18,11279
18,5679
18,10950
18,14210
18,8179
18,10059
18,678
18,297
18,3228
18,13744
18,2685
18,11705
18,16798
18,12112
18,10536
18,2128
18,7581
18,17439
18,12428
18,876
18,10762
18,14848
18,11014
18,6842
18,14293
18,2347
18,12537
18,12448
18,4271
18,13125
18,6988
18,820
18,1104
18,1416
18,5125
18,1624
18,7788
18,3786
18,9852
18,14349
18,7980
18,3807
18,6489
18,5769
18,5729
18,7235
18,4324
18,13091
18,12395
18,726
18,5150
18,12493
18,5535
18,4520
18,17237
18,7498
18,2949
18,5451
18,2594
18,9636
18,14834
18,3026
18,3414
18,16116
18,16419
18,4887
18,7696
18,3086
18,1330
18,2321
18,11186
18,15415
18,6406
18,16940
18,3881
18,13348
18,3479
18,1171
18,5671
18,5054
18,13144
18,7826
18,8711
18,6465
18,3305
18,715
18,16433
18,12165
18,2201
18,11105
18,5430
18,8746
18,5408
18,3658
18,13336
18,11171
18,17312
18,7147
18,8861
18,10260
18,14072
18,477
18,4808
18,12495
18,11975
18,3705
18,6940
18,3550
18,1804
18,16128
18,11633
18,6707
18,3465
18,5662
18,8526
18,8648
18,14221
18,3316
18,7437
18,5692
18,4867
18,9046
18,1564
18,12898
18,5670
18,4294
18,16259
18,11709
18,12181
18,7037
18,3691
18,5071
18,13557
18,14753
18,12870
18,1901
18,4669
18,7505
18,8888
18,12775
18,9198
18,1782
18,6210
18,1738
18,12016
18,7605
18,11219
18,15186
18,7943
18,15905
18,8334
18,14809
18,12622
18,1107
18,12484
18,11983
18,14589
18,16978
18,7348
18,14750
18,65
18,5102
18,1546
18,2763
18,12848
18,8108
18,1758
18,11873
18,9208
18,3187
18,14206
18,16608
18,8189
18,5481
18,4729
18,1484
18,5965
18,3337
18,15356
18,16971
18,8764
18,13519
18,15455
18,7773
18,6039
18,16156
18,777
18,10704
18,13245
18,10791
18,4823
18,4843
18,12862
18,4530
18,16521
18,10594
18,8626
18,603
18,10069
18,3730
18,16881
18,925
18,17343
18,3909
18,12164
18,14782
18,10324
18,11941
18,5079
18,504
18,9672
18,4568
18,12606
18,9894
18,749
18,17429
18,3128
18,14585
18,3185
18,10238
18,14530
18,15187
18,16813
18,13939
18,10079
18,1638
18,14735
18,3321
18,12079
18,2520
18,10802
18,1949
18,1156
18,5059
18,15621
18,14739
18,2468
18,16061
18,14136
18,7179
18,15979
18,8705
18,2644
18,1536
18,16832
18,304
18,8284
18,13343
18,5103
18,9005
18,8915
18,16703
18,3892
18,8895
18,5830
18,16823
18,15946
18,5910
18,935
18,16816
18,9146
18,13338
18,914
18,1081
18,1725
18,17055
18,7039
18,1218
18,17392
18,7776
18,15118
18,814
18,5793
18,2244
18,16804
18,13751
18,2012
18,15824
18,17246
18,16252
18,14509
18,8203
18,1437
18,1013
18,9097
18,10099
18,15406
18,5665
18,14145
18,1282
18,2910
18,1663
18,5891
18,13861
18,2054
18,1211
18,14478
18,14174
18,13362
18,15921
18,7545
18,7048
18,3081
18,11814
18,3156
18,14253
18,6107
18,8066
18,11367
18,9745
18,14895
18,17015
18,5027
18,6536
18,13312
18,6393
18,2373
18,5565
18,2135
18,14789
18,12025
18,2700
18,8354
18,5778
18,17210
18,13476
18,15059
18,3338
18,12903
18,8064
18,16812
18,12792
18,12436
18,5966
18,16704
18,10984
18,14521
18,976
18,16284
18,17488
18,17221
18,14925
18,11379
18,17345
18,8802
18,977
18,2636
18,4431
18,11800
18,2957
18,2665
18,14376
18,11480
18,14632
18,16993
18,6266
18,11730
18,13680
18,7023
18,13916
18,9445
18,12210
18,10733
18,14896
18,404
18,7199
18,6912
18,17315
18,10766
18,4806
18,8301
18,4921
18,7818
18,7378
18,2565
18,9069
18,7133
18,1921
18,13608
18,3577
18,16498
18,11861
18,12846
18,33
18,6441
18,7276
18,681
18,8069
18,2677
18,4064
18,9786
18,10671
18,12343
18,1255
18,4097
18,3598
18,10883
18,12340
18,5055
18,10363
18,11287
18,2147
18,4619
18,9472
18,610
18,12551
18,6705
18,9965
18,2658
18,6123
18,9024
18,7632
18,15207
18,7445
18,17064
18,6572
18,12238
18,12123
18,6274
18,5504
18,11833
18,16841
18,17159
18,7517
18,1219
18,13403
18,7021
18,12402
18,11079
18,8200
18,2473
18,17061
18,6681
18,13702
18,10772
18,16995
18,7983
18,10312
18,1247
18,11443
18,7658
18,11311
18,5382
18,12636
18,3780
18,6972
18,1952
18,16626
18,810
18,53
18,917
18,926
18,14171
18,11293
18,13447
18,2492
18,11571
18,16051
18,6986
18,14469
18,3667
18,933
18,4167
18,4173
18,3547
18,6244
18,10717
18,4913
18,1674
18,7834
18,16867
18,11576
18,4966
18,12581
18,11450
18,16657
18,5385
18,14547
18,5420
18,2371
18,9818
18,11006
18,5751
18,10777
18,8412
18,17350
18,7001
18,4980
18,12310
18,14147
18,10795
18,4765
18,8785
18,11140
18,8254
18,6969
18,14535
18,6983
18,15978
18,4428
18,2727
18,16374
18,7439
18,1983
18,10200
18,11422
18,3737
18,14018
18,399
18,13044
18,5845
18,15961
18,13222
18,8678
18,702
18,3035
18,3790
18,728
18,7510
18,2509
18,10054
18,10445
18,16135
18,30
18,17454
18,4137
18,15740
18,371
18,13578
18,13540
18,5169
18,15250
18,1428
18,6977
18,7180
18,10961
18,2971
18,9178
18,5835
18,13158
18,4557
18,1443
18,4407
18,15298
18,2314
18,9813
18,2433
18,17412
18,69
18,4483
18,15474
18,5387
18,10240
18,12563
18,13445
18,13928
18,5374
18,10835
18,10854
18,124
18,2139
18,6805
18,3064
18,16108
18,1430
18,754
18,2555
18,16837
18,16766
18,16782
18,11871
18,11476
18,498
18,8487
18,12157
18,3869
18,10102
18,17073
18,5956
18,8744
18,12585
18,2776
18,9949
18,17119
18,12902
18,5037
18,16147
18,1801
18,7502
18,9406
18,8845
18,5287
18,7745
18,391
18,6394
18,853
18,4869
18,10618
18,7905
18,6974
18,1265
18,5981
18,571
18,3046
18,9757
18,1518
18,16117
18,7507
18,4130
18,11378
18,15287
18,7666
18,11511
18,746
18,15950
18,10644
18,1463
18,7929
18,2905
18,10986
18,1401
18,11867
18,1681
18,14655
18,15389
18,14249
18,16154
18,14081
18,482
18,16220
18,16557
18,7883
18,16585
18,885
18,11967
18,7524
18,6895
18,6353
18,8940
18,16201
18,15634
18,8977
18,10258
18,15348
18,4036
18,5796
18,17074
18,3163
18,8669
18,8844
18,860
18,13266
18,13653
18,1976
18,5748
18,14937
18,1833
18,6099
18,14650
18,16047
18,15192
18,11044
18,11207
18,10956
18,2459
18,3644
18,9783
18,6026
18,11631
18,871
18,12559
18,10146
18,2527
18,15881
18,13573
18,34
18,8217
18,331
18,9156
18,11570
18,4938
18,14190
18,2322
18,17480
18,15820
18,2374
18,14445
18,15895
18,16534
18,15938
18,13643
18,11536
18,11155
18,14626
18,13543
18,4367
18,5323
18,5215
18,3548
18,14389
18,15098
18,478
18,15532
18,13713
18,10942
18,9921
18,11085
18,16543
18,2364
18,600
18,15890
18,14090
18,3435
18,7936
18,12983
18,14622
18,8467
18,17250
18,12752
18,8023
18,13001
18,8706
18,1586
18,15416
18,3158
18,365
18,7659
18,14702
18,7684
18,6129
18,13659
18,16493
18,1262
18,5810
18,12408
18,13829
18,2040
18,7595
18,7076
18,762
18,9586
18,2372
18,6268
18,6989
18,15202
18,15049
18,6586
18,6095
18,15960
18,4703
18,11639
18,9704
18,9238
18,3833
18,5319
18,4970
18,2832
18,16011
18,8633
18,15119
18,10913
18,15107
18,14262
18,5515
18,593
18,8463
18,6980
18,4640
18,17141
18,12452
18,7412
18,14957
18,13114
18,4467
18,15446
18,1196
18,2236
18,11043
18,4493
18,4387
18,7451
18,5199
18,4791
18,12776
18,15157
18,9477
18,5305
18,474
18,14480
18,5228
18,9278
18,7210
18,3100
18,9573
18,4043
18,333
18,11405
18,8177
18,12991
18,8161
18,7015
18,794
18,4342
18,9318
18,2226
18,4384
18,12740
18,13831
18,10557
18,761
18,12215
18,4378
18,13900
18,1316
18,13908
18,16285
18,15686
18,15258
18,8666
18,12702
18,3711
18,8738
18,3755
18,8514
18,16004
18,12691
18,5225
18,6435
18,4258
18,605
18,17281
18,16359
18,10855
18,2395
18,2466
18,3314
18,14843
18,2643
18,11587
18,8998
18,1706
18,4490
18,10474
18,2833
18,5706
18,5194
18,5678
18,3212
18,13581
18,3785
18,114
18,6801
18,6827
18,8853
18,115
18,87
18,7586
18,2142
18,16619
18,2913
18,7341
18,13782
18,989
18,9017
18,15048
18,9419
18,1057
18,5915
18,6776
18,12155
18,3229
18,14997
18,14905
18,194
18,14995
18,16378
18,4145
18,12946
18,704
18,3318
18,5045
18,12278
18,16758
18,9784
18,14963
18,6802
18,16272
18,12489
18,394
18,15606
18,1570
18,5605
18,12803
18,454
18,4740
18,1068
18,12358
18,1261
18,10682
18,5632
18,1885
18,13363
18,16481
18,15783
18,14983
18,6638
18,786
18,12178
18,1019
18,6767
18,2726
18,14455
18,9671
18,12512
18,1420
18,14990
18,7593
18,4857
18,9687
18,10192
18,9610
18,2891
18,3323
18,2166
18,11669
18,16313
18,3764
18,8712
18,5936
18,16017
18,4284
18,8312
18,3753
18,17371
18,6071
18,6308
18,4135
18,6831
18,3507
18,7109
18,16748
18,15726
18,4353
18,9761
18,13009
18,9277
18,11156
18,10476
18,4051
18,2212
18,5474
18,1178
18,12250
18,6534
18,11810
18,4891
18,16737
18,9812
18,9423
18,16005
18,13007
18,5979
18,15144
18,14862
18,1357
18,17378
18,153
18,8868
18,6943
18,9637
18,13155
18,11003
18,3889
18,6822
18,6341
18,2039
18,405
18,3527
18,538
18,15024
18,6817
18,1854
18,11834
18,11499
18,8427
18,9030
18,5877
18,13583
18,4121
18,4041
18,14365
18,14689
18,3971
18,9519
18,13053
18,1572
18,14779
18,6006
18,8282
18,11528
18,8616
18,12599
18,13325
18,7257
18,641
18,9155
18,10998
18,12045
18,7428
18,3008
18,17060
18,13323
18,14634
18,10858
18,42
18,7969
18,15227
18,16620
18,11065
18,11585
18,16037
18,17048
18,12366
18,11164
18,9008
18,1114
18,8472
18,340
18,866
18,13417
18,1153
18,8789
18,1011
18,16974
18,4507
18,8839
18,5441
18,3581
18,10133
18,2794
18,10784
18,6700
18,7042
18,11391
18,15852
18,2840
18,13020
18,4994
18,14185
18,5262
18,17115
18,15976
18,11104
18,2299
18,11454
18,16783
18,9062
18,2301
18,7685
18,11116
18,3365
18,10275
18,13594
18,17279
18,14579
18,16356
18,645
18,16343
18,8102
18,15650
18,1527
18,14393
18,5857
18,16013
18,15198
18,10564
18,8935
18,9260
18,10943
18,14398
18,15364
18,9354
18,12706
18,8814
18,10446
18,3525
18,15082
18,961
18,5681
18,16531
18,1116
18,6464
18,13685
18,8453
18,13085
18,16006
18,15706
18,1090
18,5740
18,1647
18,12388
18,16525
18,7630
18,16632
18,13302
18,4458
18,424
18,4381
18,3225
18,8279
18,82
18,16124
18,785
18,17284
18,5424
18,8484
18,14683
18,12540
18,13444
18,450
18,7346
18,15302
18,73
18,244
18,12508
18,2593
18,13555
18,13950
18,16779
18,6347
18,10824
18,12698
18,13776
18,11874
18,10611
18,15902
18,4617
18,15117
18,7091
18,14396
18,11423
18,10351
18,10502
18,13461
18,12227
18,3907
18,17440
18,1741
18,7440
18,77
18,15375
18,4724
18,12332
18,16590
18,5174
18,7656
18,3508
18,6146
18,4319
18,5869
18,1360
18,964
18,13231
18,9126
18,8202
18,11313
18,4655
18,2717
18,2998
18,3779
18,9460
18,14411
18,8021
18,6595
18,7764
18,16709
18,17135
18,10308
18,5200
18,15758
18,13958
18,16985
18,13089
18,9930
18,1063
18,16379
18,796
18,14901
18,15673
18,12097
18,12279
18,2231
18,2241
18,15745
18,7739
18,2359
18,14583
18,16822
18,12886
18,15054
18,497
18,11616
18,15419
18,13431
18,556
18,8636
18,2339
18,688
18,4858
18,2110
18,11033
18,8641
18,2673
18,15887
18,2584
18,8164
18,8987
18,1871
18,5468
18,10834
18,12500
18,12802
18,15004
18,14958
18,9989
18,10743
18,9352
18,7954
18,1007
18,13206
18,13295
18,1395
18,6785
18,3609
18,10894
18,4366
18,12777
18,3814
18,13471
18,1865
18,16442
18,911
18,5216
18,3863
18,9607
18,2353
18,16560
18,7578
18,16151
18,2109
18,14344
18,12427
18,1561
18,5881
18,16000
18,15754
18,4565
18,17255
18,9117
18,4026
18,3004
18,14884
18,6020
18,4955
18,9753
18,916
18,6144
18,15777
18,9438
18,12347
18,7878
18,12722
18,13664
18,7132
18,1388
18,14433
18,9350
18,1039
18,4771
18,5384
18,10386
18,8682
18,14573
18,8913
18,1973
18,17256
18,8726
18,10316
18,1438
18,13727
18,6437
18,4089
18,13123
18,13452
18,1912
18,6727
18,17213
18,1251
18,277
18,2412
18,13201
18,14614
18,13190
18,2911
18,156
18,6647
18,3190
18,4798
18,4919
18,872
18,14010
18,16185
18,17272
18,11663
18,9036
18,6229
18,2262
18,2431
18,28
18,3562
18,1185
18,3372
18,14520
18,13635
18,3647
18,8276
18,14588
18,11566
18,8691
18,6426
18,9966
18,4448
18,7136
18,11591
18,11149
18,3434
18,12349
18,16395
18,15308
18,3425
18,11567
18,12090
18,16627
18,13936
18,16372
18,6854
18,2171
18,17289
18,3028
18,12400
18,13620
18,884
18,14790
18,12869
18,4605
18,458
18,8520
18,16949
18,6803
18,7478
18,14067
18,16
18,3016
18,7976
18,8524
18,15259
18,17397
18,16020
18,2399
18,13122
18,515
18,418
18,13331
18,9893
18,7185
18,1383
18,15632
18,8479
18,2869
18,16966
18,13261
18,1847
18,3343
18,6515
18,968
18,8123
18,16161
18,11583
18,2554
18,13976
18,3201
18,3388
18,16862
18,7481
18,14526
18,13289
18,425
18,10466
18,9564
18,13902
18,3856
18,12757
18,4029
18,6459
18,3519
18,5823
18,8964
18,15575
18,11331
18,3469
18,15127
18,16123
18,7853
18,1867
18,7748
18,14088
18,12891
18,3394
18,7868
18,270
18,1856
18,17383
18,1472
18,17263
18,12011
18,14299
18,9738
18,17370
18,16991
18,16440
18,14855
18,13552
18,13024
18,4556
18,5206
18,2355
18,14031
18,2819
18,104
18,1022
18,13146
18,10952
18,7283
18,10663
18,13133
18,13035
18,4325
18,10635
18,4727
18,4017
18,4922
18,11192
18,6339
18,4928
18,3978
18,2377
18,12468
18,16485
18,15791
18,12975
18,15381
18,2909
18,13212
18,8679
18,1727
18,14142
18,5112
18,7444
18,201
18,9898
18,5069
18,2668
18,638
18,4050
18,12795
18,6369
18,11031
18,6380
18,8281
18,11738
18,16397
18,7623
18,12329
18,3695
18,4683
18,1887
18,15487
18,1482
18,6521
18,6211
18,4306
18,6640
18,5975
18,4169
18,4392
18,4200
18,342
18,3834
18,9159
18,6093
18,8953
18,3373
18,11452
18,4079
18,9127
18,14063
18,8537
18,14218
18,16219
18,1201
18,663
18,12434
18,2753
18,13358
18,13927
18,15071
18,166
18,4485
18,7571
18,11909
18,16076
18,14472
18,16100
18,4529
18,9149
18,11414
18,16523
18,8638
18,6644
18,1047
18,8290
18,10141
18,14945
18,467
18,1257
18,10214
18,9262
18,12762
18,11670
18,13454
18,12386
18,17089
18,13819
18,900
18,7448
18,15431
18,3130
18,324
18,16390
18,7808
18,12963
18,1331
18,8842
18,7069
18,9901
18,4871
18,16732
18,3870
18,13987
18,5386
18,1554
18,16070
18,4350
18,16216
18,8061
18,2823
18,5190
18,5795
18,2243
18,14102
18,10048
18,1460
18,8142
18,14084
18,16200
18,6861
18,4945
18,2221
18,6923
18,16391
18,9986
18,10332
18,8285
18,6808
18,9373
18,17053
18,9462
18,13674
18,9140
18,9719
18,16901
18,6591
18,9665
18,8534
18,1192
18,11611
18,1034
18,17338
18,2895
18,9339
18,10948
18,6075
18,3036
18,16587
18,11417
18,17100
18,5902
18,8296
18,1085
18,6732
18,12950
18,13742
18,6156
18,4651
18,7715
18,10632
18,8358
18,11638
18,11404
18,8363
18,2114
18,6760
18,9476
18,6839
18,4781
18,433
18,8078
18,4775
18,4395
18,837
18,11613
18,13418
18,11272
18,9740
18,5340
18,1131
18,9251
18,6275
18,2993
18,9059
18,7494
18,10290
18,13080
18,3798
18,17278
18,11494
18,415
18,6109
18,17226
18,10052
18,1180
18,1789
18,5398
18,13636
18,12094
18,8193
18,5352
18,14616
18,16178
18,15966
18,11046
18,5701
18,13996
18,15162
18,1426
18,1888
18,10641
18,8675
18,6662
18,939
18,13887
18,3989
18,8735
18,7096
18,631
18,138
18,534
18,6007
18,10659
18,9422
18,17016
18,14894
18,9741
18,15137
18,6761
18,10526
18,17242
18,17307
18,7018
18,7622
18,11096
18,15768
18,3443
18,10375
18,9775
18,2256
18,5498
18,6495
18,13838
18,4933
18,14194
18,16257
18,6168
18,14613
18,13438
18,13165
18,6857
18,2407
18,7787
18,4459
18,11139
18,16659
18,12151
18,16276
18,4609
18,12373
18,8252
18,12586
18,6604
18,5929
18,3023
18,259
18,14047
18,3459
18,13547
18,10498
18,17066
18,8654
18,3047
18,8608
18,12521
18,9265
18,16533
18,8132
18,10443
18,13897
18,15226
18,12074
18,15314
18,8714
18,11345
18,5277
18,15750
18,12222
18,14582
18,4166
18,16241
18,5961
18,15215
18,410
18,10941
18,11974
18,10117
18,16115
18,1279
18,10592
18,5145
18,2716
18,8408
18,11319
18,11684
18,11841
18,8617
18,9
18,13073
18,789
18,8095
18,10323
18,9867
18,7347
18,12850
18,13579
18,10216
18,1508
18,10864
18,11406
18,11230
18,5811
18,4356
18,10715
18,12000
18,11642
18,15377
18,2086
18,2912
18,11771
18,16425
18,10255
18,489
18,17344
18,9157
18,9613
18,4482
18,88
18,10180
18,6444
18,4244
18,1653
18,5620
18,13237
18,9804
18,15685
18,6430
18,6603
18,3253
18,13429
18,9994
18,2303
18,9937
18,3949
18,626
18,14681
18,9394
18,2827
18,7775
18,16129
18,8710
18,8658
18,12632
18,10522
18,9051
18,3131
18,17366
18,3885
18,8870
18,8022
18,16366
18,10115
18,13057
18,10918
18,10600
18,1661
18,15056
18,7526
18,12823
18,16996
18,16642
18,7066
18,14013
18,6338
18,263
18,6922
18,5932
18,3438
18,5379
18,172
18,11863
18,7380
18,14600
18,11981
18,9664
18,15075
18,12078
18,9795
18,2708
18,2734
18,13676
18,5208
18,910
18,5892
18,6335
18,14708
18,1517
18,16337
18,5618
18,17014
18,14629
18,16250
18,5359
18,10058
18,12871
18,17403
18,12193
18,3041
18,15084
18,8188
18,6217
18,15442
18,6067
18,13142
18,10271
18,1543
18,10814
18,14906
18,15163
18,17131
18,10245
18,13371
18,9832
18,16188
18,15111
18,12442
18,15511
18,9836
18,11675
18,3918
18,3745
18,8893
18,14759
18,11256
18,6889
18,6174
18,16238
18,622
18,16838
18,9920
18,10374
18,13485
18,13803
18,2867
18,5550
18,12403
18,2307
18,11719
18,13850
18,7530
18,361
18,3329
18,8003
18,11961
18,9597
18,9542
18,16663
18,234
18,7736
18,8668
18,13940
18,7201
18,2600
18,14137
18,10366
18,14668
18,2887
18,11905
18,2975
18,7898
18,7339
18,9562
18,6582
18,1684
18,7379
18,4814
18,10593
18,13709
18,2218
18,16298
18,15522
18,15380
18,10751
18,10126
18,2370
18,15390
18,3369
18,15169
18,9135
18,8063
18,8442
18,2498
18,4647
18,5731
18,12734
18,6425
18,3707
18,11268
18,8621
18,2417
18,7563
18,4995
18,10847
18,89
18,15222
18,7501
18,13864
18,9366
18,7644
18,6592
18,206
18,9781
18,2530
18,8195
18,7175
18,7835
18,17347
18,8135
18,2233
18,14630
18,7732
18,4774
18,3444
18,17163
18,1466
18,6506
18,13707
18,11294
18,3003
18,5280
18,17332
18,11831
18,4249
18,2798
18,14888
18,16654
18,3752
18,286
18,4069
18,9676
18,15237
18,11734
18,17399
18,9575
18,13327
18,11162
18,1800
18,9954
18,2701
18,6042
18,494
18,5315
18,2579
18,695
18,893
18,13774
18,1244
18,1306
18,16328
18,6507
18,9891
18,3012
18,9362
18,16630
18,3319
18,5920
18,2760
18,4344
18,6679
18,16150
18,16731
18,2591
18,13354
18,15557
18,10880
18,14922
18,10220
18,13136
18,11515
18,15521
18,5573
18,10725
18,2069
18,12753
18,16205
18,15441
18,8708
18,6779
18,15733
18,12003
18,12723
18,12502
18,3345
18,4790
18,10893
18,8360
18,2842
18,10503
18,9594
18,16273
18,979
18,9694
18,4748
18,16385
18,10005
18,13826
18,7000
18,8280
18,6693
18,751
18,11117
18,2893
18,15096
18,5510
18,17448
18,7265
18,14760
18,12509
18,5326
18,8565
18,4213
18,6573
18,8950
18,9405
18,11865
18,7153
18,10143
18,6454
18,5809
18,11380
18,3902
18,17486
18,3429
18,5755
18,12419
18,16157
18,8385
18,10299
18,5782
18,9619
18,3590
18,1717
18,6218
18,9433
18,7955
18,11507
18,11270
18,16730
18,11547
18,16551
18,6637
18,426
18,13531
18,13704
18,3628
18,8186
18,12921
18,14679
18,15787
18,5527
19,10424
19,11035
19,16483
19,7128
19,16415
19,450
19,6813
19,5568
19,3942
19,6591
19,14223
19,12835
19,8988
19,763
19,10816
19,14431
19,566
19,5926
19,13986
19,136
19,1405
19,8832
19,3176
19,9874
19,15283
19,3206
19,9540
19,13623
19,12523
19,5235
19,2672
19,12058
19,17230
19,14084
19,16643
19,8880
19,16539
19,16556
19,934
19,5179
19,2233
19,11744
19,10181
19,11444
19,13682
19,15376
19,5135
19,13058
19,673
19,15411
19,1910
19,8499
19,2568
19,764
19,4218
19,9522
19,6996
19,4376
19,17062
19,10272
19,6038
19,10107
19,15473
19,2592
19,15738
19,8718
19,10346
19,1019
19,15581
19,11965
19,10082
19,9181
19,3050
19,11513
19,14824
19,221
19,11507
19,4215
19,9595
19,11540
19,7457
19,16257
19,16235
19,5654
19,5616
19,10983
19,2793
19,13356
19,65
19,12859
19,4374
19,14059
19,6119
19,7383
19,1380
19,3017
19,2711
19,5518
19,9318
19,9069
19,140
19,12050
19,150
19,10608
19,17048
19,15856
19,13324
19,6923
19,8385
19,3820
19,15241
19,9768
19,983
19,11932
19,11383
19,12588
19,4781
19,1916
19,3964
19,5224
19,9940
19,11778
19,11983
19,5922
19,6579
19,3384
19,6249
19,3883
19,10297
19,16157
19,15485
19,11834
19,7074
19,13275
19,10349
19,17178
19,12343
19,14174
19,3186
19,2077
19,10136
19,3890
19,3605
19,15394
19,14255
19,14309
19,14863
19,11409
19,13999
19,7854
19,11094
19,2115
19,9773
19,6743
19,13965
19,12704
19,4933
19,14529
19,16989
19,4408
19,9205
19,4449
19,1150
19,6203
19,7054
19,14962
19,10626
19,874
19,11957
19,8415
19,3906
19,3272
19,2593
19,1431
19,9691
19,9942
19,168
19,7282
19,3853
19,5372
19,4108
19,7417
19,5757
19,11437
19,11726
19,12234
19,15852
19,13719
19,9904
19,2946
19,17391
19,7901
19,13940
19,5191
19,14938
19,3474
19,600
19,6972
19,4269
19,8558
19,10334
19,189
19,7001
19,8488
19,12857
19,3082
19,663
19,14907
19,8483
19,1440
19,14252
19,1659
19,4951
19,8674
19,12454
19,11796
19,16576
19,6778
19,14044
19,10850
19,6176
19,3754
19,2279
19,13905
19,15185
19,10336
19,6909
19,13660
19,3351
19,6635
19,3048
19,14490
19,7787
19,4939
19,8574
19,15750
19,2264
19,9600
19,6099
19,4812
19,8379
19,13321
19,7500
19,15327
19,2141
19,3282
19,2940
19,15862
19,7560
19,4367
19,10046
19,6410
19,5360
19,11341
19,3924
19,11639
19,289
19,17438
19,5169
19,2857
19,9797
19,7335
19,4979
19,5026
19,6156
19,11939
19,2551
19,376
19,11188
19,8607
19,6606
19,10194
19,14262
19,2553
19,5123
19,8699
19,685
19,11302
19,12682
19,10310
19,9620
19,2721
19,8969
19,11803
19,677
19,4500
19,16203
19,11669
19,4175
19,16093
19,16116
19,9829
19,7070
19,8892
19,5900
19,15757
19,17398
19,16007
19,8815
19,13493
19,9569
19,16950
19,6991
19,3868
19,921
19,8763
19,15347
19,472
19,14345
19,4296
19,15807
19,5232
19,5245
19,3494
19,10756
19,9923
19,16225
19,4683
19,16265
19,1681
19,6059
19,5053
19,10864
19,15786
19,15488
19,16964
19,6085
19,15767
19,12094
19,3455
19,17058
19,10545
19,16030
19,8511
19,1243
19,5885
19,17029
19,4042
19,3460
19,17332
19,7728
19,11501
19,17376
19,9841
19,9087
19,5249
19,17141
19,17423
19,13479
19,13268
19,893
19,14631
19,3363
19,17064
19,246
19,16595
19,17307
19,16946
19,17354
19,24
19,4146
19,6893
19,7614
19,497
19,10990
19,16512
19,12601
19,1177
19,15560
19,13427
19,7544
19,6140
19,10781
19,2539
19,3938
19,6487
19,17371
19,13762
19,16956
19,1168
19,16707
19,8015
19,5112
19,7424
19,7384
19,8329
19,16110
19,8461
19,13179
19,12334
19,10898
19,7072
19,13825
19,16534
19,9120
19,15028
19,14913
19,10884
19,5107
19,2061
19,3150
19,16851
19,7989
19,13987
19,16920
19,15051
19,319
19,15686
19,3553
19,23
19,10225
19,14139
19,17350
19,1318
19,1227
19,11007
19,4318
19,14902
19,8551
19,11701
19,12989
19,8524
19,7501
19,15672
19,9162
19,15260
19,377
19,2476
19,10362
19,7926
19,8525
19,13004
19,2874
19,15287
19,3587
19,1885
19,13993
19,4705
19,7259
19,16605
19,2208
19,15467
19,15830
19,145
19,9988
19,8685
19,14822
19,4533
19,10371
19,12543
19,16297
19,2147
19,13031
19,8491
19,4259
19,12938
19,2417
19,7132
19,13732
19,4479
19,4548
19,4183
19,2113
19,12625
19,13550
19,6263
19,1550
19,12730
19,5611
19,8594
19,892
19,16845
19,5693
19,922
19,4811
19,14170
19,14658
19,15991
19,3471
19,17026
19,16575
19,1226
19,3592
19,591
19,7270
19,11813
19,5171
19,10322
19,537
19,3245
19,4335
19,15896
19,5226
19,9556
19,15649
19,6998
19,12831
19,4611
19,9495
19,457
19,3803
19,1014
19,16972
19,1513
19,2149
19,10665
19,8442
19,1794
19,14350
19,12753
19,12846
19,15348
19,8242
19,16488
19,10539
19,3259
19,1584
19,1007
19,1999
19,14360
19,7215
19,3257
19,13200
19,10831
19,11027
19,2240
19,16940
19,3208
19,9977
19,4172
19,3958
19,11916
19,10025
19,9693
19,6136
19,7660
19,10215
19,16077
19,623
19,11794
19,9651
19,16423
19,4880
19,14041
19,6967
19,7363
19,2251
19,7051
19,13566
19,655
19,8936
19,4731
19,15190
19,10395
19,5306
19,12877
19,3496
19,7090
19,1178
19,16317
19,14834
19,17477
19,14228
19,3864
19,3502
19,9223
19,17375
19,8399
19,9375
19,15702
19,3154
19,8826
19,8814
19,935
19,7437
19,5324
19,5864
19,14823
19,11563
19,14450
19,15515
19,7434
19,12996
19,10894
19,4739
19,10298
19,7399
19,8537
19,6662
19,9635
19,12804
19,4058
19,9309
19,7548
19,9265
19,11712
19,9270
19,3454
19,7655
19,9381
19,7766
19,11809
19,3489
19,3213
19,11579
19,1181
19,9443
19,9092
19,10854
19,14509
19,12252
19,8907
19,11864
19,14897
19,1223
19,13586
19,11816
19,1989
19,4622
19,4522
19,7309
19,17007
19,13802
19,2461
19,15584
19,13184
19,11389
19,12823
19,6360
19,5698
19,11282
19,13588
19,1827
19,7773
19,13238
19,14146
19,7780
19,10806
19,3318
19,14216
19,10209
19,7545
19,3311
19,16753
19,14497
19,16913
19,11627
19,7651
19,13585
19,9050
19,13397
19,9058
19,9259
19,14856
19,4774
19,14566
19,11087
19,4686
19,3618
19,8654
19,1140
19,3078
19,9192
19,15435
19,8087
19,10389
19,9485
19,1151
19,6478
19,8147
19,10206
19,1156
19,3648
19,10162
19,10813
19,5898
19,1120
19,9012
19,1023
19,3038
19,14794
19,10941
19,2876
19,6236
19,17336
19,16905
19,9014
19,13137
19,14303
19,2490
19,6940
19,11361
19,16807
19,17023
19,7735
19,11287
19,5050
19,11954
19,5766
19,8943
19,5230
19,4563
19,2581
19,15437
19,11469
19,10003
19,6545
19,8009
19,6829
19,2223
19,1908
19,12647
19,7154
19,14534
19,2327
19,12783
19,14774
19,12300
19,5531
19,2103
19,10216
19,15121
19,4801
19,11758
19,14317
19,13407
19,8958
19,10164
19,14673
19,11356
19,4066
19,4733
19,9832
19,11301
19,12948
19,15332
19,7194
19,9497
19,13894
19,15871
19,6681
19,6653
19,16474
19,10807
19,12587
19,8460
19,11461
19,14435
19,14511
19,6328
19,1448
19,932
19,3993
19,4696
19,14583
19,5578
19,11147
19,14597
19,15484
19,3842
19,7806
19,4048
19,4195
19,11004
19,7736
19,14386
19,5792
19,12612
19,3235
19,11382
19,1983
19,5190
19,16794
19,12512
19,10812
19,10223
19,12856
19,1867
19,15139
19,3927
19,15707
19,6966
19,12245
19,3061
19,6390
19,7365
19,2542
19,5227
19,13814
19,2019
19,7341
19,16041
19,15440
19,6660
19,11449
19,16002
19,12694
19,2401
19,2621
19,12721
19,4836
19,17351
19,3236
19,16036
19,12467
19,1757
19,7053
19,8745
19,3442
19,15058
19,29
19,3755
19,1913
19,4566
19,8794
19,1732
19,12048
19,1680
19,8196
19,31
19,6073
19,5927
19,2659
19,6515
19,12315
19,9542
19,6453
19,16999
19,4009
19,16873
19,12081
19,17150
19,5612
19,14440
19,1846
19,6251
19,5868
19,15076
19,1489
19,17434
19,6898
19,1736
19,1342
19,528
19,15345
19,8101
19,2217
19,15096
19,8545
19,2637
19,2984
19,17015
19,576
19,2374
19,3887
19,886
19,8079
19,15017
19,12906
19,6870
19,1733
19,15511
19,16637
19,11824
19,2064
19,15142
19,6005
19,9320
19,13539
19,8515
19,3374
19,9100
19,2849
19,6015
19,10275
19,460
19,13270
19,139
19,3600
19,416
19,7408
19,12046
19,7732
19,6877
19,10427
19,11616
19,12141
19,11998
19,9720
19,17158
19,16306
19,5797
19,6593
19,15222
19,17353
19,5899
19,2527
19,2492
19,1463
19,2777
19,4078
19,808
19,10797
19,6744
19,14113
19,7311
19,6194
19,2912
19,11905
19,8414
19,15238
19,4256
19,12868
19,5500
19,11973
19,7080
19,12228
19,14076
19,7573
19,5893
19,10975
19,1087
19,12469
19,2031
19,2049
19,4525
19,15320
19,10815
19,12535
19,15638
19,11770
19,14010
19,3628
19,4711
19,13994
19,10024
19,9833
19,9899
19,3294
19,7724
19,8048
19,4690
19,15932
19,1347
19,17171
19,6442
19,13282
19,12229
19,2277
19,13219
19,732
19,6874
19,6836
19,5108
19,5390
19,8006
19,1447
19,4562
19,2110
19,16186
19,3806
19,7342
19,14268
19,13946
19,5433
19,4987
19,5836
19,7905
19,14145
19,7492
19,5136
19,14356
19,229
19,15444
19,10314
19,10038
19,12665
19,16146
19,13411
19,13448
19,4587
19,14920
19,10294
19,13481
19,13071
19,132
19,15426
19,15232
19,3836
19,10217
19,3291
19,2919
19,9399
19,8073
19,16809
19,532
19,6321
19,15220
19,10073
19,15346
19,3161
19,14129
19,6605
19,16808
19,7975
19,6450
19,16584
19,8279
19,10833
19,6364
19,2591
19,12310
19,8351
19,8949
19,6456
19,14652
19,16494
19,6342
19,14805
19,11814
19,6607
19,8504
19,1021
19,13831
19,1269
19,3425
19,8793
19,17137
19,15841
19,14028
19,13331
19,3617
19,16955
19,9760
19,6037
19,9429
19,15040
19,8987
19,1382
19,2430
19,3398
19,4443
19,7479
19,4772
19,17441
19,4053
19,11291
19,14527
19,8968
19,5618
19,11118
19,13574
19,2472
19,15427
19,12709
19,7108
19,10586
19,7734
19,4234
19,8334
19,1789
19,12808
19,4181
19,1957
19,14687
19,9811
19,2057
19,8283
19,12407
19,342
19,17033
19,9175
19,260
19,2009
19,16599
19,8626
19,11831
19,4456
19,12020
19,10472
19,15476
19,5018
19,6417
19,12172
19,17072
19,4965
19,15115
19,14102
19,14323
19,4219
19,10065
19,6811
19,14196
19,3867
19,16014
19,1364
19,7677
19,6869
19,14144
19,15688
19,5729
19,12719
19,14647
19,16723
19,16606
19,13253
19,16485
19,11858
19,2160
19,11373
19,14047
19,9628
19,15454
19,9113
19,7904
19,1555
19,4073
19,5538
19,5796
19,3724
19,9544
19,13914
19,9466
19,12585
19,16752
19,6750
19,2915
19,9408
19,5659
19,3124
19,16629
19,6828
19,119
19,5389
19,5064
19,62
19,6000
19,2467
19,1420
19,3162
19,6762
19,4712
19,16288
19,3323
19,8534
19,13426
19,9286
19,15822
19,2188
19,15
19,9258
19,17122
19,4540
19,11866
19,4868
19,14464
19,7999
19,6671
19,6268
19,8214
19,6204
19,15725
19,12654
19,5366
19,5516
19,4528
19,10799
19,11099
19,14396
19,5773
19,102
19,17044
19,965
19,6580
19,10154
19,10416
19,16435
19,6617
19,5884
19,11919
19,6374
19,4489
19,637
19,14021
19,4729
19,15455
19,11235
19,14707
19,4943
19,4501
19,7703
19,6862
19,8074
19,16736
19,9414
19,9778
19,16025
19,13431
19,16005
19,7542
19,6353
19,196
19,8980
19,4640
19,11697
19,6380
19,13885
19,12575
19,9367
19,14615
19,13382
19,6570
19,9068
19,2308
19,9492
19,6464
19,14813
19,15161
19,5742
19,2522
19,2091
19,1396
19,1536
19,5870
19,16335
19,14802
19,5392
19,11924
19,9708
19,8603
19,14859
19,10317
19,4679
19,1998
19,2372
19,16547
19,16628
19,5457
19,16844
19,10567
19,1926
19,1404
19,15802
19,4468
19,14072
19,5650
19,4798
19,6290
19,12149
19,3524
19,7764
19,7749
19,14866
19,9812
19,8749
19,16739
19,13225
19,5973
19,14762
19,1491
19,7630
19,1795
19,3761
19,2605
19,431
19,14135
19,6736
19,8726
19,10159
19,2
19,2039
19,7410
19,1993
19,8039
19,3498
19,3703
19,6334
19,2453
19,2649
19,12309
19,8149
19,8866
19,9483
19,4121
19,12088
19,9732
19,6432
19,882
19,5261
19,10128
19,107
19,1198
19,14020
19,12620
19,6122
19,606
19,791
19,3795
19,11830
19,3570
19,12504
19,15147
19,1394
19,10517
19,5541
19,17174
19,4138
19,9190
19,4049
19,7641
19,5560
19,4166
19,1369
19,4212
19,1436
19,15141
19,367
19,3749
19,14302
19,5474
19,9090
19,16167
19,9807
19,4160
19,1048
19,9438
19,850
19,9001
19,5347
19,3894
19,1422
19,12187
19,4306
19,2820
19,11468
19,15006
19,1669
19,5357
19,17395
19,10438
19,14496
19,94
19,1359
19,16042
19,14941
19,664
19,2317
19,12312
19,1115
19,15030
19,15858
19,10911
19,16659
19,4291
19,13860
19,2102
19,5015
19,13468
19,16358
19,9218
19,2352
19,14191
19,3991
19,8231
19,37
19,2787
19,7374
19,15432
19,11704
19,3718
19,11249
19,8715
19,5193
19,3403
19,9054
19,799
19,203
19,915
19,2604
19,4799
19,154
19,9211
19,7898
19,1045
19,10957
19,12920
19,17134
19,6406
19,15181
19,10108
19,582
19,13964
19,8311
19,448
19,11252
19,13745
19,16895
19,1814
19,13364
19,9235
19,14895
19,909
19,323
19,13028
19,15969
19,15514
19,1035
19,185
19,11532
19,6569
19,8209
19,9315
19,11102
19,577
19,16242
19,3544
19,13896
19,9707
19,9454
19,6654
19,6387
19,4047
19,8929
19,9447
19,4923
19,5808
19,1398
19,3275
19,7693
19,9757
19,11098
19,7814
19,6168
19,12714
19,10526
19,1566
19,13072
19,11392
19,8056
19,10710
19,15034
19,3287
19,15097
19,8600
19,15288
19,13323
19,12145
19,10260
19,7937
19,5206
19,16772
19,12636
19,3845
19,10137
19,9026
19,11592
19,6709
19,4516
19,14877
19,16323
19,1340
19,14258
19,7510
19,4434
19,9713
19,4313
19,4814
19,16897
19,13739
19,8464
19,11082
19,9462
19,17437
19,4207
19,1439
19,604
19,7464
19,7307
19,14332
19,13545
19,7406
19,12706
19,9363
19,5048
19,8599
19,10682
19,8134
19,4383
19,441
19,5379
19,5265
19,9561
19,3247
19,2933
19,14248
19,10435
19,929
19,10258
19,13685
19,4638
19,8648
19,13757
19,2720
19,9744
19,10644
19,152
19,10283
19,11764
19,3796
19,16009
19,16169
19,10920
19,5382
19,9453
19,13531
19,13821
19,2420
19,7106
19,7583
19,9023
19,7292
19,12698
19,8509
19,11636
19,10899
19,8731
19,11286
19,8160
19,690
19,5945
19,7425
19,7458
19,12293
19,15292
19,16714
19,6680
19,8286
19,7119
19,15062
19,3270
19,11692
19,4608
19,3686
19,9002
19,3343
19,9645
19,2411
19,15846
19,6373
19,10654
19,14358
19,10150
19,5833
19,5060
19,202
19,6014
19,4339
19,7218
19,14283
19,16623
19,12559
19,15259
19,10500
19,11950
19,3893
19,4596
19,15809
19,12347
19,6070
19,16984
19,3775
19,9132
19,5962
19,16768
19,9171
19,2056
19,12966
19,12716
19,3306
19,17195
19,14817
19,16879
19,8774
19,7986
19,7025
19,12402
19,15508
19,4400
19,7662
19,13992
19,931
19,14112
19,13021
19,11802
19,4519
19,15529
19,11169
19,14814
19,5400
19,792
19,11711
19,12219
19,3782
19,13538
19,9727
19,4189
19,11918
19,9313
19,2509
19,481
19,16209
19,7468
19,12870
19,13562
19,13297
19,3901
19,1376
19,15505
19,0
19,6711
19,6482
19,12779
19,15486
19,12478
19,15095
19,13546
19,8259
19,13438
19,2179
19,3212
19,9306
19,14760
19,423
19,12985
19,2894
19,8058
19,7856
19,6796
19,3023
19,2562
19,4782
19,7158
19,634
19,1252
19,13937
19,8345
19,2657
19,15373
19,12947
19,14181
19,11368
19,11168
19,9553
19,11946
19,10411
19,32
19,261
19,4630
19,7182
19,2046
19,7030
19,17321
19,7299
19,12281
19,15352
19,8812
19,16144
19,1372
19,17254
19,16586
19,9457
19,13347
19,1437
19,11295
19,10437
19,7029
19,5470
19,2560
19,10995
19,8947
19,8938
19,9587
19,7816
19,8659
19,11817
19,3810
19,9013
19,17135
19,11101
19,3700
19,1625
19,17216
19,17095
19,16675
19,1667
19,17228
19,4418
19,6529
19,16292
19,11728
19,3342
19,8707
19,14125
19,505
19,15546
19,5167
19,16465
19,568
19,8501
19,8431
19,14307
19,11865
19,2598
19,10187
19,12257
19,8588
19,13388
19,10934
19,14176
19,9994
19,9737
19,4454
19,16337
19,3121
19,14274
19,5246
19,4348
19,17244
19,5002
19,2479
19,6454
19,7330
19,6146
19,666
19,10276
19,1330
19,1433
19,15466
19,11103
19,8248
19,8744
19,7835
19,7116
19,15874
19,911
19,1800
19,8338
19,10856
19,982
19,12487
19,2739
19,10478
19,11331
19,5735
19,8738
19,11558
19,3777
19,7371
19,4363
19,2393
19,11006
19,15367
19,1458
19,14495
19,13276
19,887
19,2976
19,8818
19,13106
19,5423
19,11489
19,12904
19,17435
19,5467
19,12918
19,12076
19,8480
19,4917
19,12237
19,12045
19,14912
19,281
19,6333
19,6639
19,13187
19,17440
19,5410
19,16578
19,14051
19,11987
19,17105
19,4344
19,4574
19,13849
19,15586
19,5736
19,6329
19,1185
19,515
19,2340
19,12391
19,2117
19,2595
19,12579
19,16685
19,3567
19,5932
19,11757
19,4932
19,352
19,12531
19,1165
19,6093
19,13652
19,15050
19,11759
19,3756
19,3683
19,9814
19,2145
19,804
19,15641
19,14430
19,2205
19,14426
19,12608
19,10568
19,10711
19,10564
19,9478
19,12936
19,1195
19,9895
19,773
19,6946
19,14189
19,12427
19,3581
19,593
19,14382
19,15385
19,4973
19,5473
19,12446
19,6079
19,5600
19,8077
19,14374
19,11811
19,13096
19,6511
19,3310
19,1776
19,9929
19,12510
19,3766
19,1583
19,721
19,11682
19,11646
19,6077
19,5859
19,7416
19,14689
19,16160
19,14061
19,7743
19,1577
19,618
19,5200
19,369
19,3714
19,13119
19,3579
19,15796
19,16900
19,13610
19,1418
19,16562
19,8758
19,10809
19,5378
19,8000
19,3396
19,2059
19,5609
19,6669
19,12648
19,8995
19,9932
19,1829
19,15031
19,12889
19,6459
19,8130
19,4653
19,10127
19,8069
19,1958
19,7596
19,8643
19,12609
19,8787
19,403
19,4631
19,2477
19,1383
19,5280
19,10284
19,14414
19,14016
19,14636
19,9327
19,10327
19,13664
19,6795
19,6665
19,10394
19,2107
19,17221
19,4998
19,2547
19,10405
19,8204
19,15279
19,4366
19,5444
19,1569
19,12435
19,13906
19,12424
19,10232
19,12140
19,11599
19,9342
19,999
19,4493
19,11638
19,9570
19,14081
19,11223
19,6964
19,12666
19,8834
19,15167
19,5237
19,14413
19,13786
19,7880
19,6932
19,15039
19,15235
19,8049
19,16347
19,5918
19,10433
19,9665
19,8190
19,15644
19,8623
19,14978
19,7514
19,9640
19,14782
19,1961
19,13078
19,15962
19,7943
19,16108
19,9200
19,2571
19,4013
19,3123
19,15069
19,2958
19,10270
19,14056
19,12432
19,9468
19,5356
19,13093
19,14339
19,7187
19,6305
19,3892
19,12774
19,2775
19,10474
19,3316
19,7711
19,7941
19,4902
19,2000
19,13976
19,13326
19,7533
19,13294
19,1525
19,689
19,14287
19,10633
19,11766
19,13221
19,2610
19,2603
19,4883
19,13327
19,1687
19,10878
19,3237
19,5305
19,9879
19,484
19,4475
19,17403
19,13879
19,8830
19,4014
19,11439
19,675
19,15239
19,4535
19,616
19,8868
19,12399
19,486
19,9716
19,14389
19,11520
19,16102
19,7878
19,9482
19,4200
19,267
19,1176
19,3067
19,7297
19,9752
19,16894
19,7263
19,12336
19,14075
19,105
19,9427
19,274
19,8877
19,17051
19,10140
19,2800
19,3332
19,5158
19,4250
19,3996
19,317
19,16954
19,11176
19,11419
19,4695
19,4161
19,9731
19,2165
19,6859
19,8823
19,9810
19,8489
19,17151
19,16026
19,8466
19,4527
19,7834
19,7329
19,3982
19,14718
19,15439
19,7129
19,15797
19,16048
19,3516
19,13
19,16318
19,11236
19,10091
19,16287
19,14710
19,1409
19,13457
19,8590
19,10075
19,10175
19,782
19,14326
19,5622
19,12937
19,15188
19,4031
19,976
19,3126
19,7578
19,13250
19,16993
19,5073
19,1366
19,15983
19,10286
19,16248
19,11506
19,9794
19,15474
19,14543
19,4941
19,3534
19,5576
19,9271
19,9236
19,1503
19,4254
19,10965
19,3959
19,148
19,10493
19,1052
19,13676
19,5794
19,3729
19,14599
19,2971
19,17446
19,2615
19,10706
19,7052
19,6627
19,11844
19,7594
19,12018
19,5644
19,16046
19,4281
19,8180
19,14235
19,2499
19,13985
19,4309
19,11350
19,4907
19,15893
19,4806
19,2742
19,16311
19,1050
19,8827
19,14724
19,10928
19,10632
19,9336
19,56
19,3012
19,8266
19,14644
19,9316
19,4050
19,16430
19,1711
19,7378
19,3221
19,1362
19,438
19,4235
19,11641
19,7896
19,2485
19,3412
19,4802
19,9488
19,10029
19,8824
19,5734
19,7339
19,4953
19,10882
19,11545
19,8874
19,4693
19,6705
19,15152
19,10208
19,447
19,16511
19,4465
19,15593
19,15487
19,14556
19,11164
19,1512
19,14987
19,17469
19,12644
19,6485
19,16621
19,2821
19,3452
19,442
19,2196
19,17317
19,11651
19,3482
19,6986
19,5798
19,825
19,12963
19,12701
19,7207
19,5003
19,720
19,14475
19,863
19,6947
19,4750
19,10954
19,15891
19,6256
19,7790
19,2269
19,8408
19,14230
19,3743
19,5563
19,10529
19,3261
19,2022
19,2627
19,12013
19,11535
19,13408
19,11628
19,526
19,1321
19,11762
19,2802
19,7081
19,5645
19,13336
19,12842
19,3889
19,9127
19,693
19,1287
19,1944
19,13911
19,9922
19,10790
19,2619
19,10312
19,12676
19,8720
19,7572
19,5664
19,8806
19,12582
19,11862
19,3674
19,14071
19,11575
19,1205
19,5596
19,15309
19,15391
19,3361
19,12238
19,11123
19,17475
19,8570
19,9456
19,12731
19,17215
19,16663
19,7170
19,8018
19,10374
19,14127
19,15908
19,8470
19,1402
19,15098
19,14614
19,13830
19,15599
19,16052
19,14845
19,258
19,8168
19,10053
19,2690
19,8712
19,13405
19,1832
19,9314
19,7294
19,5589
19,1446
19,8363
19,14052
19,11023
19,13391
19,7869
19,16785
19,6918
19,6127
19,16000
19,8238
19,13272
19,10938
19,8319
19,4842
19,3046
19,756
19,4422
19,6881
19,7057
19,6875
19,11045
19,6880
19,10774
19,10701
19,9009
19,5103
19,2514
19,6222
19,9531
19,682
19,16885
19,7866
19,8493
19,15433
19,9527
19,4843
19,7509
19,17305
19,688
19,3087
19,16466
19,2921
19,1545
19,4394
19,13136
19,2378
19,2371
19,13458
19,9721
19,1061
19,7844
19,17003
19,14659
19,15208
19,16449
19,614
19,5804
19,6238
19,6457
19,10111
19,15315
19,16117
19,16594
19,17115
19,328
19,2231
19,14679
19,287
19,5928
19,15838
19,4357
19,3640
19,5934
19,14667
19,8093
19,4457
19,8610
19,15917
19,1182
19,8124
19,11747
19,3739
19,3522
19,1208
19,16076
19,14428
19,8627
19,4515
19,4133
19,12949
19,13519
19,14542
19,5424
19,5743
19,7738
19,1712
19,1807
19,1209
19,13447
19,11086
19,14730
19,9990
19,2903
19,7609
19,12845
19,3085
19,20
19,2421
19,11225
19,1619
19,7350
19,11195
19,1969
19,3429
19,2445
19,7242
19,15344
19,4446
19,12699
19,4651
19,10657
19,2433
19,9017
19,498
19,2415
19,6552
19,10228
19,4248
19,7003
19,8571
19,14639
19,6131
19,5682
19,16168
19,4494
19,12311
19,5093
19,3759
19,15029
19,769
19,5042
19,17313
19,1451
19,15203
19,7366
19,427
19,16715
19,4956
19,14967
19,1411
19,6106
19,1054
19,3920
19,15976
19,2283
19,6325
19,4624
19,16909
19,2475
19,9041
19,3488
19,494
19,9785
19,7818
19,8040
19,16420
19,7528
19,6854
19,676
19,953
19,5345
19,7470
19,4612
19,12940
19,3851
19,6039
19,11662
19,3258
19,9257
19,12287
19,1166
19,1697
19,2480
19,14874
19,4224
19,17127
19,1798
19,4605
19,343
19,283
19,4320
19,16379
19,4157
19,4595
19,991
19,9063
19,16486
19,10542
19,7261
19,8110
19,7938
19,12433
19,3646
19,13249
19,5604
19,7644
19,2725
19,2300
19,12693
19,7884
19,11193
19,16869
19,6102
19,2641
19,6624
19,523
19,13306
19,11062
19,10347
19,2917
19,1876
19,4974
19,2808
19,14842
19,5646
19,14086
19,1138
19,3957
19,4022
19,9852
19,10950
19,2579
19,9597
19,9830
19,4498
19,15824
19,9865
19,9397
19,6987
19,3726
19,13725
19,13823
19,11749
19,536
19,10002
19,12687
19,9689
19,12827
19,14405
19,6433
19,8909
19,2506
19,13023
19,16166
19,9425
19,7389
19,992
19,10712
19,5426
19,8865
19,6546
19,2267
19,11857
19,11480
19,5617
19,2210
19,6027
19,12107
19,4130
19,16656
19,12154
19,463
19,5216
19,4358
19,2230
19,11736
19,1581
19,11110
19,9957
19,7622
19,12421
19,8402
19,14626
19,7107
19,1377
19,2873
19,9018
19,13083
19,2875
19,14792
19,8246
19,14753
19,15748
19,14818
19,14624
19,11952
19,13045
19,17092
19,6407
19,11684
19,7233
19,7465
19,15902
19,10617
19,1535
19,15992
19,3744
19,7004
19,6844
19,3747
19,14008
19,8475
19,3643
19,642
19,4867
19,1130
19,16047
19,12069
19,10421
19,6793
19,13515
19,6668
19,3216
19,9958
19,6897
19,13903
19,2370
19,12019
19,1148
19,17147
19,16286
19,16544
19,6213
19,15884
19,5133
19,17024
19,3137
19,4178
19,15676
19,830
19,16607
19,9019
19,9167
19,10842
19,4598
19,504
19,1742
19,4433
19,11706
19,3190
19,4342
19,12106
19,7654
19,15899
19,15628
19,13242
19,14193
19,1746
19,11608
19,2297
19,4294
19,12640
19,10705
19,16505
19,17474
19,4125
19,16396
19,9123
19,15358
19,2157
19,13428
19,9067
19,16979
19,10692
19,9208
19,6686
19,15405
19,11609
19,9093
19,12945
19,14408
19,17121
19,4188
19,1083
19,1139
19,9677
19,9340
19,8698
19,17258
19,4903
19,6707
19,2398
19,16315
19,14498
19,555
19,13434
19,3182
19,2112
19,10299
19,9999
19,9557
19,3357
19,6089
19,1594
19,12158
19,13630
19,12169
19,3148
19,5562
19,12077
19,16825
19,6317
19,4478
19,13396
19,6782
19,12518
19,13381
19,9193
19,14678
19,10770
19,4410
19,7631
19,4271
19,2683
19,6304
19,15950
19,16163
19,17319
19,14944
19,10562
19,16089
19,10488
19,1049
19,15623
19,222
19,3497
19,10234
19,10105
19,10825
19,1249
19,8713
19,4567
19,9266
19,7035
19,15460
19,8492
19,7678
19,8278
19,14019
19,6636
19,8816
19,8869
19,1113
19,1629
19,3734
19,16513
19,2671
19,4900
19,6594
19,13180
19,11694
19,4835
19,13858
19,6237
19,2624
19,10619
19,8500
19,273
19,5873
19,12155
19,8146
19,5109
19,15811
19,12739
19,8625
19,1889
19,15280
19,6999
19,12594
19,8088
19,436
19,5708
19,12550
19,1759
19,2900
19,3609
19,12881
19,13107
19,16043
19,14985
19,7712
19,15732
19,7267
19,9501
19,6674
19,10253
19,3769
19,366
19,16986
19,2426
19,10288
19,16367
19,13695
19,13360
19,14657
19,320
19,9793
19,9555
19,7789
19,2355
19,4079
19,9474
19,9983
19,1282
19,8325
19,11175
19,10198
19,2536
19,1452
19,1
19,17483
19,14165
19,5785
19,7031
19,7241
19,405
19,2062
19,17075
19,16336
19,14628
19,3807
19,10477
19,13395
19,9947
19,1869
19,425
19,5057
19,15021
19,13001
19,11823
19,9107
19,1186
19,13979
19,13749
19,869
19,10028
19,5146
19,4643
19,14377
19,5201
19,11365
19,15027
19,15677
19,6827
19,3746
19,10945
19,17183
19,14199
19,4509
19,7411
19,5544
19,226
19,13656
19,10931
19,12338
19,12011
19,4158
19,3624
19,14500
19,92
19,13809
19,1170
19,13053
19,3792
19,5406
19,16037
19,16404
19,4940
19,13094
19,3155
19,17142
19,176
19,11533
19,3139
19,7103
19,9055
19,14355
19,10955
19,10708
19,4512
19,10587
19,16935
19,10551
19,14197
19,13874
19,13174
19,11303
19,1830
19,15883
19,12660
19,12548
19,7935
19,10951
19,8893
19,3819
19,12092
19,14922
19,13826
19,4684
19,1169
19,4961
19,16710
19,10050
19,5186
19,10034
19,8593
19,4037
19,16348
19,5506
19,2834
19,9748
19,13839
19,4391
19,3406
19,9560
19,14297
19,13563
19,10762
19,11386
19,4507
19,3211
19,11318
19,4103
19,2391
19,8544
19,14702
19,17480
19,10929
19,15118
19,16023
19,14595
19,8081
19,14468
19,8476
19,3506
19,9698
19,17213
19,12349
19,6372
19,7007
19,14321
19,7894
19,12344
19,6629
19,9078
19,12341
19,7210
19,9823
19,5782
19,1530
19,12297
19,6340
19,10236
19,1384
19,17390
19,5436
19,6491
19,9082
19,13780
19,12633
19,12428
19,9117
19,341
19,10130
19,7293
19,1425
19,17006
19,16475
19,17032
19,12592
19,1134
19,12673
19,6335
19,14603
19,14341
19,3730
19,1022
19,13869
19,10479
19,14632
19,1005
19,805
19,15978
19,2724
19,12137
19,6180
19,7401
19,1126
19,14046
19,10870
19,1037
19,2037
19,5205
19,7517
19,16044
19,4466
19,1891
19,997
19,650
19,6666
19,11180
19,51
19,10636
19,11572
19,12101
19,12273
19,15126
19,7761
19,15977
19,4091
19,15726
19,15144
19,12894
19,4034
19,15880
19,7508
19,2753
19,239
19,13921
19,11450
19,6429
19,7555
19,1312
19,8199
19,1823
19,184
19,8855
19,15431
19,11621
19,5321
19,11374
19,6179
19,10043
19,5502
19,4561
19,14871
19,141
19,13862
19,7767
19,8982
19,13754
19,11914
19,15557
19,16056
19,17360
19,122
19,3439
19,7028
19,16856
19,11508
19,224
19,14320
19,4474
19,16214
19,12121
19,13603
19,3324
19,14393
19,12908
19,17419
19,9795
19,9637
19,3267
19,4749
19,6257
19,2266
19,14458
19,17344
19,640
19,8236
19,15037
19,10481
19,14538
19,1718
19,9440
19,15202
19,9239
19,4093
19,5163
19,12244
19,3286
19,9021
19,7908
19,9913
19,13500
19,8083
19,9030
19,4709
19,3265
19,2126
19,6831
19,3740
19,6512
19,14128
19,17129
19,747
19,7419
19,11308
19,13288
19,1389
19,1902
19,5668
19,14416
19,17414
19,10573
19,10057
19,11335
19,7069
19,12994
19,6017
19,13196
19,15507
19,12000
19,10959
19,9373
19,4520
19,13266
19,11731
19,5462
19,12202
19,1180
19,15795
19,7394
19,5311
19,9168
19,5791
19,16660
19,6381
19,10676
19,5098
19,986
19,2713
19,381
19,7086
19,7151
19,16074
19,11904
19,14261
19,5233
19,12505
19,11722
